trial	nz	encoder_depth	width_mult	nonlin	nsteps	bs	lr	y_loss_w	x_loss_w	recon_loss_w	seed	epochs	dev_mae	test_mae	use_block_diag	cl_of	t2d2	t3d3
1	25	2	1.0	elu	120	40	0.0009079	8.17	4	1.51	4300	3000	2.649	2.782	True	458.4	236.2	222.1
0	25	2	1.0	elu	120	40	0.0009079	8.17	4	1.51	4300	4000	2.258	2.282	True	343.7	177.2	166.5
3	29	2	1.0	elu	120	40	0.0007607	14.2	2.58	1.93	2031	3000	2.576	2.425	True	486.5	230	256.6
5	29	2	1.0	elu	120	40	0.0007809	15.1	1.67	2.56	4344	3000	2.205	2.268	True	346.8	177.5	169.2
6	28	2	1.0	elu	120	40	0.0009834	8.82	2.33	2.06	3761	4000	2.127	2.031	True	348.6	173.7	175
4	29	2	1.0	elu	120	40	0.0007809	15.1	1.67	2.56	4344	4000	2.092	2.204	True	342.2	170.3	171.9
2	29	2	1.0	elu	120	40	0.0007607	14.2	2.58	1.93	2031	4000	2.276	2.186	True	331.1	166.9	164.1
10	24	2	1.0	elu	120	40	0.001482	17.7	2.81	1.6	2414	4000	2.386	2.638	True	348.5	179.1	169.4
11	24	2	1.0	elu	120	40	0.001482	17.7	2.81	1.6	2414	3000	2.386	2.638	True	348.5	179.1	169.4
7	28	2	1.0	elu	120	40	0.0009834	8.82	2.33	2.06	3761	3000	2.357	2.378	True	325.8	162.7	163.1
9	28	2	1.0	elu	120	40	0.0007789	14	2.24	2	2596	3000	2.324	2.226	True	1038	522.4	515.2
8	28	2	1.0	elu	120	40	0.0007789	14	2.24	2	2596	4000	2.11	2.079	True	403.5	218.2	185.4
12	28	2	1.0	elu	120	40	0.0008445	16	1.62	2.95	3742	4000	2.259	2.409	True	378.9	193.2	185.7
13	28	2	1.0	elu	120	40	0.0008445	16	1.62	2.95	3742	3000	2.259	2.409	True	378.9	193.2	185.7
15	25	2	1.0	elu	120	40	0.0009353	8.12	3.88	1.66	3361	3000	2.667	2.699	True	400.3	202.5	197.7
14	25	2	1.0	elu	120	40	0.0009353	8.12	3.88	1.66	3361	4000	2.602	2.643	True	370	187.6	182.3
17	26	2	1.0	elu	120	40	0.001096	15.8	3.44	2.18	3297	3000	2.471	2.537	True	881.8	421.8	460.1
16	26	2	1.0	elu	120	40	0.001096	15.8	3.44	2.18	3297	4000	2.185	2.09	True	399.9	196.8	203.1
19	28	2	1.0	elu	120	40	0.00131	16.9	2.15	3.05	2979	3000	2.161	2.178	True	365.7	186.4	179.3
18	28	2	1.0	elu	120	40	0.00131	16.9	2.15	3.05	2979	4000	2.115	2.128	True	360.7	182.4	178.3
20	32	2	1.0	elu	120	40	0.0007531	13.3	3.34	1.75	2843	3000	2.217	2.365	True	566	296.4	269.6
22	29	2	1.0	elu	40	40	0.0004159	9.89	1.22	2.29	1979	4000	4.116	4.159	True	661	308.1	352.9
25	20	1	1.0	elu	120	40	0.0006799	8.34	2.19	1.59	3509	3000	4.042	3.14	True	705.9	361.8	344.1
23	27	2	1.0	elu	120	40	0.001731	8.98	2.55	4.01	4658	3000	2.561	2.554	True	407.3	206.5	200.8
24	32	2	1.0	elu	20	40	0.001075	9.58	4.75	3.1	2477	4000	20.43	17.79	True	1223	480.5	742.2
21	32	2	1.0	elu	120	40	0.0007531	13.3	3.34	1.75	2843	4000	2.106	2.299	True	494.9	294.9	200
26	24	3	1.0	elu	120	40	0.0004833	18.5	3.42	1.05	2502	4000	2.392	2.598	True	5955	3499	2457
27	23	2	1.0	elu	120	40	0.0004885	12.4	2.15	2.22	6648	4000	2.34	2.168	True	444.2	226.6	217.7
29	21	1	1.0	elu	120	40	0.00157	9.66	2.01	2.77	3082	4000	2.426	2.483	True	348.5	173.6	175
28	30	2	1.0	elu	120	40	0.001119	12	1.31	3.2	6077	4000	2.31	2.466	True	433.3	221.2	212
31	24	2	1.0	elu	120	80	0.001227	6.92	1.62	1.71	4362	4000	2.43	2.256	True	516.9	255	261.9
30	29	2	1.0	elu	120	40	0.0006841	11.9	3.25	4.17	730	4000	2.213	2.195	True	344.2	175.8	168.4
32	25	3	1.0	elu	120	40	0.0007135	8.68	2.11	2.93	3218	4000	2.279	1.988	True	403.3	201.5	201.8
33	32	1	1.0	elu	120	40	0.0009531	12.1	4.52	1.21	2257	4000	3.965	3.401	True	713.9	349.8	364.2
34	31	2	1.0	elu	120	40	0.0008802	5.47	1.99	1.9	2904	500	4.103	3.407	True	1075	562.9	512.3
35	23	2	1.0	elu	120	40	0.001519	13.8	1.41	3.88	4645	2000	2.551	2.279	True	530.3	277.9	252.4
36	27	2	1.0	elu	120	160	0.001113	19.8	1.01	1.95	3825	4000	3.358	2.976	True	2317	1158	1159
39	18	2	1.0	elu	120	40	0.0008521	12.8	4.69	2.41	2480	4000	2.236	2.331	True	461.8	229.5	232.4
37	26	2	1.0	gelu	120	40	0.0006657	9.03	1.58	2.31	4493	4000	2.177	2.233	True	599.3	318.4	280.9
38	29	2	1.0	elu	120	40	0.00141	8.42	3.38	1.93	2302	3000	2.404	2.627	True	464	241.2	222.7
40	23	2	1.0	elu	120	40	0.0009993	4.79	3.24	1.34	1372	4000	2.628	2.832	True	530	268.8	261.1
41	26	2	1.0	elu	120	40	0.0005528	6.65	3.32	2.33	4550	4000	2.427	2.367	True	364.1	185.7	178.4
42	24	3	1.0	elu	120	40	0.0005595	13.4	1.99	2.07	2213	4000	2.527	2.562	True	854.7	446.2	408.6
43	22	2	1.0	elu	120	40	0.0005158	16.6	1.98	2.29	3853	4000	2.459	2.454	True	446.7	215	231.8
44	30	2	1.0	elu	120	40	0.001124	10.7	4.03	2.31	4117	2000	2.55	2.469	True	695.4	363.4	332
45	28	2	1.0	elu	120	40	0.0007884	12.4	3.28	2.85	2390	4000	2.258	2.438	True	333.5	168.7	164.8
46	29	2	1.0	elu	120	40	0.001412	14.8	1.82	2.82	6050	3000	2.273	2.451	True	421.3	212.5	208.8
47	22	2	1.0	elu	120	40	0.0007841	6.99	4.97	1.45	3894	4000	2.507	2.667	True	611.5	296.8	314.7
48	29	2	1.0	relu	120	40	0.0005373	12.1	3.63	3.19	393	4000	2.735	2.719	True	7177	1846	5331
49	31	2	1.0	elu	120	40	0.0008617	9.02	6	2.09	834	4000	2.416	2.556	True	345.3	174.9	170.4
50	27	2	1.0	elu	120	40	0.0005519	12.5	1.36	2	5735	4000	2.432	2.245	True	459.9	238.1	221.8
51	30	2	1.0	elu	120	40	0.0005955	9.11	2.76	3.63	3031	4000	2.808	2.91	True	541.9	280.9	261
52	31	2	1.0	elu	120	40	0.000924	15.6	2.52	1.2	6096	4000	2.525	2.641	True	540.2	292.4	247.8
53	26	2	1.0	elu	120	40	0.001052	12.8	3.89	4.39	1391	4000	2.139	2.454	True	486.1	274.7	211.4
54	32	2	1.0	elu	120	40	0.0007233	13.8	1.68	2.25	973	4000	2.534	2.931	True	442.3	216.4	225.8
55	29	2	1.0	elu	120	40	0.0009813	17.5	3	1.61	2194	4000	2.117	2.283	True	473.5	248	225.5
56	31	2	1.0	elu	40	40	0.0005165	12.8	2.53	2.6	2649	4000	3.873	3.672	True	476.3	250	226.3
57	28	2	1.0	elu	120	40	0.0006824	13	1.87	3.09	2323	4000	2.465	2.503	True	415.9	187.2	228.7
58	30	2	1.0	elu	120	160	0.0006202	17.6	1.59	3.08	4849	4000	2.587	2.272	True	859.6	448.6	411
59	28	2	1.0	elu	120	40	0.0008898	12.7	3.32	1.48	2849	4000	2.139	2.164	True	361.2	180.4	180.9
60	28	2	1.0	elu	120	40	0.0008877	8.91	4.13	4.57	909	4000	2.313	2.468	True	369.5	172.9	196.6
61	27	2	1.0	elu	120	40	0.0006058	10.1	2.94	3.39	274	4000	2.235	2.308	True	374.8	187.2	187.6
62	27	2	1.0	elu	120	40	0.0008125	18.5	2.1	2.34	3240	4000	2.183	2.217	True	371.5	185.7	185.8
63	27	2	1.0	elu	120	40	0.001232	14	4.65	2.19	2307	4000	2.597	2.529	True	1102	497.2	604.8
64	24	2	1.0	elu	120	40	0.001174	13.2	1.74	2.78	3818	4000	2.526	2.495	True	359.9	171.9	188
66	27	2	1.0	elu	120	40	0.0007645	9.64	3.02	3.1	832	4000	2.42	2.379	True	534.5	275.4	259.2
65	29	2	1.0	elu	120	40	0.0007923	11.1	3.78	1.71	676	4000	2.057	2.08	True	357.7	182.9	174.8
68	25	2	1.0	elu	120	40	0.0007691	11.4	2.25	1.69	2966	3000	2.186	2.287	True	401.3	201.6	199.7
67	31	2	1.0	elu	120	40	0.0006686	9.43	8.08	2.24	726	4000	2.624	2.654	True	562.5	279.6	282.9
69	32	2	1.0	elu	120	40	0.0008757	13.4	3.08	2.37	858	4000	2.453	2.369	True	614.2	341.5	272.7
70	29	2	1.0	elu	120	40	0.0009562	12.4	2.57	2.37	3704	4000	2.594	2.431	True	383.5	189.1	194.4
71	27	2	1.0	elu	120	40	0.0008089	11.8	6.02	1.82	1958	4000	2.148	2.134	True	401.3	201.1	200.2
73	28	2	1.0	elu	120	40	0.000613	13.8	2.61	2.66	2005	4000	2.398	2.435	True	527	290.9	236.1
74	30	2	1.0	elu	120	40	0.0009069	13.8	2.85	2.96	1356	4000	2.813	2.609	True	387.2	196.9	190.3
72	31	2	1.0	elu	120	40	0.0009176	15.1	2.84	2	2303	4000	2.375	2.24	True	398.2	200.8	197.4
75	28	2	1.0	elu	120	40	0.0009991	9.64	2.14	1.74	1856	3000	2.351	2.594	True	406.8	219.4	187.4
76	29	2	1.0	elu	120	40	0.0009473	9.83	1.56	3.15	3858	4000	2.355	2.695	True	383.6	201.5	182.2
77	27	2	1.0	elu	120	40	0.0007294	17.1	2.94	3.34	1051	4000	2.015	1.942	True	414.1	243.1	171
78	31	2	1.0	elu	120	40	0.0008512	11.5	1.81	2.34	5168	3000	2.289	2.78	True	437.4	245.7	191.7
79	27	2	1.0	elu	120	40	0.0009243	12.8	1.75	2.55	4492	4000	2.134	2.136	True	394.6	200.5	194.1
80	29	2	1.0	elu	120	40	0.0007686	8.91	2.6	2.59	1760	4000	2.374	2.334	True	368.6	187.5	181
81	31	2	1.0	elu	120	40	0.0006623	11.7	1.51	2.81	5831	4000	2.292	2.355	True	364.1	183.3	180.8
82	29	2	1.0	elu	120	40	0.0006958	12.3	2.75	4.02	1286	4000	2.37	2.105	True	375.4	195.1	180.3
83	26	2	1.0	elu	120	40	0.0009282	9.92	3.72	2.03	2478	4000	2.433	2.53	True	425.2	207.5	217.7
84	27	2	1.0	elu	120	40	0.000823	10.7	3.66	3.72	1787	4000	2.321	2.278	True	336.7	165.6	171.1
85	28	2	1.0	elu	120	40	0.0007704	12.1	1.49	2.92	3921	3000	3.007	2.961	True	3370	2170	1200
87	27	2	1.0	elu	120	40	0.0007511	14.3	1.51	2.32	3696	4000	2.406	2.523	True	397.4	205.4	192
86	28	2	1.0	elu	120	40	0.0006228	10.9	4.19	2.38	1832	4000	2.171	2.316	True	411.4	187.4	224
88	28	2	1.0	elu	120	40	0.0008822	13	1.39	2.12	4563	3000	2.132	2.176	True	397.7	197.4	200.3
89	31	2	1.0	elu	120	40	0.0007996	9.83	6.78	1.61	1490	4000	2.751	2.813	True	606.4	337.3	269.1
90	31	2	1.0	elu	120	40	0.0006897	9.97	4.43	2.66	1993	4000	2.223	2.553	True	493	268	225
92	24	2	1.0	elu	120	40	0.0007894	11.9	4.4	3.11	1209	4000	2.114	1.986	True	431.4	217.5	214
91	30	2	1.0	elu	120	40	0.0006581	15.5	2.05	2.07	5172	4000	2.234	2.103	True	391	187.3	203.7
93	29	2	1.0	elu	120	40	0.0008776	17.3	1.69	3.3	4951	4000	2.159	2.211	True	390.9	179.4	211.5
94	29	2	1.0	elu	120	40	0.0009571	7.57	3.82	2.67	2167	4000	2.251	2.391	True	503.2	274.9	228.3
95	29	2	1.0	elu	120	40	0.0008127	17.2	1.27	2.92	3067	4000	1.957	2.126	True	349.7	176.2	173.5
96	28	2	1.0	elu	120	40	0.0008699	12.7	1.82	2.37	3080	3000	2.314	2.428	True	419.6	208.7	210.8
97	30	2	1.0	elu	120	40	0.0006084	13.7	2.7	4.48	1858	4000	2.292	2.568	True	358.4	189.3	169.1
98	29	2	1.0	elu	120	40	0.0007154	10.3	3.88	4.34	1827	4000	2.205	2.121	True	328.4	166.1	162.2
99	31	2	1.0	elu	120	40	0.0007274	9.51	5.33	3	1458	4000	2.473	2.376	True	695.2	218.5	476.6
100	28	2	1.0	elu	120	40	0.0007199	16.2	2.52	4.94	646	4000	1.985	2.053	True	482	258.7	223.2
101	30	2	1.0	elu	120	40	0.000598	12.7	4.63	4.2	423	4000	2.781	2.985	True	611.6	291.5	320.2
103	29	2	1.0	elu	120	40	0.0006341	11.7	2.31	3.95	292	4000	2.69	2.533	True	733	389.3	343.7
102	29	2	1.0	elu	120	40	0.0007127	16	3.49	1.96	1818	4000	2.588	2.418	True	387.9	192.7	195.2
104	25	2	1.0	elu	120	40	0.0006531	15.8	2.53	1.9	1477	4000	3.002	2.521	True	2696	1239	1457
105	26	2	1.0	elu	120	40	0.0008432	11.8	5.12	3.38	1800	4000	2.457	2.515	True	603.3	309	294.3
106	30	2	1.0	elu	120	40	0.0007726	8.69	5.85	4.03	1317	4000	2.317	2.45	True	370.7	181.5	189.2
107	30	2	1.0	elu	120	40	0.0008966	9.49	3.67	4.03	1654	4000	2.322	2.365	True	475.9	226.5	249.4
108	29	2	1.0	elu	120	40	0.0006672	14.1	1.62	2.63	4250	4000	2.058	2.256	True	495.9	258.9	237
109	29	2	1.0	elu	120	40	0.0008817	14.8	1.42	2.46	3520	4000	2.294	2.379	True	335.7	163.3	172.4
110	29	2	1.0	elu	120	40	0.000872	14	3.58	3.96	982	4000	2.319	2.233	True	371.4	188.7	182.7
111	29	2	1.0	elu	120	40	0.0007556	13.9	4.39	4.16	1210	4000	2.569	2.396	True	519.3	253.7	265.6
112	31	2	1.0	elu	120	40	0.0006857	11.8	4.2	4.84	2159	4000	2.216	2.378	True	403.6	205.9	197.7
113	31	2	1.0	elu	120	40	0.000762	18.5	2.08	2.24	3816	4000	2.231	2.121	True	360	168.9	191.1
114	27	2	1.0	elu	120	40	0.0006676	10.1	3.21	3.63	2024	4000	2.497	2.467	True	733.2	377.7	355.5
115	28	2	1.0	elu	120	40	0.0006281	9.02	3.33	4.9	2229	4000	2.413	2.464	True	498.9	245.8	253.1
116	30	2	1.0	elu	120	40	0.0007668	13.6	1.49	2.45	4556	4000	2.125	2.024	True	336.9	170.1	166.9
117	29	2	1.0	elu	120	40	0.000734	11.9	2.76	3.28	309	4000	2.494	2.501	True	507.6	253.2	254.4
118	25	2	1.0	elu	120	40	0.0008689	11	3	2.55	1173	4000	2.412	2.381	True	435.5	217.7	217.9
119	29	2	1.0	elu	120	40	0.0008591	13.9	1.47	2.55	5101	4000	2.237	2.397	True	435.9	223.7	212.2
121	29	2	1.0	elu	120	40	0.000823	14.9	1.21	2.47	2664	4000	5.506	4.202	True	1081	622.5	458.9
120	30	2	1.0	elu	120	40	0.0008406	15.1	1.47	2.22	4051	4000	2.08	2.151	True	484.6	243.3	241.3
122	29	2	1.0	elu	120	40	0.0006231	11.9	4.19	4.85	1785	4000	2.548	2.714	True	392	186	206
123	31	2	1.0	elu	120	40	0.0006936	11.5	4.27	4.15	804	4000	2.451	2.183	True	737.9	324.7	413.2
124	31	2	1.0	elu	120	40	0.0007519	16.6	1.6	2.67	3548	4000	2.093	2.139	True	359.2	170.9	188.3
125	30	2	1.0	elu	120	40	0.0008663	14.2	1.06	2.86	3651	4000	2.335	2.643	True	395.9	194.6	201.3
126	29	2	1.0	elu	120	40	0.0008238	8.26	6.69	2.33	738	4000	2.601	3.025	True	526.2	255.7	270.5
127	27	2	1.0	elu	120	40	0.0007224	11.1	3.44	3.36	3133	4000	2.163	2.331	True	395.3	211.9	183.4
128	30	2	1.0	elu	120	40	0.001014	14.8	1.53	2.5	4078	4000	1.993	1.975	True	352.9	166.9	186
129	31	2	1.0	elu	120	40	0.0007312	8.14	4.26	4.94	1447	4000	2.222	2.325	True	354.6	181.8	172.8
131	27	2	1.0	elu	120	40	0.0007975	13.1	3.02	3.94	1337	4000	2.362	2.261	True	442.7	243.2	199.5
130	31	2	1.0	elu	120	40	0.0008728	19.1	1.76	3.02	4257	4000	2.377	2.369	True	490.7	219.4	271.3
132	30	2	1.0	elu	120	40	0.0007358	15.1	1.18	2.58	4822	4000	2.422	2.225	True	359.5	190.8	168.6
133	27	2	1.0	elu	120	40	0.0008215	8.97	2.69	3	2893	4000	2.081	2.111	True	337.8	167.7	170.1
134	30	2	1.0	elu	120	40	0.0005835	9.44	3.74	3.98	1162	4000	2.297	2.305	True	378.5	198.2	180.3
135	31	2	1.0	elu	120	40	0.00083	10.2	4.52	1.72	192	4000	2.17	2.202	True	377.7	193.9	183.8
136	26	2	1.0	elu	120	40	0.0009503	15.2	1.73	2.42	3162	4000	2.261	2.475	True	445.7	216.3	229.4
137	27	2	1.0	elu	120	40	0.0008074	11.2	3.15	4.31	2946	4000	2.7	2.686	True	580.8	311.3	269.5
139	28	2	1.0	elu	120	40	0.0007962	15.6	1.46	1.98	4760	4000	2.746	2.939	True	824.8	448	376.9
138	29	2	1.0	elu	120	40	0.0005735	10.5	3.44	3.78	383	4000	2.181	2.083	True	364.9	184.5	180.4
140	29	2	1.0	elu	120	40	0.0006425	9.85	4.28	3.89	1853	4000	2.201	2.229	True	363.6	179.9	183.7
141	31	2	1.0	elu	120	40	0.0008567	10.5	3.06	3.55	1586	4000	2.301	2.443	True	638.3	353.4	284.9
142	30	2	1.0	elu	120	40	0.0007975	8.35	5.26	2	1340	4000	2.753	2.75	True	770.5	474.2	296.3
144	28	2	1.0	elu	120	40	0.0008147	13.2	3.99	3.63	2234	4000	2.115	2.09	True	349.3	174	175.3
143	32	2	1.0	elu	120	40	0.0008632	16.1	1.39	2.74	4454	4000	2.149	2.351	True	764.3	370.9	393.4
145	29	2	1.0	elu	120	40	0.0006571	11.5	3.9	3.83	1092	4000	4.568	4.248	True	1133	703.5	429.3
146	27	2	1.0	elu	120	40	0.0008145	11.7	3.72	4.51	1481	4000	2.227	2.577	True	336.4	169.7	166.7
147	23	2	1.0	elu	120	40	0.001363	17.9	3.23	1.69	2673	3000	2.71	2.553	True	1531	751.1	780
148	27	2	1.0	elu	120	40	0.0006998	16.7	1.59	2.47	4648	4000	1.961	2.093	True	359.8	175.1	184.7
149	30	2	1.0	elu	120	40	0.0007173	14.9	1.52	2.23	4329	3000	2.267	2.12	True	590.1	311.7	278.5
151	28	2	1.0	elu	120	40	0.0006852	13.8	3.28	4.9	1079	4000	2.165	2.552	True	431.5	210.8	220.7
150	28	2	1.0	elu	120	40	0.000797	9.35	4.31	4.18	1539	4000	2.349	2.549	True	347.8	168.7	179.1
152	29	2	1.0	elu	120	40	0.0007831	13.9	1.93	2.69	4415	4000	2.215	2.316	True	376	195.2	180.9
153	29	2	1.0	elu	120	40	0.0007659	13	1.1	2.69	4451	3000	2.463	2.303	True	670.2	338.5	331.8
154	27	2	1.0	elu	120	40	0.0008491	13.6	3.65	4.83	1737	4000	2.235	2.268	True	391	189.5	201.5
155	27	2	1.0	elu	120	40	0.0008069	10.8	3.91	3.94	1062	4000	2.186	2.052	True	352.8	181.5	171.3
156	29	2	1.0	elu	120	40	0.0007023	12.4	3.17	3.87	410	4000	2.608	2.635	True	424.9	197.5	227.4
157	30	2	1.0	elu	120	40	0.0008677	10.1	6.23	2.16	456	4000	2.327	2.326	True	370.9	192.5	178.4
158	32	2	1.0	elu	120	40	0.000788	9.25	6.71	2	686	4000	2.334	2.526	True	372.6	178.8	193.8
159	31	2	1.0	elu	120	40	0.0006184	11	3.25	4.2	823	4000	2.181	2.122	True	391.8	192.3	199.4
160	28	2	1.0	elu	120	40	0.0007241	9.99	4.66	3.53	1376	4000	2.222	2.327	True	358.2	172.8	185.4
161	27	2	1.0	elu	120	40	0.0009047	12.2	3.51	3.02	1945	4000	2.377	2.268	True	380.6	193.7	186.9
162	27	2	1.0	elu	120	40	0.0007337	10.2	3.88	4.17	2229	4000	2.398	2.462	True	361.3	175	186.3
163	28	2	1.0	elu	120	40	0.0006352	8.88	3.59	4.44	1521	4000	2.364	2.5	True	631.7	344.4	287.3
165	26	2	1.0	elu	120	40	0.0007343	13.1	3.28	4.63	1390	4000	2.844	2.533	True	449.2	229.5	219.7
164	28	2	1.0	elu	120	40	0.0007968	10.8	3.82	4.96	1105	4000	2.013	2.172	True	355.5	170.6	184.9
166	30	2	1.0	elu	120	40	0.0008808	13.2	1.44	2.73	3424	4000	2.411	2.578	True	388.1	183.9	204.1
167	29	2	1.0	elu	120	40	0.0007189	10.3	3.37	4.27	1569	4000	2.306	2.446	True	334.4	167.1	167.3
168	30	2	1.0	elu	120	40	0.0007376	13.3	1.39	2.94	3904	4000	2.973	2.767	True	468.5	228.8	239.7
169	31	2	1.0	elu	120	40	0.0009007	8.13	6.37	2.15	807	4000	2.491	2.785	True	466.8	218.5	248.3
171	32	2	1.0	elu	120	40	0.0008087	13.1	1.71	2.61	4231	4000	4.044	3.453	True	4791	2498	2293
170	30	2	1.0	elu	120	40	0.0008022	9.5	3.74	4.55	1052	4000	2.33	2.678	True	328.8	167.5	161.3
173	24	2	1.0	elu	120	40	0.0008999	8.94	4.47	1.63	3936	4000	2.507	2.324	True	440.5	222.7	217.8
172	32	2	1.0	elu	120	40	0.0008388	8.84	5.08	2.27	430	4000	2.538	2.415	True	446.2	221.5	224.7
174	29	2	1.0	elu	120	40	0.0007109	9.77	4.11	4.43	1527	4000	2.29	2.554	True	625.9	342.7	283.3
175	28	2	1.0	elu	120	40	0.0007611	9.49	3.19	4.43	1602	4000	2.102	2.167	True	386.3	185.5	200.8
177	26	2	1.0	elu	120	40	0.0006917	9.6	3.76	4.67	1449	4000	3.849	3.395	True	1155	624.6	530.4
176	28	2	1.0	elu	120	40	0.0008502	10.5	2.71	3	3369	4000	2.333	2.356	True	339.1	167.3	171.8
178	29	2	1.0	elu	120	40	0.0006397	15.6	2.56	1.73	2317	4000	2.448	2.674	True	379.2	176.9	202.3
180	26	2	1.0	elu	120	40	0.0007825	9.14	3.47	3.61	2355	4000	2.488	2.532	True	642.3	300.3	341.9
179	29	2	1.0	elu	120	40	0.000781	8.87	3.58	4.22	2611	4000	2.269	2.409	True	394.1	176.9	217.1
182	24	2	1.0	elu	120	40	0.0009146	9.96	3.67	1.55	4169	4000	2.362	2.61	True	597.8	320	277.8
181	29	2	1.0	elu	120	40	0.0008514	8.57	3.19	4.67	1964	4000	2.282	2.342	True	406.4	215.3	191
183	28	2	1.0	elu	120	40	0.0008531	12.4	2.9	2.55	2151	4000	2.51	2.431	True	1384	809.6	574.3
184	30	2	1.0	elu	120	40	0.0008223	13.5	1.49	2.92	4561	4000	2.109	1.921	True	412.8	209	203.8
185	28	2	1.0	elu	120	40	0.0007672	8.24	3.53	3.62	1536	4000	2.226	2.168	True	396.7	198.4	198.3
186	29	2	1.0	elu	120	40	0.0007947	11.6	4.65	4.28	1832	4000	2.201	1.974	True	379.6	193.1	186.6
187	29	2	1.0	elu	120	40	0.0008089	18.1	1.46	2.5	3500	4000	2.077	1.956	True	433.9	250.4	183.5
188	28	2	1.0	elu	120	40	0.0007423	14.8	3.27	4.34	466	4000	2.34	2.442	True	865.2	449.2	416
189	29	2	1.0	elu	120	40	0.0008507	9.97	2.75	2.81	3337	4000	2.306	2.279	True	357	175.2	181.8
190	29	2	1.0	elu	120	40	0.0007937	8.43	3.72	4.88	1222	4000	2.31	2.547	True	365.6	182.7	182.9
192	29	2	1.0	elu	120	40	0.0007838	12.7	3.58	2.88	1558	4000	4.477	3.68	True	777.4	417.5	359.8
191	28	2	1.0	elu	120	40	0.0006794	9.01	2.85	4.07	1211	4000	2.363	2.54	True	409.6	200.4	209.2
193	28	2	1.0	elu	120	40	0.0009284	8.89	2.69	3.36	3233	4000	2.608	2.644	True	523.3	265.6	257.7
194	28	2	1.0	elu	120	40	0.0008296	9.76	3.68	3.1	1691	4000	2.377	2.651	True	667.2	334.4	332.8
195	30	2	1.0	elu	120	40	0.0009081	10.5	3.63	4.6	943	4000	2.453	2.718	True	382.8	191.1	191.6
196	27	2	1.0	elu	120	40	0.0007315	10.1	2.2	2.69	3462	4000	2.391	2.321	True	502.1	296.4	205.7
197	29	2	1.0	elu	120	40	0.0007788	10.2	3.64	3.62	2039	4000	2.401	2.346	True	513	317.9	195.1
198	27	2	1.0	elu	120	40	0.0007874	12.4	3.9	2.69	2189	4000	2.727	2.855	True	684.8	348.9	336
199	29	2	1.0	elu	120	40	0.0007612	9.75	3.57	3.71	716	4000	2.057	2.017	True	357.5	168.2	189.2
200	29	2	1.0	elu	120	40	0.000739	11.9	3.55	4.35	1935	4000	2.061	2.107	True	356.4	178.9	177.6
202	25	2	1.0	elu	120	40	0.001585	17.3	2.67	1.67	2239	4000	2.152	2.132	True	355.5	177.8	177.7
201	29	2	1.0	elu	120	40	0.0007378	13.8	1.51	2.64	3285	4000	2.396	2.163	True	371	193.1	178
203	26	2	1.0	elu	120	40	0.0008031	10.7	3.29	4.51	776	4000	2.147	2.187	True	544.6	298.4	246.2
204	28	2	1.0	elu	120	40	0.000916	14.2	1.33	2.56	3859	4000	1.974	2.286	True	474.8	211.3	263.5
205	27	2	1.0	elu	120	40	0.000865	9.23	3.24	3.12	2926	4000	2.174	2.454	True	403.1	199.6	203.5
206	27	2	1.0	elu	120	40	0.0007752	9.24	2.6	2.65	3025	4000	2.3	2.303	True	385.4	206.3	179.1
207	27	2	1.0	elu	120	40	0.0008278	11.7	3.09	4.79	1845	4000	2.252	2.573	True	387.9	186.6	201.4
209	25	1	1.0	elu	120	40	0.0009523	8.22	4.11	1.54	4370	4000	2.674	2.538	True	383	202	181.1
208	29	2	1.0	elu	120	40	0.0007731	16.8	1.63	2.57	4484	3000	2.226	2.176	True	502.7	252.3	250.4
210	29	2	1.0	elu	120	40	0.0007024	12.4	2.96	2.11	1748	4000	2.094	2.133	True	371.6	175.4	196.2
211	28	2	1.0	elu	120	40	0.001241	8.56	2.03	1.93	3829	3000	2.311	2.194	True	455.3	229.2	226.2
212	31	2	1.0	elu	120	40	0.0006961	8.99	4.46	4.6	708	4000	2.358	2.467	True	354.9	177.8	177
213	28	2	1.0	elu	120	40	0.0008406	9.9	2.55	3.39	2666	4000	2.074	2.295	True	345.9	166.3	179.5
214	29	2	1.0	elu	120	40	0.00078	15.5	2.76	2.16	1817	4000	2.746	2.94	True	879.5	513.2	366.2
215	28	2	1.0	elu	120	40	0.0007872	14.2	1.74	2.36	4715	4000	2.326	2.364	True	441.3	228.4	213
216	28	2	1.0	elu	120	40	0.0007391	11.7	2.54	2.99	3596	4000	2.481	2.682	True	402	206.2	195.8
217	29	2	1.0	elu	120	40	0.0008599	8.39	2.23	2.13	3575	3000	2.546	2.507	True	452.2	233.5	218.7
218	29	2	1.0	elu	120	40	0.0007887	12.6	3.16	3.11	2482	4000	2.217	2.146	True	406.7	205.4	201.2
219	31	2	1.0	elu	120	40	0.0006781	13.9	1.71	2.21	4837	4000	2.003	1.812	True	494.6	242.1	252.5
220	31	2	1.0	elu	120	40	0.0007439	10.6	3.28	4.03	1623	4000	2.158	2.261	True	470.9	253.4	217.5
221	27	2	1.0	elu	120	40	0.0007399	7.59	2.62	3.21	3076	4000	2.504	2.539	True	362.8	181.4	181.4
222	25	2	1.0	elu	120	40	0.0007395	12.2	3.8	4.49	1979	4000	2.573	2.74	True	1061	661.5	399
223	28	2	1.0	elu	120	40	0.0007199	14.3	2.36	2.33	2535	4000	2.042	2.014	True	341.8	171.2	170.6
224	31	2	1.0	elu	120	40	0.0008367	8.33	2.96	4.13	897	4000	2.348	2.254	True	375.4	185.7	189.7
225	28	2	1.0	elu	120	40	0.000818	9.74	2.48	3.6	2747	4000	2.225	2.482	True	360.8	181.8	179
228	28	2	1.0	elu	120	40	0.0009406	8.77	2.62	2.06	3799	3000	3.331	2.874	True	395.6	193.8	201.8
226	29	2	1.0	elu	120	40	0.0009508	11.1	2.43	3	3688	4000	2.232	2.229	True	438.2	219.6	218.7
227	27	2	1.0	elu	120	40	0.0009004	8.07	2.79	3.29	2526	4000	2.23	2.415	True	370.8	176.5	194.3
229	30	2	1.0	elu	120	40	0.0008038	16.1	1.93	2.37	4822	4000	2.34	2.077	True	386.8	204.2	182.6
230	29	2	1.0	elu	120	40	0.0007799	12.7	2.15	2.61	2923	4000	2.219	2.255	True	532.2	271.1	261.1
231	23	2	1.0	elu	120	40	0.00163	19.3	3.02	1.67	1890	4000	2.472	2.73	True	654	336.2	317.8
232	26	2	1.0	elu	120	40	0.001375	16.6	3.14	1.37	2742	4000	2.884	2.92	True	1315	501.2	813.7
233	29	2	1.0	elu	120	40	0.0007309	15.2	2.41	2.53	2822	4000	2.116	2.361	True	366	180.1	185.9
234	27	2	1.0	elu	120	40	0.0008837	12.8	2.53	2.94	3086	4000	2.394	2.452	True	383.3	178.2	205.1
235	30	2	1.0	elu	120	40	0.0008178	15.4	2.58	1.57	2229	4000	2.347	2.574	True	354.8	180.7	174.1
237	29	2	1.0	elu	120	40	0.0008297	9.03	2.7	3.08	2597	4000	2.28	2.233	True	341.2	170	171.2
236	30	2	1.0	elu	120	40	0.0007091	9.94	3.57	4.33	603	4000	2.518	2.541	True	360.1	174.3	185.8
238	28	2	1.0	elu	120	40	0.000994	9.24	2.3	2.15	3290	3000	2.349	2.485	True	388.3	192.1	196.2
239	28	2	1.0	elu	120	40	0.0006395	17.1	2.41	2.34	2543	4000	2.157	2.202	True	354.7	182.4	172.4
240	26	2	1.0	elu	120	40	0.0009361	8.37	2.06	2.13	3747	3000	2.305	2.572	True	549.4	284.8	264.6
241	29	2	1.0	elu	120	40	0.0008241	10.2	3.06	3.41	3168	4000	2.14	2.043	True	383.3	192	191.4
242	28	2	1.0	elu	120	40	0.000796	9.75	2.03	3.26	2746	4000	2.328	2.291	True	383.9	185.3	198.6
243	24	2	1.0	elu	120	40	0.001455	17.3	2.69	1.44	2556	4000	2.492	2.614	True	952.1	517.4	434.7
244	27	2	1.0	elu	120	40	0.0008431	10.5	2.25	3.01	3470	4000	2.166	1.972	True	338.3	159.3	179.1
245	27	2	1.0	elu	120	40	0.0008188	7.68	2.34	2.89	2635	4000	2.609	2.557	True	445.8	204.6	241.2
246	29	2	1.0	elu	120	40	0.0007978	9.78	2.63	2.98	2652	4000	2.678	2.705	True	447.4	213.8	233.6
247	30	2	1.0	elu	120	40	0.0006722	11.9	3.5	4.96	1126	4000	2.444	2.472	True	736.3	340.8	395.5
248	29	2	1.0	elu	120	40	0.000923	15.4	1.2	2.26	3263	4000	2.201	2.425	True	416.4	224.4	192
249	26	2	1.0	elu	120	40	0.0008674	10.4	4.21	3.76	2190	4000	2.335	2.473	True	394	195	199
250	29	2	1.0	elu	120	40	0.0007839	12.3	2.54	2.13	2125	4000	2.161	2.232	True	392.3	199.3	193
251	26	2	1.0	elu	120	40	0.00085	10.4	3.42	4.09	1826	4000	2.665	2.886	True	408.9	198.5	210.4
252	28	2	1.0	elu	120	40	0.0009114	9.49	3.13	4.17	1540	4000	2.208	2.075	True	384.2	186.5	197.7
253	29	2	1.0	elu	120	40	0.0007235	15.6	1.71	2.33	3892	4000	2.206	2.212	True	449.1	218.2	231
254	29	2	1.0	elu	120	40	0.000851	8.9	3.65	4.27	177	4000	2.184	2.359	True	355.3	180.4	174.9
256	30	2	1.0	elu	120	40	0.0007532	10.4	4.27	4.43	2320	4000	2.601	2.767	True	443.1	208.5	234.5
255	31	2	1.0	elu	120	40	0.0006442	8.99	3.65	4.14	1706	4000	2.649	2.677	True	370.3	182.1	188.2
257	26	2	1.0	elu	120	40	0.0007238	10.3	3.22	2.79	2689	4000	2.709	2.5	True	436.6	241.3	195.4
258	30	2	1.0	elu	120	40	0.0008574	17.3	1.98	2.66	4190	4000	2.209	2.224	True	361.3	183	178.3
259	31	2	1.0	elu	120	40	0.0009788	8.84	5.05	2.11	338	4000	2.391	2.486	True	492.6	249.3	243.4
260	27	2	1.0	elu	120	40	0.0008396	14.9	2.53	2.26	2847	4000	2.118	2.406	True	529.4	279.5	250
261	29	2	1.0	elu	120	40	0.0009209	11.3	2.51	3.87	2441	4000	2.186	2.186	True	442.7	240.7	202
262	27	2	1.0	elu	120	40	0.0007934	11.6	4.58	4.68	1388	4000	2.377	2.155	True	418.9	223.1	195.9
263	29	2	1.0	elu	120	40	0.0008296	10.7	2.94	4.09	986	4000	2.423	2.542	True	360.7	167.5	193.1
264	28	2	1.0	elu	120	40	0.000728	12.5	2.48	1.77	1879	4000	2.234	2.254	True	378.1	179.1	199
265	27	2	1.0	elu	120	40	0.0009779	9.3	2.18	3.26	2774	4000	2.134	2.146	True	347.6	169.4	178.2
266	31	2	1.0	elu	120	40	0.0008806	8.55	4.01	4.72	1416	4000	2.282	2.366	True	444.8	222.2	222.6
267	29	2	1.0	elu	120	40	0.0008277	7.67	2.7	2.99	3121	4000	2.266	2.279	True	418.1	203.5	214.5
268	27	2	1.0	elu	120	40	0.0009363	10.7	1.99	2.64	2978	4000	2.179	2.134	True	440.7	235.4	205.3
271	27	2	1.0	elu	120	40	0.0008654	10.2	2.7	2.88	3877	4000	2.314	2.318	True	370.4	189.7	180.6
269	31	2	1.0	elu	120	40	0.0006912	13.4	1.54	2.79	4571	4000	2.024	2.169	True	372.2	187.5	184.7
270	27	2	1.0	elu	120	40	0.0008869	11.5	3.04	3.16	3543	4000	2.115	2.081	True	341.4	172.8	168.6
272	29	2	1.0	elu	120	40	0.0009565	8.91	2.19	3.16	2486	4000	2.282	2.275	True	354.3	179.5	174.8
273	26	2	1.0	elu	120	40	0.000817	9.43	2.53	3.27	3382	4000	2.41	2.481	True	612.9	347.3	265.6
274	26	2	1.0	elu	120	40	0.001001	10.4	2.03	3.23	3103	4000	2.07	2.265	True	398.2	191.1	207
275	30	2	1.0	elu	120	40	0.0007306	8.02	2.43	3.09	2611	4000	2.483	2.906	True	357.3	182.3	175
277	26	2	1.0	elu	120	40	0.0008736	11.2	4.22	4.83	1892	4000	2.691	2.502	True	464.7	236.6	228.1
276	28	2	1.0	elu	120	40	0.0008629	7.64	3.45	1.5	4528	4000	2.309	2.354	True	374.9	182.9	192
278	28	2	1.0	elu	120	40	0.0008371	9.55	4.81	4.64	1735	4000	2.287	2.157	True	417.1	225.7	191.4
279	26	2	1.0	elu	120	40	0.0009055	8.94	4.18	1.37	4420	4000	2.68	2.48	True	661.7	335.3	326.4
280	26	2	1.0	elu	120	40	0.0009799	10.7	2.71	3.29	3590	4000	2.313	2.172	True	429.7	216.8	212.8
281	27	2	1.0	elu	120	40	0.0007614	13.2	2.48	2.44	2298	4000	2.493	2.717	True	657.1	318.5	338.7
282	27	2	1.0	elu	120	40	0.0008852	10.6	3.04	3.5	2095	4000	2.598	2.578	True	400.3	188.6	211.7
283	27	2	1.0	elu	120	40	0.000775	13.9	3.25	2.8	2932	4000	2.163	2.418	True	459.1	243.5	215.6
284	27	2	1.0	elu	120	40	0.0007146	15.7	2.07	2.37	2620	4000	2.351	2.505	True	606.3	365.4	240.9
285	27	2	1.0	elu	120	40	0.0007725	14.4	3.53	3.01	1831	4000	2.392	2.41	True	632.1	312.2	319.9
286	26	2	1.0	elu	120	40	0.0008022	11.5	3.57	3.52	1546	4000	2.399	2.212	True	352.9	179.3	173.6
287	27	2	1.0	elu	120	40	0.000792	15.6	2.94	2.48	2421	4000	2.259	2.608	True	479.6	229.9	249.7
288	25	2	1.0	elu	120	40	0.0007954	8.71	2.71	2.96	2524	4000	2.424	2.681	True	404.2	196.3	208
290	26	2	1.0	elu	120	40	0.0008148	13	4.19	4.09	1612	4000	2.472	2.534	True	531.5	274.2	257.4
289	31	2	1.0	elu	120	40	0.0006526	11.6	3.54	3.89	155	4000	2.264	2.189	True	395	200.2	194.8
291	28	2	1.0	elu	120	40	0.0007079	16.4	2.15	1.96	2223	4000	2.313	2.123	True	428.1	208.9	219.3
292	28	2	1.0	elu	120	40	0.0009299	11.4	3.85	3.65	1713	4000	2.415	2.462	True	371.8	179.6	192.2
293	30	2	1.0	elu	120	40	0.0007811	10.1	2.95	3.64	2568	4000	2.664	2.967	True	417.6	206.8	210.8
295	23	2	1.0	elu	120	40	0.0008151	8.25	3.82	1.71	4578	4000	2.303	2.42	True	434.8	232.9	201.9
294	30	2	1.0	elu	120	40	0.0008413	12.5	2.62	1.69	2384	4000	2.2	2.341	True	393.8	205.3	188.4
297	30	2	1.0	elu	120	40	0.0007228	12.2	1.51	2.43	4431	4000	3.165	2.617	True	828.6	441.7	386.9
296	29	2	1.0	elu	120	40	0.0006783	12.2	2.34	2.61	2597	4000	2.267	2.324	True	343.5	174.2	169.3
298	27	2	1.0	elu	120	40	0.0008714	11.2	3.14	3.24	4018	4000	2.405	2.619	True	428.7	236.5	192.2
299	30	2	1.0	elu	120	40	0.00065	13.6	2.7	2.35	2233	4000	2.16	2.29	True	522.2	265.3	256.8
300	25	2	1.0	elu	120	40	0.000835	12	2.69	3.3	3608	4000	2.464	2.619	True	558.3	272.4	285.9
301	31	2	1.0	elu	120	40	0.0008657	9.79	5.8	2.36	1041	4000	2.396	2.388	True	470.6	254.3	216.4
302	31	2	1.0	elu	120	40	0.0008271	8.68	4.28	1.99	1080	4000	2.147	2.301	True	482	273	209
303	28	2	1.0	elu	120	40	0.0007752	15.1	1.33	2.42	4316	3000	2.187	2.151	True	345.6	173.8	171.8
304	29	2	1.0	elu	120	40	0.0009303	11.8	3.33	3.28	3338	4000	2.094	2	True	494.2	265.9	228.4
305	29	2	1.0	elu	120	40	0.0007903	8.73	2.66	3.92	1709	4000	2.334	2.493	True	340.7	175.1	165.6
306	31	2	1.0	elu	120	40	0.0007509	12.6	1.52	2.06	4663	4000	2.162	2.18	True	407.1	181.1	226
307	29	2	1.0	relu	120	40	0.0005975	13.2	2.33	2.53	2683	4000	2.897	3.308	True	3908	1948	1960
308	27	2	1.0	elu	120	40	0.0007443	14.1	2.59	3.03	2630	4000	3.077	2.809	True	753.5	377.9	375.6
309	29	2	1.0	elu	120	40	0.0007124	13.1	3.05	2.66	2684	4000	2.122	2.265	True	580.9	275.4	305.4
310	27	2	1.0	elu	120	40	0.0007652	16.8	1.2	2.4	4332	3000	2.305	2.505	True	389.3	210.4	178.9
312	27	2	1.0	elu	120	40	0.0008213	17	1.42	2.66	3937	3000	2.279	2.008	True	417	225.9	191.1
311	29	2	1.0	elu	120	40	0.0007375	12.2	2.15	2.47	2021	4000	2.09	2.312	True	362.1	173.7	188.5
313	31	2	1.0	elu	120	40	0.000829	8.59	2.6	3.73	1577	4000	2.622	2.409	True	396	183.7	212.3
314	30	2	1.0	elu	120	40	0.0007652	14.3	3.76	3.69	1499	4000	2.178	2.461	True	337.2	164.8	172.3
315	28	2	1.0	elu	120	40	0.0008256	11.4	2.31	2.75	2228	4000	2.332	2.328	True	384	187.6	196.4
316	27	2	1.0	elu	120	40	0.0006418	12.3	2.27	2.48	2446	4000	2.745	2.744	True	765.8	378.8	387
317	30	2	1.0	elu	120	40	0.0006445	13.2	2.74	2.34	3161	4000	2.315	2.379	True	396.9	203.3	193.6
318	28	2	1.0	elu	120	40	0.0008684	11.4	1.96	3.25	3183	4000	2.374	2.373	True	425.2	201	224.2
319	32	2	1.0	elu	120	40	0.0007798	9.52	3.72	4.77	1549	4000	2.224	2.309	True	338	164.9	173.1
320	28	2	1.0	elu	120	40	0.0009625	10.3	2.04	1.94	3527	3000	2.344	2.325	True	408.7	211.3	197.4
321	25	2	1.0	elu	120	40	0.0008757	10.7	3.47	3.49	3842	4000	2.192	2.252	True	495.2	249.3	245.9
322	28	2	1.0	elu	120	40	0.0007696	8.39	2.66	3.48	1643	4000	1.988	1.992	True	427.8	223.3	204.5
323	28	2	1.0	elu	120	40	0.0007106	10.8	3.07	4.72	973	4000	2.142	2.24	True	361.6	179	182.6
325	28	2	1.0	elu	120	40	0.0009623	15.4	1.41	2.53	4508	3000	2.205	2.355	True	563.9	289.2	274.7
324	31	2	1.0	elu	120	40	0.0007122	12.6	2.24	2.43	2810	4000	2.126	1.883	True	359	182.9	176
326	32	2	0.5	elu	120	40	0.0007194	9.84	3.62	4.61	1682	4000	2.915	2.703	True	2578	2080	497.7
328	27	2	1.0	elu	120	40	0.0008014	13	1.47	2.39	4385	3000	2.374	2.748	True	403.6	196.2	207.4
327	29	2	1.0	elu	120	40	0.0008322	10.9	3.79	2.95	2249	4000	2.284	2.417	True	405.7	200.9	204.7
329	29	2	1.0	elu	120	40	0.0007138	12.7	2.82	4.57	625	4000	2.205	2.188	True	345.2	167.6	177.6
330	29	2	0.5	elu	120	40	0.0006811	12.6	2.23	2.75	2559	4000	3.715	3.714	True	5454	2791	2662
331	26	2	1.0	elu	120	40	0.0008945	9.02	2.4	2.58	3802	4000	2.264	2.323	True	439.6	212.4	227.1
332	31	2	1.0	elu	120	40	0.0007191	8.09	2.98	4.86	1540	4000	2.681	2.663	True	432.9	223.5	209.4
333	27	2	1.0	elu	120	40	0.0007941	12.7	2.92	3.05	2029	4000	2.581	2.649	True	841.3	477.7	363.6
334	31	2	1.0	elu	120	40	0.0007746	12.5	4.07	4.11	1662	4000	2.251	2.272	True	433.4	217.5	215.8
335	30	2	1.0	elu	120	40	0.0007867	15	3.57	3.26	1379	4000	2.328	2.38	True	475.6	257.6	218
336	30	2	1.0	elu	120	40	0.001036	13.3	1.33	2.47	3486	4000	2.199	2.124	True	360.3	179.8	180.5
337	27	2	1.0	elu	120	40	0.0008755	12.2	3.03	3.87	3831	4000	2.322	2.651	True	527.9	267.5	260.4
339	26	2	1.0	elu	120	40	0.0008397	10.5	1.45	2.95	3704	4000	2.329	2.488	True	608	336	272
338	31	2	1.0	elu	120	40	0.0007106	13.9	3.8	4.43	1133	4000	2.198	2.391	True	354.7	178.4	176.3
340	31	2	1.0	elu	120	40	0.0008606	9.57	3.11	2.97	3117	4000	2.131	2.215	True	402.7	197	205.7
342	29	2	1.0	elu	120	40	0.0009041	9.19	2.22	3.47	1580	4000	2.39	2.534	True	387.1	200.7	186.5
341	31	2	1.0	elu	120	40	0.0007801	9.59	9.15	1.88	647	4000	2.535	2.47	True	592.4	324.9	267.5
343	29	2	1.0	elu	120	40	0.0009478	13.5	3.39	2.73	1906	4000	2.245	2.07	True	547.6	262.3	285.3
344	26	2	1.0	elu	120	40	0.0007077	14.3	2.27	2	2502	4000	2.31	2.454	True	673.8	354.5	319.3
345	30	2	1.0	elu	120	40	0.0007931	9.47	2.64	4.45	1862	4000	2.63	2.457	True	573.5	308.2	265.4
346	30	2	1.0	elu	120	40	0.0006717	9.65	2.74	3.84	1796	4000	2.269	2.256	True	374	188.7	185.3
347	29	2	1.0	elu	120	40	0.0008882	15.3	1.74	2.49	3180	4000	2.095	2.161	True	418.7	237.1	181.6
348	30	2	1.0	elu	120	40	0.000749	11.4	2.43	4.98	107	4000	2.291	2.158	True	661.6	368.9	292.7
349	31	2	1.0	elu	120	40	0.0007706	12.5	2.89	4.37	379	4000	2.358	2.359	True	392.3	188.5	203.8
350	31	2	1.0	elu	120	40	0.0007771	10.5	3.17	4.86	664	4000	2.711	2.655	True	333.8	173.4	160.4
351	26	2	1.0	elu	120	40	0.0009154	8.81	2.65	2.86	2891	4000	2.232	2.171	True	417.2	225.3	191.9
352	30	2	1.0	elu	120	40	0.001119	8.31	2.35	2	4461	3000	2.4	2.416	True	406.7	209.2	197.5
353	30	2	1.0	elu	120	40	0.0007455	14.3	3.16	3.36	814	4000	2.237	2.513	True	426.1	219.8	206.3
354	28	2	1.0	elu	120	40	0.0006411	11.2	3.86	4.5	565	4000	2.621	2.861	True	428.8	224.3	204.5
355	26	2	1.0	elu	120	40	0.0009334	11.2	3.16	2.52	3568	4000	2.501	2.5	True	365.4	177.4	188
358	28	2	1.0	elu	120	40	0.0009739	17.1	1.52	2.48	3434	4000	2.352	2.274	True	402.7	201.9	200.8
356	32	2	1.0	elu	120	40	0.0008186	11.3	3.31	4.79	1637	4000	2.332	2.301	True	357.2	187	170.3
357	30	2	1.0	elu	120	40	0.0007157	11.4	3.26	4.98	38	4000	3.215	2.617	True	546.6	272.7	273.9
359	25	2	1.0	elu	120	40	0.0009339	11.8	3.51	3.01	3242	4000	2.108	2.363	True	370	186.6	183.4
360	32	2	1.0	elu	120	40	0.000747	8.15	3.17	4.78	827	4000	2.122	2.044	True	352.3	167.5	184.8
361	31	2	1.0	elu	80	40	0.000814	9.59	3.29	4.77	959	4000	2.587	2.61	True	512.7	258.9	253.8
362	28	2	1.0	elu	120	40	0.0006129	11.2	2.84	2.47	2027	4000	2.509	2.39	True	563.1	294.2	268.9
363	28	2	1.0	elu	120	40	0.001021	8.63	2.22	1.96	4531	3000	2.361	2.386	True	422.4	217.1	205.3
365	29	2	1.0	elu	120	40	0.00085	7.33	2.83	4.1	1509	4000	2.178	2.306	True	457	248.2	208.8
364	29	2	1.0	elu	120	40	0.0007134	13.5	3.59	3.81	1683	4000	2.233	2.373	True	376.6	190.5	186.2
366	27	2	1.0	elu	120	40	0.0007994	10.3	3.01	2.44	3668	4000	2.358	2.745	True	376.7	184	192.7
367	30	2	1.0	elu	120	40	0.0006929	14.6	2.42	2.97	2518	4000	2.244	2.107	True	382.7	180.5	202.2
369	25	2	1.0	elu	120	40	0.0009308	7.21	4.08	1.49	4690	4000	2.207	2.316	True	361.6	175.6	186
368	32	2	1.0	elu	120	40	0.0009745	8.34	3.58	4.7	2004	4000	2.523	2.603	True	693.8	368.1	325.8
370	29	2	1.0	elu	120	40	0.0007677	14.5	2.08	3.26	1794	4000	2.254	2.06	True	389.7	198.2	191.5
371	29	2	1.0	elu	120	40	0.0008871	8.71	3.31	3.05	2486	4000	2.128	2.087	True	363.1	178.2	185
372	29	2	1.0	elu	120	40	0.0008047	13.9	1.21	2.31	3878	4000	2.181	2.075	True	335.4	171	164.4
373	27	2	1.0	elu	120	40	0.0008193	11.9	3.63	3.02	2731	4000	2.217	2.194	True	384.9	191.6	193.2
375	27	2	1.0	elu	120	40	0.0009315	8.77	2.13	2.34	4660	3000	2.716	2.681	True	575.9	269.4	306.5
374	29	2	1.0	elu	120	40	0.0007362	16.7	4.03	4.44	1960	4000	2.356	2.342	True	388.2	182.9	205.3
376	29	2	1.0	elu	120	40	0.0007983	11.1	2.79	3.74	1666	4000	2.431	2.344	True	337.9	167.2	170.7
378	27	2	1.0	elu	120	40	0.0008165	9.67	1.88	3.32	3802	4000	2.101	2.024	True	336	164	172
377	30	2	1.0	elu	120	40	0.0007293	8.2	3.34	3.96	1006	4000	2.781	2.365	True	401.5	193.4	208.1
379	30	2	1.0	elu	120	40	0.0008096	15.7	1.19	2.1	4391	4000	2.681	2.686	True	543.8	275.4	268.4
380	28	2	1.0	elu	120	40	0.0007994	15.3	1.23	2.33	3722	4000	2.111	2.167	True	470.7	268.3	202.4
381	30	2	1.0	elu	120	40	0.0008323	13.4	1.05	1.99	3549	4000	2.084	2.138	True	389.4	179.6	209.8
382	28	2	1.0	elu	120	40	0.0009237	12.9	3.75	4.14	2210	4000	2.312	2.493	True	352.6	178.6	174
383	29	2	1.0	elu	120	40	0.0006288	10.6	2.03	2.39	2713	4000	2.39	2.756	True	763.9	395.9	368
384	26	2	1.0	elu	120	40	0.000805	8.03	1.64	3.49	3801	4000	2.511	2.617	True	467.1	232.7	234.4
385	28	2	1.0	elu	120	40	0.0007761	12.9	3.9	4.5	852	4000	2.381	2.394	True	360	172.1	188
386	27	2	1.0	elu	120	40	0.0008807	8.37	2.45	3.07	4054	4000	2.77	2.817	True	918.3	533.1	385.2
387	28	2	1.0	elu	120	40	0.0009643	10.6	1.98	3.4	3860	4000	2.465	2.458	True	418.7	198.2	220.5
388	29	2	1.0	elu	120	40	0.0008686	10.1	2.4	3.31	4145	4000	2.268	2.319	True	344.9	177.4	167.5
389	29	2	1.0	elu	120	40	0.0007265	11.3	3.16	2.8	3465	4000	2.15	2.13	True	359.8	174.5	185.3
390	28	2	1.0	elu	120	40	0.0007244	8.84	2.08	3.62	1841	4000	2.268	2.736	True	400.1	199.8	200.3
391	29	2	1.0	elu	120	40	0.0007619	8.03	2.51	4.19	1057	4000	2.308	2.199	True	369.4	185	184.5
392	28	2	1.0	elu	120	40	0.0008151	10.8	2.89	3.78	1698	3000	2.844	2.71	True	392	203.3	188.7
393	27	2	1.0	elu	120	40	0.000994	10.8	3	2.79	4181	4000	2.144	2.077	True	382.2	196	186.2
394	30	2	1.0	elu	120	40	0.0008089	9.83	2.52	3.53	1013	4000	2.323	2.463	True	364.5	186.6	178
395	31	2	1.0	elu	120	40	0.0007502	9.44	2.7	4.97	662	4000	2.394	2.452	True	583.8	283.2	300.6
397	27	2	1.0	elu	120	40	0.0007638	12	2.61	2.44	3186	4000	2.39	2.677	True	393.2	185.5	207.7
396	30	2	1.0	elu	120	40	0.0008155	11.9	2.7	3.31	1491	4000	2.601	2.779	True	401.1	211.9	189.2
398	28	2	1.0	elu	120	40	0.0006401	15	2.59	2.77	2872	4000	2.033	1.89	True	376.2	189.6	186.6
399	29	2	1.0	elu	120	40	0.0007961	8.05	2.59	3.58	2389	4000	2.206	2.195	True	654.2	419.6	234.6
400	28	2	1.0	elu	120	40	0.0006673	10.7	2.69	2.74	2682	4000	2.7	2.782	True	528.6	237.4	291.2
401	28	2	0.5	elu	120	40	0.000804	11	3.02	2.98	2928	4000	2.84	2.923	True	427	195.5	231.5
402	29	2	1.0	elu	120	40	0.0007013	12.2	2.83	4.06	2066	4000	2.335	2.257	True	373.8	189.9	183.9
403	28	2	1.0	elu	120	40	0.0007199	14.7	2.62	2.16	2621	4000	2.325	2.172	True	724.3	382.4	342
404	31	2	1.0	elu	120	40	0.0007163	9.64	3.75	4.92	198	4000	2.383	2.362	True	360.6	187.7	173
405	28	2	1.0	elu	120	40	0.0007698	17.4	3.83	3.73	1498	4000	2.232	2.352	True	409.1	205.8	203.3
406	30	2	1.0	elu	120	40	0.0007254	9.03	4.1	3.86	1174	4000	2.953	2.855	True	597.5	310.4	287
407	29	2	1.0	elu	120	40	0.0006949	11.7	1.59	2.16	5006	4000	2.288	2.515	True	393.2	189.9	203.3
408	32	2	1.0	elu	120	40	0.0007383	15.9	3.75	3.48	1755	4000	2.345	2.463	True	389.8	205.2	184.6
409	29	2	1.0	elu	120	40	0.0008017	10.2	3.02	4.9	497	2000	3.096	3.262	True	576.4	280.2	296.2
410	28	2	1.0	elu	120	40	0.0008117	9.04	1.85	4.25	3789	4000	2.296	2.132	True	371.5	171.1	200.4
411	30	2	1.0	elu	120	40	0.0007683	10.7	2.3	3.49	1705	4000	2.543	2.79	True	601.5	375.3	226.2
412	27	2	1.0	elu	120	40	0.0007567	14.3	1.78	2.58	3753	4000	2.275	2.532	True	333.4	167.5	165.8
413	26	2	1.0	elu	120	40	0.0008134	9.54	2	3.9	4260	4000	2.213	2.617	True	397.8	185.8	212
414	28	2	1.0	elu	120	40	0.0008624	8.67	2.2	2.8	3432	4000	2.23	2.585	True	359.4	177.8	181.6
415	27	2	1.0	elu	120	40	0.0008694	10.7	2.41	3.81	1909	4000	2.379	2.142	True	463.4	240.8	222.5
416	29	2	1.0	elu	120	40	0.0008486	7.85	2.78	4.29	2311	4000	2.202	2.328	True	374.3	186.2	188.1
417	32	2	1.0	elu	120	40	0.0007731	13.3	1.34	2.38	4383	4000	2.065	2.006	True	355.7	181.1	174.6
418	27	2	1.0	elu	120	40	0.0007316	8.2	2.54	4.27	1822	4000	2.72	2.551	True	397	210.6	186.4
419	29	2	1.0	elu	120	40	0.0006535	12.5	2.22	2.11	2325	4000	2.217	2.167	True	362.2	175.3	186.9
420	30	2	1.0	elu	120	40	0.0007812	10.1	4.32	4.99	1389	4000	2.509	2.778	True	509.5	288.3	221.2
421	27	2	1.0	elu	120	40	0.0006565	10.7	3.13	4.3	1762	4000	2.239	2.307	True	333.4	165.4	168
422	27	2	1.0	elu	120	40	0.0007993	9.96	1.81	2.86	3006	4000	3.18	2.699	True	805.3	369.5	435.8
423	31	2	1.0	elu	120	40	0.0008811	9.06	3.93	4.86	28	4000	2.494	2.443	True	418.5	220.3	198.2
426	28	2	1.0	elu	120	40	0.001199	9.99	2.38	2.24	3925	3000	2.241	2.379	True	514.4	255.9	258.5
424	29	2	1.0	elu	120	40	0.0007669	14.4	3	1.9	1413	4000	2.38	2.433	True	483.4	239.5	243.9
425	31	2	1.0	elu	120	40	0.0007889	11	3.25	4.29	924	4000	2.308	2.446	True	630.5	322.5	308
427	27	2	1.0	elu	120	40	0.0006969	14.6	1.83	2.54	3702	4000	1.979	2.03	True	382.6	187.3	195.3
428	26	2	1.0	elu	120	40	0.0008356	9.31	1.98	2.82	3705	4000	2.446	2.629	True	512.6	244.9	267.7
429	28	2	1.0	elu	120	40	0.0008836	11.4	1.34	2.26	3878	4000	2.371	2.158	True	393.2	172.2	221
431	27	2	1.0	elu	120	40	0.0005962	11.1	2.92	4.46	1833	4000	2.232	2.218	True	375.6	185.5	190.1
432	32	2	1.0	elu	120	40	0.0007779	9.19	3.63	4.95	2150	4000	3.719	3.226	True	434.2	231.4	202.8
430	32	2	1.0	elu	120	40	0.0007216	8.27	3.05	4.44	128	4000	2.455	2.414	True	358.8	172.6	186.2
433	28	2	1.0	elu	120	40	0.0007797	17.3	2.73	1.96	2285	4000	2.56	2.549	True	704.3	387.8	316.5
436	28	2	1.0	elu	40	40	0.0007437	14.2	1.64	3.03	3970	4000	4.299	4.23	True	543	288.7	254.3
434	27	2	1.0	elu	120	40	0.0007896	11	1.73	3.48	4206	4000	2.298	2.325	True	649.6	332.2	317.4
435	29	2	1.0	elu	120	40	0.0006537	16.3	2.8	2.05	2027	4000	2.186	2.159	True	403.9	203.8	200.1
437	26	2	1.0	elu	120	40	0.0008829	9.16	2.1	3.34	3873	4000	2.266	2.234	True	470.9	243	227.9
439	28	2	1.0	elu	120	40	0.001053	9.72	2.92	2.33	3933	3000	2.714	2.526	True	533.2	272.5	260.7
438	29	2	1.0	elu	120	40	0.0008289	9.4	1.66	3.49	3553	4000	2.272	2.022	True	445.1	218	227.1
440	28	2	1.0	elu	120	40	0.0008217	8.71	1.52	3.16	4299	4000	2.358	2.345	True	357.6	183.3	174.3
442	25	2	1.0	elu	120	40	0.0008261	10.3	1.96	3.17	3325	4000	2.365	2.48	True	747.6	364.2	383.4
441	30	2	1.0	elu	120	40	0.0006481	15.5	3.6	3.42	1849	4000	2.749	2.636	True	763	474.3	288.6
443	28	2	1.0	gelu	120	40	0.0006854	14.9	2.33	2.2	2036	4000	2.233	2.314	True	644.8	312.9	331.9
444	27	2	1.0	elu	120	40	0.0006643	10.8	2.57	3.97	2015	4000	2.401	2.08	True	475.9	221.7	254.2
445	27	2	1.0	elu	120	40	0.0008277	10.8	2.91	4.15	2276	4000	2.167	2.246	True	386.2	184	202.2
446	31	2	1.0	elu	120	40	0.0007662	14.1	2.84	3.56	1591	4000	2.661	2.793	True	569.1	287.6	281.5
447	28	2	1.0	elu	120	40	0.0007444	8.83	2.46	3.02	1980	4000	2.472	2.377	True	761.2	403.1	358
448	27	2	1.0	elu	120	40	0.0009507	14.1	3.07	3.03	3556	4000	2.38	2.723	True	409.8	200.4	209.5
449	28	2	1.0	elu	120	40	0.000701	13.5	1.97	3.11	3661	4000	2.122	2.312	True	384.4	199.9	184.4
450	27	2	1.0	elu	120	40	0.0006934	12.3	3.32	2.75	1958	4000	2.073	2.085	True	387.1	192.8	194.4
451	26	2	1.0	elu	120	40	0.0008642	9.82	3.93	3.39	1207	4000	2.408	2.258	True	347.8	176.7	171.1
452	29	2	1.0	elu	120	40	0.0008482	11.9	2.8	2.99	3932	4000	2.264	2.316	True	382.7	200.6	182.1
453	31	2	1.0	elu	120	40	0.00101	13.1	1.61	2.63	3399	4000	2.057	2.336	True	349.3	166.4	182.9
454	27	2	1.0	elu	120	40	0.0008294	9.86	3.08	2.79	2131	4000	2.348	2.449	True	600.1	311.8	288.2
455	28	2	1.0	elu	120	40	0.001078	8.14	2.54	2.3	3635	3000	2.301	2.222	True	418.9	226.1	192.9
456	30	2	1.0	elu	120	40	0.0009341	14.3	2.08	2.32	3659	4000	2.391	2.214	True	430.4	235.7	194.7
457	29	2	1.0	elu	120	40	0.0007946	9.87	3.63	4.26	1126	4000	2.216	2.337	True	323.3	163.3	160.1
458	27	2	1.0	elu	120	40	0.0008538	12.5	1.78	2.81	3409	4000	1.983	1.926	True	389.3	193.7	195.6
459	29	2	1.0	elu	120	40	0.0008349	12.1	3.95	2.55	2895	4000	2.085	2.051	True	367.8	183	184.8
460	26	2	1.0	elu	120	40	0.0006349	8.94	3.54	3.89	1695	4000	2.371	2.097	True	378.1	190.6	187.5
462	28	2	1.0	elu	120	40	0.0008614	9.28	3.85	3.95	2234	4000	2.31	2.26	True	361.5	176.6	184.9
463	28	2	1.0	elu	120	40	0.0008396	15.7	1.44	2.04	3318	4000	3.883	3.367	True	1605	859.2	746.2
461	31	2	1.0	elu	120	40	0.0007742	10.1	3.18	4.48	66	4000	2.14	2.289	True	396.8	199.7	197
464	30	2	1.0	elu	120	40	0.0007516	10.4	3.08	4.42	2406	4000	2.158	2.397	True	395.8	198.3	197.5
465	29	2	1.0	elu	120	40	0.0008925	13.5	1.2	2.74	4924	4000	5.113	4.162	True	3924	1691	2233
466	30	2	1.0	elu	120	40	0.0008196	16	1.34	2.58	5636	4000	3.814	3.423	True	1287	707.1	579.5
467	31	2	1.0	elu	40	40	0.0008159	11.4	2.89	4.98	578	4000	4.052	3.426	True	478.3	250.6	227.7
468	29	2	1.0	elu	120	40	0.0009825	9.73	2.25	2.51	3487	3000	2.515	2.394	True	419.1	197.7	221.4
469	30	2	1.0	elu	120	40	0.0006718	14.9	2.16	1.81	2510	4000	2.628	2.539	True	405.2	212.5	192.7
470	27	2	1.0	elu	120	40	0.0008795	11.5	2.36	3.31	3521	4000	2.334	2.265	True	684.5	388.3	296.2
471	27	2	1.0	elu	120	40	0.0008769	13.2	1.13	2.6	4415	4000	2.051	2.122	True	550	286.2	263.8
472	31	2	1.0	elu	120	40	0.0008337	12.4	3.62	4.58	208	4000	2.267	2.193	True	370.6	170.2	200.4
473	28	2	1.0	elu	120	40	0.0008377	14.1	1.03	2.22	4215	4000	2.014	2.081	True	379.3	191.4	187.9
474	28	2	1.0	elu	120	40	0.0008161	13.5	1.21	1.79	3704	4000	2.193	2.157	True	371.6	182.5	189.1
475	30	2	1.0	elu	120	40	0.0007821	12.3	1.1	2.25	3091	4000	2.158	2.178	True	350.7	178.3	172.3
476	30	2	1.0	elu	120	40	0.0009391	8.07	2.79	3.55	2659	4000	2.199	2.166	True	436.8	225.1	211.6
477	28	2	1.0	elu	120	40	0.0007435	10.6	1.92	2.85	4074	4000	2.087	2.16	True	386	190.3	195.7
478	29	2	1.0	elu	120	40	0.0008727	11.1	4.35	4.39	1303	4000	2.285	2.364	True	355.4	170.5	184.9
479	26	2	1.0	elu	120	40	0.001182	8.69	2.36	2	3730	3000	2.373	2.681	True	417.3	211.8	205.5
480	32	2	1.0	elu	120	40	0.0008866	11.1	4.1	4.54	1557	4000	2.785	2.681	True	495.4	249.3	246.1
481	29	2	1.0	elu	120	40	0.0007356	13.6	1.25	2	4857	4000	2.109	1.947	True	362	171.8	190.2
482	26	2	1.0	elu	120	40	0.0007048	13.5	1.97	2.44	4332	4000	2.48	2.468	True	754.8	370	384.8
483	28	2	1.0	elu	120	40	0.0007505	12.7	1.75	2.41	4051	4000	2.342	2.445	True	364.1	190.1	173.9
484	30	2	1.0	elu	120	40	0.0007086	9.9	3.07	4.94	1232	4000	2.145	2.171	True	537.5	279.1	258.4
486	26	2	1.0	elu	120	40	0.0008479	10.5	1.5	3.53	3767	4000	2.389	2.496	True	342.4	172.6	169.8
485	29	2	1.0	elu	120	40	0.0007992	10.1	3.2	3.59	1306	4000	2.173	2.262	True	375	191.7	183.3
487	28	2	1.0	elu	120	40	0.0009587	10.3	3.97	3.42	3496	4000	2.856	2.899	True	583.4	315.5	267.9
488	29	2	1.0	elu	120	40	0.0007538	11.7	1.43	2.6	5115	4000	2.102	2.118	True	388.1	207.5	180.5
489	28	2	1.0	elu	120	40	0.0007759	12.7	2.5	3.5	3236	4000	2.144	2.238	True	431.6	223.8	207.8
490	30	2	1.0	elu	120	40	0.0009122	14.5	1.2	2.44	3852	4000	2.735	2.466	True	385.5	184.8	200.7
491	29	2	1.0	elu	120	80	0.0006623	10.1	3.39	4.23	2157	4000	2.609	2.699	True	598.4	302.9	295.5
492	30	2	1.0	elu	120	40	0.000738	13.2	1.09	2.31	3993	4000	2.083	2.274	True	756.9	299.7	457.2
493	29	2	1.0	elu	120	40	0.0007681	12.5	1.58	1.97	3803	4000	2.396	2.385	True	416.5	219	197.5
494	30	2	1.0	elu	120	40	0.0008422	9.76	2.97	2.81	2041	4000	2.196	2.226	True	365.5	182.3	183.2
495	28	2	1.0	elu	120	40	0.0006803	9.07	2.56	3.19	2956	4000	2.588	2.491	True	496.4	251	245.4
497	29	2	1.0	elu	120	40	0.0007321	13.5	2.27	2	1646	4000	2.033	2.131	True	364.3	184.2	180.1
496	29	2	1.0	elu	120	40	0.0007739	14	3.13	3.15	3148	4000	2.194	2.36	True	470	230.6	239.4
498	30	2	1.0	gelu	120	40	0.0007692	15.6	1.1	2.5	3386	4000	2.096	2.186	True	776.3	388.7	387.6
499	28	2	1.0	elu	120	40	0.0007269	7.76	3.65	4.21	1396	4000	2.232	2.401	True	336.8	164.8	172
500	27	2	1.0	elu	120	40	0.0007443	8.33	2.95	2.56	2518	4000	2.655	2.805	True	623.5	369.2	254.3
501	30	2	1.0	elu	120	40	0.0007494	11.7	1.24	2.59	3760	4000	2.301	2.272	True	429.4	213.2	216.2
502	29	2	1.0	elu	120	40	0.0007341	8.01	3.22	4.1	1984	4000	2.304	2.246	True	346.4	169.4	177
504	28	2	1.0	elu	40	40	0.0008245	9.72	3.82	4.76	1810	4000	4.12	3.956	True	467.3	227.9	239.4
503	31	2	1.0	elu	120	40	0.000797	8.09	3.3	4.26	1556	4000	2.37	2.482	True	387.4	177.2	210.2
505	28	2	1.0	elu	120	40	0.0007901	9.93	2.24	3.2	3553	4000	3.395	3.029	True	952.4	525	427.4
507	30	2	1.0	elu	120	40	0.000773	7.06	2.77	3.62	1436	4000	2.678	2.402	True	569.7	295.8	273.9
506	32	2	1.0	elu	120	40	0.0006683	12.2	1.87	2.44	4152	4000	2.025	2.213	True	416.3	210.1	206.2
508	29	2	0.5	elu	120	40	0.000757	11.8	3.18	3.89	1523	4000	5.235	4.508	True	5561	2199	3362
510	31	2	1.0	elu	120	40	0.0007704	9.56	3.93	4.43	1557	1000	4.495	3.974	True	1102	590.9	511.2
509	27	2	1.0	elu	120	40	0.0007382	6.56	3.51	4.37	1145	4000	2.487	2.634	True	489.1	243.6	245.5
511	27	2	1.0	elu	120	40	0.001027	8.17	2.52	1.72	3698	3000	2.352	2.516	True	430.2	221.7	208.5
512	27	2	1.0	elu	120	40	0.0008482	10	2.65	3.91	3839	4000	2.22	2.207	True	504.7	256.2	248.4
513	26	2	1.0	elu	120	40	0.0008484	12.6	2.17	2.59	3676	4000	2.188	2.309	True	495	250.7	244.4
514	29	2	1.0	elu	120	40	0.0007279	12.4	2.43	3.51	2232	4000	2.214	2.393	True	418.6	214.7	203.8
515	27	2	1.0	elu	120	40	0.0007423	9.73	2.98	3.01	3359	4000	2.355	2.75	True	388.1	190.8	197.3
517	28	2	1.0	elu	120	40	0.000935	7.26	2.55	3.41	1982	4000	2.23	2.323	True	389.2	205.6	183.7
516	30	2	1.0	elu	120	40	0.0006408	13.8	1.36	2.18	3120	4000	2.217	2.464	True	446.8	220.1	226.8
518	31	2	1.0	elu	120	80	0.0007703	15.3	3.69	4.07	1610	4000	2.417	2.657	True	498.4	253.3	245.1
519	29	2	1.0	elu	120	40	0.0006908	7.38	3.91	4.05	1291	4000	2.471	2.394	True	369.5	185.7	183.8
520	28	2	1.0	elu	120	40	0.00102	7.54	2.07	2.28	3943	3000	2.305	2.382	True	570.5	280.8	289.7
521	27	2	1.0	elu	120	40	0.0009817	9.83	4.17	4.59	1415	4000	2.47	2.25	True	366.6	170.2	196.3
522	28	2	1.0	elu	120	40	0.0008542	17.1	1.11	2.86	3738	4000	1.969	2.027	True	445.2	216.3	228.9
523	30	2	1.0	elu	120	40	0.0009152	13.5	2.87	4.06	1220	4000	2.268	2.52	True	385.7	203.7	182
524	29	2	1.0	elu	120	40	0.00089	11.6	3.39	4.35	1679	4000	2.382	2.548	True	370.7	187.9	182.9
525	28	2	1.0	elu	120	40	0.0006224	12.7	3.59	4	2366	4000	2.362	2.317	True	702	387.1	314.9
526	31	2	1.0	elu	120	40	0.0008066	7.65	4.44	4.9	702	4000	2.293	2.262	True	359.8	176.2	183.6
527	30	2	1.0	elu	120	40	0.000958	11.7	2.69	3.88	1716	4000	2.412	2.443	True	389.5	199.7	189.8
528	27	2	1.0	elu	120	40	0.0007813	7.84	3.86	4.42	1970	4000	2.27	2.645	True	421.7	220.6	201.1
529	25	2	1.0	elu	120	40	0.0006477	11.4	2.94	4.23	1432	4000	2.477	2.56	True	632.7	313.8	318.9
530	28	2	1.0	elu	120	40	0.0007871	15.3	1.34	2.92	3687	4000	2.251	2.223	True	440.7	224.1	216.7
531	30	2	1.0	elu	120	40	0.0007758	14.7	3	1.96	2445	4000	2.491	2.597	True	456.6	233.6	223
532	27	2	1.0	elu	120	40	0.000756	14.5	2.4	2.42	3926	4000	2.207	2.195	True	416.5	192	224.5
533	29	2	1.0	elu	120	40	0.0006863	15	3.35	2.87	2378	4000	2.279	2.039	True	370.1	186.9	183.2
534	28	2	1.0	elu	120	40	0.0006975	10.5	3.74	4.98	1801	4000	2.382	2.467	True	365.9	180.2	185.7
535	30	2	1.0	elu	120	40	0.0007625	12.8	1.32	2.19	3642	4000	2.607	2.551	True	1061	496.9	564.6
536	30	2	1.0	elu	120	40	0.0008305	15.3	4.57	3.54	1010	4000	2.265	2.468	True	354.3	168.2	186
537	27	2	1.0	elu	120	40	0.0007453	8.34	2.12	2.6	4236	4000	2.69	2.627	True	391	183.6	207.4
538	27	2	1.0	elu	120	40	0.0006614	11.3	4.47	4.47	1872	4000	2.274	2.653	True	444.7	220	224.7
539	28	2	1.0	elu	120	40	0.0007393	10.9	2.55	3.51	999	4000	2.141	2.115	True	403.7	199.2	204.5
540	29	2	1.0	elu	120	40	0.0007758	11.4	1.31	2.16	4492	4000	2.509	2.481	True	891.9	455.5	436.4
542	27	2	1.0	elu	120	40	0.0008916	10.2	2	2.93	4265	4000	2.456	2.497	True	606.5	317.5	289.1
541	30	2	1.0	elu	120	40	0.0006333	13.8	1.9	2.41	3639	4000	2.1	2.017	True	442.1	221.3	220.8
543	26	2	1.0	elu	120	40	0.0008627	12.9	3.67	4.21	856	4000	2.425	2.379	True	396.7	219.3	177.3
544	32	2	1.0	elu	120	40	0.0008129	9.64	4.57	4.59	1134	4000	2.347	2.358	True	366.5	186.1	180.5
545	26	2	1.0	elu	120	40	0.0008071	8.94	2.78	4.09	1435	4000	2.317	2.56	True	394	198.3	195.7
546	29	2	1.0	elu	120	80	0.0007575	11.9	4.23	3.57	1018	4000	2.534	2.717	True	661.9	347.7	314.2
547	31	2	1.0	elu	120	40	0.0008025	13	3.44	3.58	1153	4000	2.464	2.56	True	366.1	188.3	177.7
548	27	2	1.0	elu	120	40	0.0006185	13	3.21	3.89	1654	4000	2.385	2.422	True	483.3	229.8	253.6
549	29	2	1.0	elu	120	40	0.0008405	14	1.06	2.29	4908	4000	2.291	2.335	True	360.9	191.6	169.2
550	30	2	1.0	elu	120	40	0.0009963	8.09	2.34	2.12	3014	3000	2.562	2.478	True	431.6	216.1	215.5
551	29	2	1.0	elu	120	40	0.00076	14.4	1.32	2.09	2692	4000	2.36	2.391	True	467.4	235	232.4
552	26	2	1.0	elu	120	40	0.0009063	9.06	1.93	3.72	3276	4000	2.278	2.03	True	377.9	183	194.9
553	29	2	1.0	elu	120	40	0.0008697	12.3	3.16	3.61	1776	4000	2.318	2.306	True	343.8	174.7	169.1
554	26	2	1.0	elu	120	40	0.000834	9.06	2.06	3.03	2594	4000	2.407	2.494	True	472.5	249.4	223.1
555	29	2	1.0	elu	120	40	0.000645	10.9	3.19	3.73	1502	4000	2.427	2.782	True	502.5	244.5	258
556	26	2	1.0	elu	120	40	0.0005777	10.2	3.07	3.78	1688	4000	4.215	3.421	True	2464	1291	1172
557	25	2	1.0	elu	120	40	0.0009728	11.5	3.55	3.78	1626	4000	2.259	2.194	True	354.7	181.1	173.6
559	25	2	1.0	elu	120	40	0.0006999	9.49	1.52	3.35	3481	4000	2.248	2.391	True	554.2	261.2	292.9
558	29	2	0.5	elu	120	40	0.000789	9.27	3.81	4.22	1006	4000	3.446	3.511	True	610.5	330.2	280.3
560	29	2	1.0	elu	120	40	0.0007401	6.51	3.26	3.75	1881	4000	2.607	2.79	True	381.3	189.9	191.4
562	28	2	1.0	elu	120	40	0.0008035	11.2	2.46	1.98	3475	3000	2.62	2.546	True	1014	551.8	462.2
561	31	2	1.0	elu	120	40	0.0007702	11.3	3.82	4.92	722	4000	2.158	2.13	True	543.8	277.7	266.1
563	32	2	1.0	elu	120	40	0.0007	10.9	4.44	4.23	1680	4000	2.257	2.116	True	377.7	191.2	186.5
564	30	2	1.0	elu	120	40	0.0007859	14	1.51	2.32	5650	4000	2.444	2.282	True	386.2	205	181.2
565	27	2	1.0	elu	120	40	0.000681	12	3.08	4.75	2170	4000	2.399	2.345	True	581.1	305.6	275.5
566	28	2	1.0	elu	120	40	0.0006032	6.68	3.94	4.58	1618	4000	2.331	2.374	True	388.4	198.8	189.6
567	29	2	1.0	elu	120	40	0.0006864	12.5	1.06	2.7	5094	4000	2.337	2.035	True	392.2	197.9	194.3
568	29	2	1.0	elu	120	40	0.0007833	6.85	4.1	4.38	971	4000	2.49	2.579	True	337.5	172.8	164.7
569	30	2	1.0	elu	120	40	0.0009508	9.13	3.17	4.09	1006	3000	2.932	2.655	True	438.6	202.6	236.1
571	27	2	1.0	elu	120	40	0.0006841	8.17	2.29	2.97	3378	4000	2.813	2.879	True	346.5	168.5	178
570	32	2	1.0	elu	120	40	0.0007751	8.51	4.51	4.53	1957	4000	2.753	2.72	True	984.2	642.1	342.1
572	27	2	1.0	elu	120	40	0.0007124	11.3	3.35	4.16	1814	4000	2.495	2.435	True	464.7	241.3	223.4
573	29	2	1.0	elu	120	40	0.0008712	13.2	1.03	2.62	2438	4000	2.462	2.49	True	687.5	364	323.5
574	28	2	1.0	elu	120	40	0.0006858	11	2.22	3.53	3964	4000	2.346	2.351	True	379.6	189.6	190
575	28	2	1.0	elu	120	40	0.0009568	12.7	1.34	2.37	3144	4000	2.077	2.162	True	423.9	213.3	210.6
576	30	2	1.0	elu	120	40	0.0008197	7.91	4.35	3.93	819	4000	2.28	2.367	True	347.6	173.3	174.3
578	26	2	1.0	elu	120	40	0.0007749	8.43	3.78	4.15	1013	4000	2.643	2.543	True	326.3	163.4	162.8
577	27	2	1.0	elu	120	40	0.0007024	8.55	3.3	4.18	475	4000	2.415	2.258	True	444.2	227.8	216.4
579	28	2	1.0	elu	120	40	0.0008051	8.66	2.28	1.74	4364	3000	4.316	3.585	True	733.8	374.1	359.7
580	30	2	1.0	elu	120	40	0.0007893	6.39	3.69	4.43	482	4000	2.528	2.739	True	425.7	215.5	210.2
581	31	2	1.0	elu	120	40	0.0008042	12.1	2.56	3.9	1851	4000	2.047	2.031	True	414.1	207.6	206.5
582	25	2	1.0	elu	120	40	0.0007291	12.9	1.61	2.56	3929	4000	5.09	3.847	True	649.1	349.7	299.4
583	28	2	1.0	elu	120	40	0.0008288	14.4	2.87	1.77	2229	4000	2.208	2.306	True	443	223.1	219.9
585	28	2	1.0	elu	120	40	0.0009484	12.4	4.07	4.7	1585	4000	2.222	2.321	True	354.8	168.4	186.4
584	27	2	1.0	elu	120	40	0.0008272	7.34	3.2	4.64	1511	4000	1.979	2.129	True	398.6	211	187.5
586	30	2	1.0	elu	120	40	0.0008455	13.2	1.91	2.25	4634	4000	2.044	2.191	True	412.6	201.2	211.4
587	27	2	1.0	elu	120	40	0.0007685	10.6	3.46	3.08	3795	4000	2.804	3.066	True	405.6	204.8	200.8
588	30	2	1.0	elu	120	40	0.001067	8.79	2.67	2.06	3836	3000	2.262	2.403	True	348.7	181.8	166.9
589	28	2	1.0	elu	120	40	0.0008408	5.49	4.11	4.75	831	4000	2.245	2.545	True	379.7	184.2	195.5
590	26	2	1.0	elu	120	40	0.0007062	15.8	1.41	2.57	3925	4000	2.215	2.484	True	419.8	223	196.9
591	28	2	1.0	elu	120	40	0.0009055	6.87	2.36	1.98	3248	3000	2.509	2.539	True	508.4	251.7	256.7
592	30	2	1.0	elu	120	40	0.0007157	9.17	4.89	4.69	1894	4000	2.492	2.67	True	359	181.6	177.4
593	28	2	1.0	elu	120	40	0.0009318	9.42	3.18	2.5	3503	4000	2.321	2.378	True	590.8	306.9	283.9
594	30	2	1.0	elu	120	40	0.0008629	15.1	4.51	3.6	1923	4000	3.565	3.259	True	684.6	377.8	306.8
596	25	2	1.0	elu	120	40	0.0008628	10.5	1.88	4.08	3610	4000	2.375	2.266	True	327.7	165.9	161.9
595	29	2	1.0	elu	120	40	0.0006568	10.6	2.45	4.55	2043	4000	2.715	2.913	True	809.9	415.7	394.1
597	29	2	1.0	elu	120	40	0.0007644	5.46	3.63	4.35	1186	4000	2.523	2.534	True	340.2	164.3	175.9
598	29	2	1.0	elu	120	40	0.0008027	14.4	2.03	1.73	2053	4000	2.306	2.215	True	882.6	446.8	435.8
599	29	2	1.0	elu	120	40	0.001129	10.1	2.98	1.89	4081	3000	2.44	2.231	True	372.1	191.5	180.6
601	26	2	1.0	elu	120	40	0.0007943	8.21	3.4	4.28	1238	1500	3.53	3.115	True	730.2	433.9	296.3
600	30	2	1.0	elu	120	40	0.0007187	8.76	3.56	4.93	1788	4000	2.316	2.564	True	338.8	167.5	171.3
602	28	2	1.0	elu	120	40	0.0007959	6.28	4.35	3.94	706	4000	2.337	2.554	True	464.1	236.2	227.9
603	29	2	1.0	elu	120	40	0.001059	11.1	2.21	2.06	3935	3000	2.512	2.52	True	342.5	169.7	172.8
604	26	2	1.0	elu	120	40	0.0008192	10.6	3.07	3.77	1183	4000	2.3	2.272	True	382.7	184.2	198.5
605	28	2	1.0	elu	120	40	0.0007929	15.9	1.91	2.45	3588	4000	2.031	2.097	True	369.9	188.7	181.2
606	28	2	1.0	elu	120	40	0.0008476	15.6	3.17	3.22	2446	4000	2.179	2.043	True	432.4	226.5	205.9
607	30	2	1.0	elu	120	40	0.0007188	6.25	4.38	4.49	1661	4000	2.493	2.636	True	388	193.1	194.9
608	29	2	1.0	elu	120	40	0.0006923	7.82	4.01	4.38	227	4000	2.554	2.606	True	395.7	198.1	197.6
609	28	2	1.0	elu	120	40	0.0006346	8.11	3.6	3.92	2164	4000	2.452	2.548	True	380.2	184.8	195.4
610	30	2	1.0	elu	120	40	0.0006864	6.97	4.36	4.68	778	4000	2.447	2.502	True	383	197.6	185.4
611	28	2	1.0	elu	120	40	0.0009085	9.38	1.64	3.77	4290	4000	2.32	2.38	True	396.9	215.3	181.6
612	24	2	1.0	elu	120	40	0.0009353	11.1	1.81	4.56	3435	4000	2.147	2.079	True	371.9	187.4	184.5
613	31	2	1.0	elu	120	40	0.0008899	7.88	3.85	4.48	637	4000	2.312	2.565	True	448	218.2	229.7
614	25	2	2.0	elu	120	40	0.0008159	8.7	4.22	3.99	829	4000	2.077	2.232	True	446.9	228.5	218.5
615	25	2	1.0	elu	120	40	0.0008005	11.3	1.98	4.14	3752	4000	2.252	2.239	True	359.6	185.8	173.8
617	25	2	1.0	elu	120	40	0.0008085	11.8	1.53	4.16	3942	4000	3.103	2.663	True	2124	995.4	1128
616	27	2	1.0	elu	120	40	0.0007806	8.34	3.01	3.11	2174	4000	2.525	2.5	True	398.2	197.3	201
618	26	2	1.0	elu	120	40	0.0007656	11.3	1.98	3.06	3866	4000	2.181	2.309	True	541.2	263.4	277.9
619	27	2	1.0	elu	120	40	0.0008008	7.99	4.31	4.07	679	4000	2.288	2.423	True	361.5	193.2	168.4
621	27	2	1.0	elu	120	40	0.0008081	15.2	1.6	2.82	3064	4000	4.89	4.227	True	6465	2135	4330
620	29	2	1.0	elu	120	40	0.0006998	12.9	3.78	3.2	2501	4000	2.379	2.669	True	431.5	211.1	220.4
622	29	2	1.0	elu	120	40	0.001049	14.2	1.63	2.14	3421	4000	3.628	2.43	True	893.3	547	346.3
623	24	2	1.0	elu	120	40	0.0007175	8.69	3.76	4.34	713	4000	2.498	2.845	True	363.9	177.5	186.4
624	27	2	1.0	elu	120	40	0.0006293	8.85	4.27	3.98	1403	4000	2.78	2.636	True	592.3	295.9	296.3
625	29	2	1.0	gelu	120	40	0.0006929	10.4	2.95	4.45	1665	4000	2.502	2.449	True	984	506.3	477.7
628	25	2	1.0	elu	120	40	0.0008157	10.2	1.9	4.31	3000	4000	4.571	4.3	True	1207	600.4	606.2
626	32	2	1.0	elu	120	40	0.0008547	8.9	3.26	4.96	1432	4000	2.58	2.484	True	386.5	180.3	206.2
627	32	2	1.0	elu	120	40	0.0006925	11.6	3.36	4.56	577	4000	2.111	2.241	True	345	172.5	172.5
629	30	2	1.0	elu	120	40	0.0009379	12.9	1.28	2.21	5094	4000	2.569	2.357	True	407	212.4	194.6
631	24	2	1.0	elu	120	40	0.0009856	11.4	1.52	3.95	3714	4000	2.22	2.382	True	377.8	180	197.9
630	32	2	1.0	elu	120	160	0.0006659	9.82	4.41	4.99	1268	4000	2.532	2.353	True	604.3	346.7	257.5
632	29	2	1.0	elu	120	40	0.0007857	13.3	4.4	2.85	2077	4000	2.576	2.296	True	377.9	168.5	209.3
633	28	2	1.0	elu	120	40	0.0007082	10.2	1.85	3.72	3263	4000	2.669	2.664	True	714.5	372	342.5
634	29	2	1.0	elu	120	40	0.0007277	5.81	4.05	3.61	1131	4000	2.61	2.644	True	520.7	275.3	245.3
635	26	2	1.0	elu	120	40	0.0008014	17.4	1.59	2.28	3250	4000	2.23	2.119	True	323.3	162.3	160.9
637	26	2	1.0	elu	120	40	0.0009552	9.41	2.3	4.16	3639	4000	2.837	2.761	True	387.2	209.7	177.6
636	27	2	1.0	elu	120	40	0.0009603	11.3	3.09	3.58	1174	4000	2.188	2.213	True	350.5	173.7	176.8
638	27	2	1.0	elu	120	40	0.0006776	8.24	4.14	3.74	778	4000	2.481	2.389	True	767.1	399.5	367.6
639	28	2	1.0	elu	120	40	0.0008162	9.27	2.23	4.03	3405	4000	2.331	2.537	True	366.9	168.4	198.4
640	26	2	1.0	elu	120	40	0.0006456	7.05	4.11	4.28	1348	4000	2.422	2.424	True	520.7	270.9	249.9
642	26	2	1.0	elu	120	40	0.0008236	19.5	1.38	2.28	3093	4000	2.401	2.126	True	393.1	188.3	204.8
641	26	2	1.0	elu	120	40	0.0007464	8.52	3.38	3.72	1158	4000	2.384	2.546	True	444.9	227.7	217.2
643	29	2	1.0	elu	120	40	0.0007052	14	1.86	2.51	5145	4000	2.345	2.602	True	472.4	233.7	238.8
644	31	2	1.0	elu	120	40	0.0007078	12.6	1.35	2.43	5255	4000	2.184	2.198	True	359.8	174.9	184.9
645	31	2	1.0	elu	120	40	0.0006804	11.9	4.24	3.14	1844	4000	2.375	2.347	True	415.5	199	216.5
646	27	2	1.0	elu	120	40	0.0007676	17.1	1.32	1.81	3498	4000	3.422	3.302	True	2553	1440	1113
647	28	2	1.0	elu	120	40	0.00068	14	3.84	3.71	992	4000	2.553	2.439	True	1202	657	545.4
648	30	2	1.0	elu	120	40	0.0006896	13	2.63	1.87	2441	4000	2.309	2.259	True	338.2	162.9	175.3
649	29	2	1.0	elu	120	40	0.0008321	14.9	3.41	4.2	1688	4000	2.199	2.247	True	389.6	208.3	181.4
650	26	2	1.0	elu	120	40	0.0007858	8.61	3.55	4.9	1370	4000	2.505	2.547	True	538.8	290.6	248.3
651	28	2	1.0	elu	120	40	0.0006924	6.46	4.58	4.16	1118	4000	2.506	2.796	True	493.5	236.2	257.3
652	27	2	1.0	elu	120	40	0.0007861	15.6	1.59	2.73	4238	4000	2.125	2.148	True	868.1	432.6	435.5
653	27	2	1.0	elu	120	40	0.0007867	15.4	1.67	2.27	3087	4000	2.128	2.334	True	360.5	189.3	171.2
654	25	2	1.0	elu	120	40	0.0008523	11.9	1.57	2.21	3257	4000	2.367	2.421	True	397.4	196.4	201
655	28	2	1.0	elu	120	40	0.0007315	15.6	1.14	2.18	3149	4000	2.168	2.341	True	378.9	177.5	201.4
656	32	2	1.0	elu	120	40	0.0008634	9.15	3.27	4.09	2086	4000	2.479	2.799	True	417.3	203.3	214
657	27	2	1.0	elu	120	40	0.0008587	7.49	3.57	4.38	901	4000	2.253	2.22	True	349.9	175.1	174.8
658	29	2	1.0	elu	120	40	0.0006388	11.9	3.22	4.5	1927	4000	2.19	2.206	True	413.4	200.4	213
659	27	2	1.0	elu	120	40	0.000722	17.7	1.88	2.74	4147	4000	2.134	1.969	True	354.3	180.7	173.6
660	28	2	1.0	elu	120	40	0.001028	13.4	1.64	2.66	3507	4000	2.233	2.171	True	404.8	201.2	203.6
661	25	2	1.0	elu	120	40	0.0008417	17.9	1.73	2.21	3144	4000	2.104	2.191	True	377.1	185.7	191.4
662	25	2	1.0	elu	120	40	0.0007621	8.67	1.86	3.08	4374	4000	2.581	2.527	True	508.8	263.4	245.4
663	25	2	1.0	elu	120	40	0.0007424	7.61	4.1	4.33	1119	4000	2.511	2.451	True	395	193	202
664	31	2	1.0	elu	120	40	0.0009002	16.1	1.41	2.58	3348	4000	2.226	2.51	True	363.3	175.5	187.9
665	26	2	1.0	elu	120	40	0.0007221	13.9	1.52	2.86	3505	4000	1.99	2.104	True	363.1	186.4	176.7
666	29	2	1.0	elu	120	40	0.0007298	16.6	3.01	3.77	1345	4000	2.651	2.314	True	419.8	216.3	203.4
667	27	2	1.0	elu	120	40	0.0009516	9.12	3.22	3.51	1637	4000	2.558	2.694	True	462.8	239	223.8
668	30	2	1.0	elu	120	40	0.000785	14.3	3.46	3.6	2177	4000	2.219	2.542	True	350.7	169.6	181.1
669	28	2	1.0	elu	120	40	0.0008091	10.4	2.45	4.32	1718	4000	2.007	2.095	True	323.8	164	159.8
670	30	2	1.0	elu	120	40	0.0007843	9.74	1.56	2.28	4156	4000	2.053	2.174	True	566.5	261.1	305.4
671	26	2	1.0	elu	120	40	0.0007695	12.4	3.2	3.9	2449	4000	2.386	2.767	True	393.4	197.3	196.1
672	25	2	1.0	elu	120	40	0.0009422	19.2	1.48	2.05	3486	4000	2.113	2.238	True	407.4	201.5	205.9
673	29	2	1.0	elu	120	40	0.0008576	13.4	1.43	2.52	4385	4000	2.239	2.219	True	351.5	178.7	172.9
674	28	2	1.0	elu	120	40	0.0007524	9.33	4.63	4.36	770	4000	2.421	2.502	True	666.5	334.3	332.2
675	25	2	1.0	elu	120	40	0.0008685	9.61	1.55	4.71	3670	4000	2.276	2.573	True	477.7	251.3	226.3
676	28	2	1.0	elu	120	40	0.0007413	9.28	1.89	3.48	3889	4000	2.25	2.175	True	385.7	200.5	185.2
677	26	2	1.0	elu	120	40	0.0006763	12.5	2.04	2.62	3293	4000	2.046	2.323	True	447.8	221.1	226.8
678	29	2	1.0	elu	120	40	0.0007426	11.4	3.14	3.36	1889	4000	2.607	2.621	True	365.1	179.9	185.2
679	26	2	1.0	elu	120	40	0.0009119	11.6	1.85	3.86	4017	4000	2.191	2.433	True	369.1	188.4	180.6
680	30	2	1.0	elu	120	40	0.0008729	8.85	3.06	4.57	1294	1500	3.139	3.077	True	797.3	430.2	367.1
681	27	2	1.0	elu	120	40	0.0008919	11.4	2.57	4.91	1724	4000	2.264	2.389	True	391.6	202.7	188.9
682	28	2	1.0	elu	120	40	0.0006977	10	4.57	4.22	2644	4000	2.524	2.591	True	386.1	182	204.1
683	30	2	1.0	elu	120	40	0.0008442	8.27	2.92	4.66	235	4000	2.347	2.164	True	383.8	187.3	196.4
684	28	2	1.0	elu	120	40	0.0007511	10.3	2.06	4.48	1666	4000	2.559	2.423	True	495.1	223.6	271.5
685	28	2	1.0	elu	120	40	0.0008272	8.92	2.23	4.38	1865	4000	2.145	2.12	True	362.6	184	178.6
686	28	2	1.0	elu	120	40	0.001104	9.42	3.23	1.94	3384	3000	2.593	2.455	True	538.1	266.7	271.3
687	27	2	1.0	elu	120	40	0.0008305	13.3	1.87	2.02	3838	4000	2.201	2.351	True	387.3	193.6	193.7
688	26	2	1.0	elu	120	40	0.000807	19.6	1.61	2.51	3504	4000	2.227	1.907	True	358.6	176.7	181.9
690	27	2	1.0	elu	20	40	0.0006996	11.2	3.87	3.68	1773	4000	38.28	53.03	True	834.1	412.3	421.9
689	29	2	1.0	elu	120	40	0.0008738	6.02	5.19	4.38	1625	4000	2.35	2.592	True	368.9	189.8	179.1
691	28	2	1.0	elu	120	40	0.0007844	7.52	4.79	4.75	1034	4000	2.629	2.703	True	523.3	256.8	266.5
692	27	2	1.0	elu	120	40	0.0009779	9.54	2.68	4.43	1847	4000	2.119	2.107	True	341.6	170.7	171
693	23	2	1.0	elu	120	40	0.0008635	12.3	2.13	4.5	3864	4000	1.987	2.07	True	531.8	269.4	262.4
694	24	2	1.0	elu	120	40	0.0009064	9.83	2.37	4.01	4196	4000	2.251	2.554	True	365.5	173.1	192.4
695	27	2	1.0	elu	120	40	0.0008292	13.5	2.08	2.28	4287	4000	2.278	2.46	True	324.9	164.3	160.6
697	27	2	1.0	elu	120	40	0.0007575	15.1	1.38	2.51	3200	4000	2.214	2.506	True	497	255.1	241.9
696	32	2	1.0	elu	120	40	0.0006969	9.46	3	4.18	1093	4000	2.385	2.373	True	477.8	241.5	236.3
699	29	2	1.0	elu	120	40	0.0008852	15	1.62	2.19	2587	4000	2.733	2.677	True	408.5	209.5	199
698	27	2	1.0	elu	120	40	0.000836	12	2.12	4.22	1340	4000	2.117	1.917	True	378.3	195	183.3
700	24	2	1.0	elu	120	40	0.0009081	9.18	1.82	4.24	3908	4000	2.292	2.402	True	366.6	181.2	185.3
701	26	2	1.0	elu	120	40	0.0009499	18.9	1.48	2.46	3062	4000	2.365	2.434	True	954.4	474.6	479.8
702	28	2	1.0	elu	120	40	0.0007975	10.6	2.35	4.64	1179	4000	2.193	2.194	True	428.1	215.2	212.9
703	29	2	1.0	elu	120	40	0.0006911	16.9	1.27	2.27	4027	4000	2.065	2.013	True	591.1	352	239.1
704	31	2	1.0	elu	120	40	0.000816	14.9	1.55	2.13	4970	4000	2.121	2.092	True	545.7	292.9	252.8
706	26	2	1.0	elu	120	40	0.0007646	18.8	1.77	1.96	2708	4000	2.367	2.367	True	552.5	286.6	265.9
705	28	2	1.0	elu	120	40	0.0007895	11	2.44	4.55	2394	4000	2.283	2.381	True	362.2	178.3	183.9
707	28	2	1.0	elu	120	40	0.0006804	5.27	4.09	4.79	1255	4000	2.203	2.455	True	376.8	181.1	195.7
708	30	2	1.0	elu	120	40	0.0006509	6.33	3.58	4.21	756	4000	2.397	2.418	True	476.9	226.6	250.3
709	25	2	1.0	elu	120	40	0.0008044	14	3	4.31	1894	4000	2.118	2.1	True	374.2	177.8	196.3
710	24	2	1.0	elu	120	40	0.0008512	11.6	1.97	3.64	3000	4000	2.013	2.175	True	396.1	193.8	202.3
711	28	2	1.0	elu	120	160	0.0007818	13	1.07	2.45	3510	4000	3.438	2.741	True	2123	1142	981.5
713	25	2	1.0	elu	120	40	0.0007611	15.9	1.69	2.26	3625	4000	2.257	2.272	True	332.4	172.3	160.1
712	26	2	1.0	elu	120	40	0.000756	10.5	4.21	3.32	2086	4000	2.949	2.937	True	746.2	358.8	387.4
714	25	2	1.0	elu	120	40	0.0007516	8.75	3.99	3.91	1499	4000	2.521	2.441	True	343	172.9	170.1
715	29	2	1.0	elu	120	40	0.000579	8.45	4.32	4.48	1188	4000	2.601	2.63	True	463.3	231.5	231.8
716	31	2	1.0	elu	120	80	0.0008697	9.94	3.44	3.87	975	4000	2.615	2.57	True	618.2	301.6	316.6
717	26	2	1.0	elu	120	40	0.0006929	9.7	2.22	4.51	2059	4000	2.839	2.8	True	427.9	206.8	221.1
718	29	2	1.0	elu	120	40	0.0007661	10.3	2.55	1.87	1940	4000	2.511	2.468	True	424.1	212.9	211.3
720	26	2	1.0	elu	120	40	0.0008652	11.8	3.52	4.68	1336	2000	3.063	2.986	True	1042	564.5	477.3
719	25	2	1.0	elu	120	40	0.0007675	15.9	1.37	2.28	3624	4000	2.189	2.358	True	401.8	199.2	202.5
721	24	2	1.0	elu	120	40	0.0007341	14.5	1.66	2.27	3096	4000	2.442	2.379	True	1210	559.6	650.8
722	26	2	1.0	elu	120	40	0.0008666	14.2	2.21	2.18	3963	4000	2.175	2.291	True	344.8	171.5	173.2
723	28	2	1.0	elu	120	40	0.0007526	11.6	2	2.08	4859	4000	2.199	2.233	True	476.2	238.8	237.4
724	28	2	1.0	elu	120	40	0.0008298	12.9	3.41	2.19	1966	4000	3.179	2.781	True	593.9	319.7	274.1
727	25	2	1.0	elu	120	40	0.0007925	15.6	1.67	2.26	3640	2000	2.781	2.723	True	1208	533.7	674.4
725	30	2	1.0	elu	120	40	0.0007859	11	1.39	2.61	4488	3000	2.244	2.465	True	357.7	179.8	178
726	30	2	1.0	elu	120	40	0.0008462	16.3	1	2.55	4187	4000	2.308	2.362	True	373.3	188.6	184.7
728	26	2	1.0	elu	120	40	0.0007852	17.8	1.9	2.29	3928	4000	2.314	2.463	True	629.6	321.3	308.3
729	26	2	1.0	elu	120	40	0.0008799	16.6	1.4	2.11	4383	4000	2.594	2.633	True	437.5	231.5	206
730	28	2	1.0	elu	120	40	0.0007413	12.9	4.29	4.62	2149	4000	2.162	2.271	True	506.8	296	210.8
732	27	2	1.0	elu	120	40	0.0008533	7.37	3.15	3.83	1275	4000	2.246	2.374	True	355.4	176.9	178.5
731	27	2	1.0	elu	120	40	0.0005756	10.2	2.8	4.92	1290	4000	2.528	2.654	True	594.5	317.3	277.2
733	28	2	1.0	elu	120	40	0.0008345	11.8	1.85	2.56	4981	4000	1.966	2.184	True	374.4	166.4	208
734	25	2	1.0	elu	120	40	0.0008149	19.5	1.77	2.35	2442	4000	2.237	2.289	True	372.2	189.6	182.6
735	29	2	1.0	elu	120	40	0.0006965	11.1	1.25	2.5	4591	4000	2.274	2.48	True	347.8	168	179.8
736	28	2	1.0	elu	120	40	0.0009077	14	1.95	2.24	4201	4000	2.428	2.394	True	621.7	307.5	314.3
737	30	2	1.0	elu	120	40	0.0009093	12.7	3.19	1.97	1440	4000	2.197	2.214	True	351.2	182.5	168.7
738	32	2	1.0	elu	40	40	0.0008758	10.5	3.51	4.45	681	4000	4.125	3.385	True	1e+06		
739	25	2	1.0	elu	120	40	0.0008169	14.4	1.61	2.97	4174	4000	2.295	2.565	True	398.5	196.4	202.1
740	28	2	1.0	elu	120	40	0.000772	10.4	3.81	3.45	1240	3000	2.676	2.593	True	560.3	279.2	281.1
741	25	2	1.0	elu	120	40	0.0006622	10.5	4.08	3.9	1619	4000	2.395	2.288	True	392.8	182	210.8
745	27	2	1.0	elu	120	40	0.0007173	15.5	1.03	2.48	4128	4000	2.434	2.172	True	1e+06		
749	25	2	0.5	elu	120	40	0.000766	17.9	1.67	2.49	4204	4000	2.829	2.588	True	1e+06		
742	28	2	1.0	elu	120	40	0.0009146	10.9	2.12	2.11	4571	4000	2.108	2.241	True	418.8	206.1	212.7
743	25	2	1.0	elu	120	40	0.0008603	8.22	1.62	2.76	4156	4000	2.108	2.254	True	364.8	185	179.8
750	26	2	1.0	elu	120	40	0.0007596	8.96	1.52	4.23	3536	4000	2.084	1.987	True	1e+06		
753	28	2	1.0	elu	120	40	0.000828	8.89	3.19	4.59	579	4000	2.13	2.044	True	1e+06		
744	26	2	1.0	elu	120	40	0.0009233	11.1	2.06	4.54	1983	4000	2.129	2.011	True	363.7	183.3	180.3
754	32	2	1.0	elu	120	40	0.0007467	11.4	3.01	4.94	1128	4000	2.236	2.232	True	1e+06		
746	28	2	1.0	elu	120	40	0.0007709	14.9	3.85	2.29	1587	4000	2.2	2.341	True	358.3	171.5	186.8
747	30	2	1.0	elu	120	40	0.0008182	12.5	4.39	3.55	1444	4000	2.458	2.404	True	620.3	341.5	278.7
756	26	2	1.0	elu	120	40	0.0008409	14.1	1.66	2.33	4239	4000	2.361	2.295	True	1e+06		
748	32	2	1.0	elu	120	40	0.0008506	10.2	2.55	4.34	761	4000	2.077	2.173	True	537.4	295	242.4
759	29	2	1.0	elu	120	40	0.000778	10.9	3.89	3.1	723	4000	2.282	2.263	True	1e+06		
752	25	2	1.0	elu	120	40	0.0007614	7.92	3.17	4.56	342	4000	2.251	2.189	True	1e+06		
761	27	2	1.0	elu	120	40	0.0007556	11.1	2.71	4.35	1511	500	4.645	3.785	True	1e+06		
751	27	2	0.5	elu	120	40	0.0006985	10	3.75	3.99	785	4000	2.773	2.786	True	5.287e+04	2.758e+04	2.528e+04
762	26	2	1.0	elu	120	40	0.0008236	15.9	1.37	2.08	2763	4000	4.422	3.647	True	1e+06		
763	25	2	1.0	elu	120	40	0.0008995	18.3	1.81	2.56	3801	4000	2.266	2.327	True	1e+06		
765	27	2	1.0	elu	120	40	0.0007097	11.9	4.19	3.99	1317	4000	2.519	2.497	True	1e+06		
766	29	2	1.0	elu	120	40	0.0007182	14.4	2.08	2.11	4503	4000	2.151	2.056	True	1e+06		
755	27	2	1.0	elu	120	40	0.0008659	8.25	1.63	2.99	3636	4000	2.538	2.376	True	1e+06		
767	27	2	1.0	elu	120	40	0.000919	11.4	2.25	2.18	3817	4000	2.212	2.28	True	1e+06		
758	25	2	1.0	elu	20	40	0.0009394	8.91	1.61	3.68	3551	4000	80.19	7.395	True	1e+06		
757	25	2	1.0	elu	120	80	0.0006833	19	1.65	2.08	3161	4000	2.368	2.156	True	768.1	409.1	359
768	27	2	1.0	elu	120	40	0.0009079	7.71	1.92	2.63	4091	4000	2.438	2.626	True	1e+06		
760	25	2	1.0	elu	120	40	0.0008127	19.1	1.5	1.94	3354	1000	3.471	2.973	True	1e+06		
769	32	2	1.0	elu	120	40	0.0007353	9	3.77	4.38	915	4000	2.479	2.609	True	1e+06		
770	27	2	1.0	gelu	120	40	0.0007598	15.1	1.48	2.17	4262	4000	2.135	2.194	True	1e+06		
771	29	2	1.0	elu	120	40	0.0008912	13.3	2.31	2.7	4267	4000	2.364	2.19	True	1e+06		
775	24	2	1.0	elu	120	40	0.0008981	8.53	1.86	4.36	2924	4000	3.174	2.827	True	1e+06		
774	26	2	1.0	elu	120	40	0.0008536	15.4	1.63	1.91	4110	4000	2.098	2.064	True	1e+06		
773	27	2	1.0	elu	120	40	0.0008869	13	1.91	2.28	4888	4000	2.274	2.325	True	1e+06		
776	24	2	1.0	elu	120	40	0.000733	18.4	2.04	2.37	3310	4000	2.391	2.374	True	1e+06		
777	29	2	1.0	elu	120	40	0.0008909	10	2.05	4.67	1499	4000	2.298	2.257	True	1e+06		
778	27	2	1.0	elu	120	40	0.0007308	7.15	3.77	3.8	2024	4000	2.491	2.432	True	1e+06		
764	28	2	1.0	elu	120	40	0.001011	13.3	1.1	2.18	3623	4000	1.994	1.823	True	1e+06		
779	27	2	1.0	elu	120	40	0.0008857	8.98	3.58	4.07	606	4000	2.791	2.551	True	1e+06		
780	30	2	1.0	elu	120	40	0.0008494	7	3.55	4.97	1010	4000	2.324	2.262	True	1e+06		
781	29	2	1.0	elu	120	40	0.0007959	17.4	2.3	1.74	1844	4000	2.309	2.46	True	1e+06		
785	29	2	1.0	elu	120	40	0.001016	9.65	2.16	2.26	4243	1500	3.069	2.872	True	1e+06		
782	26	2	1.0	elu	120	40	0.0007654	16	2.15	2.53	4374	4000	2.253	2.082	True	1e+06		
783	29	2	1.0	elu	120	40	0.0009395	17.9	1.52	2.02	3725	4000	2.028	2.077	True	1e+06		
788	32	2	1.0	elu	120	40	0.0007449	13.2	3.9	3.4	1541	500	4.932	4.015	True	1e+06		
784	26	2	1.0	elu	120	40	0.0008023	11	2.24	3.62	3997	4000	2.568	2.345	True	1e+06		
786	26	2	1.0	elu	120	40	0.0008389	12.7	2.34	2.51	4610	4000	2.119	2.126	True	1e+06		
787	30	2	1.0	elu	120	40	0.0005806	10	4.37	4.88	2096	4000	2.253	2.289	True	1e+06		
791	27	2	1.0	elu	80	40	0.0005848	10.4	3.31	4.47	1263	4000	2.674	2.738	True	1e+06		
792	25	2	1.0	elu	120	40	0.0008093	18.6	1.46	2.29	2157	4000	3.709	3.6	True	1e+06		
789	28	2	1.0	elu	120	40	0.0008275	15.6	2.21	2.46	4828	4000	2.151	2.398	True	1e+06		
790	24	2	1.0	elu	120	40	0.001032	11.2	2.06	4.06	3539	4000	2.38	2.394	True	1e+06		
797	28	2	1.0	elu	40	40	0.0006794	8	3.23	4.85	1189	4000	5.6	5.25	True	1e+06		
798	24	2	1.0	elu	120	40	0.0008342	16.8	1.33	2.16	4086	1500	3.825	3.276	True	1e+06		
794	27	2	1.0	elu	120	80	0.0007252	9.18	3.72	3.85	1764	4000	2.714	2.694	True	1e+06		
793	31	2	1.0	elu	120	40	0.000739	6.02	4.82	4.05	608	4000	2.29	2.483	True	1e+06		
795	31	2	1.0	elu	120	40	0.0008629	9.66	4.09	4.12	646	4000	2.163	2.507	True	1e+06		
796	27	2	1.0	elu	120	40	0.0007739	13.2	2.39	2.08	3676	4000	2.247	2.255	True	1e+06		
799	28	2	1.0	elu	120	40	0.0008427	15	2.34	2.09	2110	4000	2.697	2.775	True	1e+06		
772	29	2	1.0	elu	120	40	0.0007096	12.2	4.37	3.92	2184	4000	2.153	2.024	True	1e+06		
804	25	2	1.0	relu	120	40	0.0008583	8.76	3.54	3.69	1416	4000	4.277	3.666	True	1e+06		
800	26	2	1.0	elu	120	40	0.0008476	13.7	1.9	2.29	2466	4000	2.002	1.902	True	1e+06		
808	29	2	1.0	elu	40	40	0.0008346	11.2	3.66	4.22	1084	4000	3.666	3.089	True	1e+06		
801	24	2	1.0	elu	120	40	0.0008866	16.5	1.36	2.24	3185	4000	2.191	2.315	True	1e+06		
802	30	2	1.0	elu	120	40	0.0008723	11.5	1.3	2.45	3474	4000	2.04	2.34	True	1e+06		
803	25	2	1.0	elu	120	40	0.0009413	15.3	1.6	2.01	3432	4000	2.355	2.191	True	1e+06		
805	31	2	1.0	elu	120	40	0.0006412	15.1	1.34	2.43	4688	4000	2.008	1.832	True	1e+06		
806	30	2	1.0	elu	120	40	0.0006306	11.1	2.88	4.82	569	4000	2.063	2.116	True	1e+06		
807	28	2	1.0	elu	120	40	0.0006592	15.5	1.48	2.46	3601	4000	2.117	2.119	True	1e+06		
809	25	2	1.0	elu	120	40	0.0007586	11.8	1.79	2.4	2938	4000	2.398	2.352	True	1e+06		
810	28	2	1.0	elu	120	40	0.0009228	13	1.68	2.26	3608	4000	2.135	2.145	True	1e+06		
811	30	2	1.0	elu	120	40	0.0008403	6.55	4.32	4.36	1036	4000	2.714	2.684	True	1e+06		
812	30	2	1.0	elu	120	40	0.0008573	14	2.71	2.5	2451	4000	2.078	2.219	True	1e+06		
813	25	2	1.0	elu	120	40	0.0009125	18.3	1.62	2.07	2529	4000	2.16	2.197	True	1e+06		
815	27	2	1.0	elu	120	40	0.0007237	19.3	1.57	2.16	3520	4000	2.731	2.639	True	1e+06		
814	28	2	1.0	elu	120	40	0.0009725	16.1	1.29	2.58	2760	4000	2.011	1.882	True	1e+06		
818	30	2	1.0	relu	120	40	0.0009023	16.9	1.52	2.77	3828	4000	2.4	2.557	True	1e+06		
816	26	2	1.0	elu	120	40	0.0008331	11.8	2.01	2.25	4297	4000	2.29	2.288	True	1e+06		
817	30	2	1.0	elu	120	40	0.0009645	9.29	2.25	2.03	4067	3000	2.136	2.251	True	1e+06		
819	27	2	1.0	elu	120	40	0.0007231	6.98	4.16	4.54	658	4000	2.511	2.732	True	1e+06		
820	23	2	1.0	elu	120	40	0.0007635	14.4	1.7	2.32	3828	4000	2.701	2.536	True	1e+06		
821	26	2	1.0	elu	120	40	0.0007895	19.3	1.47	2.36	5384	4000	2.205	2.418	True	1e+06		
822	29	2	1.0	elu	120	40	0.0007775	14.3	3.47	2.53	3083	4000	2.162	2.251	True	1e+06		
825	25	2	1.0	elu	120	40	0.0008619	10.2	2.1	4.91	3716	4000	2.222	2.187	True	1e+06		
823	29	2	1.0	elu	120	40	0.0007327	14	1.69	1.93	1873	4000	2.366	2.357	True	1e+06		
824	31	2	1.0	elu	120	40	0.0009003	9.23	4.48	4.95	743	4000	2.58	2.777	True	1e+06		
826	26	2	1.0	elu	120	40	0.0007963	16.1	1.8	3.01	3712	4000	1.966	2.004	True	1e+06		
827	28	2	1.0	elu	120	40	0.0006566	8.25	3.79	3.41	1642	4000	2.502	2.623	True	1e+06		
828	31	2	1.0	elu	120	40	0.0006973	14.6	4.04	3.76	1097	4000	2.287	2.314	True	1e+06		
834	27	2	1.0	elu	120	40	0.0006442	11.1	3.88	4.47	1267	500	4.549	3.799	True	1e+06		
829	25	2	1.0	elu	120	40	0.0008807	14.1	1.85	2.33	3600	4000	2.02	2.206	True	1e+06		
831	26	2	1.0	elu	120	40	0.0007938	9.71	4.15	3.61	567	4000	2.138	2.362	True	1e+06		
830	26	2	1.0	elu	120	40	0.000585	11.5	3.7	4.34	2012	4000	2.248	2.231	True	1e+06		
832	31	2	1.0	elu	120	40	0.0008592	14.4	4.66	4.01	1369	4000	2.447	2.284	True	1e+06		
833	23	2	1.0	elu	120	40	0.0006449	16.8	1.66	2.36	3140	4000	2.611	2.578	True	1e+06		
839	29	2	1.0	elu	120	40	0.0007093	17.1	1.35	2.29	5000	4000	4.412	3.642	True	1e+06		
835	30	2	1.0	elu	120	40	0.0008455	15.1	3.59	1.88	1622	4000	2.36	2.291	True	1e+06		
837	26	2	1.0	elu	120	40	0.0009707	15	2.11	2.5	4872	4000	2.166	2.378	True	1e+06		
836	28	2	1.0	elu	120	40	0.0008086	6.66	4.1	4.21	1460	4000	2.601	2.78	True	1e+06		
838	27	2	1.0	elu	120	40	0.0005836	10.9	2.68	3.75	1144	4000	2.174	2.198	True	1e+06		
840	25	2	1.0	elu	120	40	0.0006703	17.6	1.88	2.53	3882	4000	2.176	2.187	True	1e+06		
841	26	2	1.0	elu	120	40	0.0006204	13.9	1.59	2.61	3691	4000	2.466	2.673	True	1e+06		
842	26	2	1.0	elu	120	40	0.0007915	9.91	1.69	2.44	4084	4000	2.114	2.148	True	1e+06		
843	30	2	1.0	elu	120	40	0.001045	15.5	1.19	2.23	3836	4000	2.086	1.964	True	1e+06		
844	29	2	1.0	elu	120	40	0.0009802	6.62	3.55	4.38	1256	4000	2.701	2.323	True	1e+06		
846	27	2	1.0	elu	120	40	0.0008667	12.6	2.69	2.14	4411	4000	2.098	2.002	True	1e+06		
845	29	2	1.0	elu	120	40	0.0008324	9.43	1.5	2.85	3764	4000	2.393	2.367	True	1e+06		
848	27	2	1.0	elu	120	40	0.0007569	18.8	1.86	2.41	1586	4000	2.124	2.169	True	1e+06		
847	29	2	1.0	elu	120	40	0.0008324	12.1	2.08	2.18	1582	4000	2.373	2.319	True	1e+06		
849	27	2	1.0	elu	120	40	0.001038	8.24	1.78	2.09	3594	3000	2.59	2.561	True	1e+06		
850	26	2	1.0	elu	120	40	0.0009208	9.03	2.72	2.33	3916	3000	2.466	2.675	True	1e+06		
852	26	2	1.0	elu	120	40	0.0008158	10.6	4.25	4.28	1682	2000	2.9	2.885	True	1e+06		
853	25	2	1.0	elu	120	40	0.0007525	9.24	2.03	4.35	3832	4000	2.196	2.124	True	1e+06		
851	29	2	1.0	elu	120	40	0.0006886	12	3.12	2.76	4237	4000	2.379	2.539	True	1e+06		
856	27	2	1.0	elu	120	40	0.001034	8.88	3.04	1.94	4339	3000	2.235	2.169	True	1e+06		
854	27	2	1.0	elu	120	40	0.0007884	11.6	2.1	3.77	3369	4000	2.168	2.102	True	1e+06		
855	25	2	1.0	elu	120	40	0.000937	7.13	3.74	4.24	1016	4000	2.625	2.775	True	1e+06		
857	29	2	1.0	elu	120	40	0.0008834	11.6	2.87	4.96	1055	4000	2.785	2.858	True	1e+06		
858	26	2	1.0	elu	120	40	0.0006383	10.2	2.57	4.41	2493	4000	2.436	2.535	True	1e+06		
859	30	2	1.0	elu	120	40	0.0008095	8.92	2.38	2.44	3930	3000	2.552	2.625	True	1e+06		
861	30	2	1.0	elu	120	40	0.0009861	7.95	2.03	1.65	3720	3000	2.347	2.279	True	1e+06		
860	24	2	1.0	elu	120	40	0.0008973	10.6	1.77	3.65	3852	4000	2.173	2.106	True	1e+06		
862	29	2	1.0	elu	120	40	0.000761	11.9	2.06	2.23	3821	4000	2.117	2.673	True	1e+06		
864	27	2	1.0	elu	120	40	0.0008735	17.4	2.17	2.17	4299	4000	2.183	2.227	True	1e+06		
863	27	2	1.0	elu	120	40	0.0007536	16.5	1.35	2.26	2262	4000	2.022	2.416	True	1e+06		
869	25	2	1.0	elu	120	40	0.0007681	16.4	1.69	2.6	3403	500	4.465	3.786	True	1e+06		
865	28	2	1.0	elu	120	40	0.000803	15.1	2.06	3.02	3925	4000	1.993	2.062	True	1e+06		
866	28	2	1.0	elu	120	40	0.0008764	9.51	1.98	2.12	4062	3000	2.624	2.706	True	1e+06		
868	24	2	1.0	elu	120	40	0.0008132	16	1.54	2.37	1655	4000	2.523	2.436	True	1e+06		
867	29	2	1.0	elu	120	40	0.000875	8.85	5.06	4.43	666	4000	2.664	2.744	True	1e+06		
871	25	2	1.0	elu	120	40	0.0007934	19.2	1.38	2.72	3878	4000	1.943	1.915	True	1e+06		
872	28	2	1.0	elu	120	40	0.0008501	7.48	1.96	3.08	3624	4000	2.318	2.251	True	1e+06		
870	29	2	1.0	elu	120	40	0.0008147	4.9	4.48	4.08	917	4000	2.38	2.521	True	1e+06		
873	26	2	1.0	elu	120	40	0.0009553	11.1	1.8	3.69	3186	4000	2.53	2.031	True	1e+06		
874	27	2	1.0	elu	120	40	0.0007323	13.3	3.01	2.4	3788	4000	2.319	2.1	True	1e+06		
876	26	2	1.0	elu	120	40	0.0008653	10.5	2.11	1.85	3795	3000	2.502	2.542	True	1e+06		
879	29	2	1.0	elu	120	40	0.0007972	9.4	3.55	4.03	1516	1500	3.307	3.212	True	1e+06		
877	28	2	1.0	elu	120	40	0.0007554	7.81	2.34	2.03	3743	3000	2.474	2.676	True	1e+06		
875	30	2	1.0	elu	120	40	0.0007709	17.5	2.4	1.94	796	4000	1.963	1.909	True	1e+06		
878	31	2	1.0	elu	120	40	0.0006958	11.3	2.74	4.74	1895	4000	2.198	2.213	True	1e+06		
880	28	2	1.0	elu	120	80	0.0007644	11.7	3.46	4.09	1201	4000	2.401	2.532	True	1e+06		
883	27	2	1.0	elu	120	40	0.0009556	7.86	2.05	1.73	3992	3000	2.811	2.975	True	1e+06		
881	32	2	1.0	elu	120	40	0.0007771	15.9	1.26	2.24	4041	4000	2.484	2.371	True	1e+06		
882	30	2	1.0	elu	120	40	0.00076	11.7	3.39	1.91	1892	4000	2.086	2.121	True	1e+06		
885	24	2	1.0	elu	120	40	0.0007944	11.5	1.45	4.99	4134	4000	2.357	2.458	True	1e+06		
884	30	2	1.0	elu	120	40	0.0006651	14	2.58	1.84	1709	4000	2.018	2.422	True	1e+06		
886	27	2	1.0	elu	120	40	0.0008944	12.9	2.38	4.47	2179	4000	2.237	2.074	True	1e+06		
887	27	2	1.0	elu	120	40	0.000603	10.1	4.31	4.99	1536	4000	2.254	2.221	True	1e+06		
889	25	2	1.0	elu	120	40	0.0008957	7.98	4.31	4.16	1560	4000	2.449	2.437	True	1e+06		
893	30	2	1.0	elu	120	40	0.0008102	15.2	1.19	2.04	3641	1000	4.411	3.391	True	1e+06		
888	27	2	1.0	elu	120	40	0.0007266	12.3	1.78	2.39	3381	4000	2.088	2.294	True	1e+06		
890	29	2	1.0	relu	120	40	0.000886	7.85	3.76	4.16	1062	4000	2.545	2.632	True	1e+06		
896	29	2	1.0	elu	120	40	0.0007887	14.1	2.98	2.58	1728	500	5.379	4.22	True	1e+06		
898	28	2	1.0	elu	120	40	0.0006846	9.32	4.09	4.72	2338	500	4.874	3.97	True	1e+06		
892	26	2	1.0	elu	120	40	0.0006605	13.4	2.24	2.31	3811	4000	2.41	2.494	True	1e+06		
891	30	2	1.0	elu	120	40	0.0007663	15	2.1	2.13	2732	4000	2.055	1.846	True	1e+06		
894	25	2	1.0	elu	120	40	0.0007865	12.6	2.01	2.13	3324	4000	2.241	2.259	True	1e+06		
895	28	2	1.0	elu	120	40	0.0007866	13.3	3.63	1.84	1900	4000	2.259	2.387	True	1e+06		
897	27	2	1.0	elu	120	40	0.0008251	11.5	2.24	2.28	5116	4000	2.161	2.231	True	1e+06		
900	24	2	1.0	elu	120	40	0.0007651	11.6	4.4	4.06	1511	4000	2.819	2.828	True	1e+06		
899	27	2	1.0	elu	120	40	0.000824	17	1.62	2.31	2449	4000	2.263	2.135	True	1e+06		
901	31	2	1.0	elu	120	40	0.0007417	16.3	1	2.28	3942	4000	2.16	2.22	True	1e+06		
902	28	2	1.0	elu	120	40	0.0008663	7.77	2.04	3.72	3873	4000	2.379	2.467	True	1e+06		
903	26	2	1.0	elu	120	40	0.0007841	9.74	1.67	3.76	3201	4000	2.874	2.74	True	1e+06		
904	26	2	1.0	elu	120	40	0.0008457	10.8	2.54	4.23	1007	4000	2.318	2.422	True	1e+06		
905	25	2	1.0	elu	120	80	0.0007325	17.3	1.49	2.27	2721	4000	2.835	2.557	True	1e+06		
907	27	2	1.0	elu	120	40	0.0008783	11	1.9	4.16	3295	3000	2.276	2.293	True	1e+06		
913	30	2	1.0	elu	120	40	0.0008468	10.2	3.49	4.93	1358	500	5.104	4.085	True	1e+06		
906	27	2	1.0	elu	120	40	0.0007487	14.6	3.4	2.08	2248	4000	2.276	2.297	True	1e+06		
908	29	2	1.0	elu	120	40	0.000566	11	3.07	4.13	1601	4000	2.47	2.777	True	1e+06		
909	30	2	1.0	elu	120	40	0.0008031	14.5	3.33	2.78	2529	4000	2.314	2.347	True	1e+06		
916	29	2	1.0	elu	20	40	0.0008272	15.6	1.05	2.31	3519	4000	15.16	6.673	True	1e+06		
910	27	2	1.0	elu	120	40	0.0006931	8.83	4.01	4.38	519	4000	2.397	2.315	True	1e+06		
911	30	2	1.0	elu	120	40	0.0007311	10.3	2.88	4.12	508	4000	2.212	2.27	True	1e+06		
915	27	2	1.0	elu	120	40	0.0005999	11.6	2.07	4.44	1514	4000	2.846	2.531	True	1e+06		
912	27	2	1.0	elu	120	40	0.0006462	8.14	4.36	4.22	2272	4000	2.51	2.556	True	1e+06		
914	30	2	1.0	elu	120	40	0.0006938	10.3	4.14	3.53	2320	4000	2.413	2.236	True	1e+06		
917	29	2	1.0	elu	120	40	0.0006777	15	3.75	4.28	1427	2000	2.782	2.616	True	1e+06		
924	31	2	1.0	elu	120	40	0.0007433	12.6	1.76	2.58	5059	4000	4.09	3.415	True	1e+06		
918	29	2	1.0	elu	120	40	0.0007307	11	3.13	2.16	2575	4000	2.351	2.296	True	1e+06		
919	28	2	1.0	elu	120	40	0.000955	14.3	2.09	2.54	3308	4000	2.111	2.178	True	1e+06		
922	29	2	1.0	elu	120	40	0.0008994	11.8	3.83	2.87	3626	4000	2.318	2.476	True	1e+06		
921	23	2	1.0	elu	120	40	0.0007926	19.4	1.72	2.11	4091	4000	2.626	2.576	True	1e+06		
923	24	2	1.0	elu	120	40	0.000795	13.9	1.49	1.91	3875	4000	2.086	2.024	True	1e+06		
920	27	2	1.0	elu	120	40	0.0007266	9.52	1.72	3.35	2919	4000	2.255	2.34	True	1e+06		
927	28	2	1.0	elu	120	40	0.001267	8.69	2.63	1.82	3884	3000	2.438	2.457	True	1e+06		
926	24	2	1.0	elu	120	40	0.0006646	15.1	1.65	2.09	4315	4000	2.333	2.257	True	1e+06		
925	29	2	1.0	elu	120	40	0.000718	13.1	3.75	2.52	2548	4000	2.545	2.195	True	1e+06		
930	25	2	1.0	elu	120	40	0.0009197	19.2	1.73	2.25	4411	4000	2.321	2.27	True	1e+06		
929	24	2	1.0	elu	120	40	0.0007832	13.9	1.77	2.41	4634	4000	2.081	2.197	True	1e+06		
928	29	2	1.0	elu	120	40	0.0007019	13.4	3.59	3.15	1181	4000	2.216	2.266	True	1e+06		
931	25	2	1.0	elu	120	40	0.0007902	17.2	1.92	1.87	3449	4000	2.147	2.188	True	1e+06		
932	26	2	1.0	elu	120	40	0.001018	9.43	2.09	2.05	4264	3000	2.375	2.517	True	1e+06		
933	28	2	1.0	elu	120	40	0.000716	12.3	3.96	3.95	2983	4000	2.232	2.075	True	1e+06		
935	25	2	1.0	elu	120	40	0.0009478	14.3	1.9	4.29	3403	4000	2.089	2.256	True	1e+06		
938	28	2	1.0	elu	120	40	0.001039	7.49	2.9	1.94	3575	3000	2.74	2.546	True	1e+06		
934	29	2	1.0	elu	120	40	0.0008318	12.4	3.47	1.77	2557	4000	2.346	2.406	True	1e+06		
937	31	2	1.0	elu	120	40	0.0008477	15.9	3.89	3.75	1268	4000	3.3	3.188	True	1e+06		
941	31	2	1.0	elu	120	40	0.0007346	9.75	3.26	5	730	500	4.844	4.089	True	1e+06		
936	31	2	0.5	elu	120	40	0.000625	12	3.62	4.42	1643	4000	2.687	2.444	True	1e+06		
939	23	2	1.0	elu	120	40	0.0008106	9.03	3.83	4.05	1033	4000	2.501	2.412	True	1e+06		
940	28	2	1.0	elu	120	160	0.0006662	9.79	3.47	4.02	1119	4000	2.958	2.647	True	1e+06		
942	30	2	1.0	elu	120	40	0.0008743	13.3	2.04	2	2131	4000	2.519	2.665	True	1e+06		
944	25	2	1.0	elu	120	40	0.001125	9.54	1.85	3.67	3317	4000	2.483	2.395	True	1e+06		
943	28	2	1.0	elu	120	40	0.001059	14.5	1.3	2.36	3721	4000	2.126	2.128	True	1e+06		
947	32	2	1.0	elu	120	40	0.0009191	12.8	1.49	2.38	4718	4000	2.576	2.521	True	1e+06		
945	28	2	1.0	elu	120	40	0.0006748	7.2	3.13	4.35	1641	4000	2.56	2.696	True	1e+06		
946	29	2	1.0	elu	120	40	0.0006544	13.4	1.15	2.49	4573	4000	2.186	2.438	True	1e+06		
953	29	2	1.0	elu	40	160	0.0007265	11.6	4.14	4.55	1410	4000	6.177	5.695	True	1e+06		
948	31	2	1.0	elu	120	40	0.0008567	8.22	2.72	1.9	3723	3000	2.598	2.649	True	1e+06		
950	27	2	1.0	elu	120	40	0.001014	16.6	1.5	2.1	3108	4000	3.256	2.926	True	1e+06		
949	29	2	1.0	elu	120	40	0.0006773	9.73	2.33	4.39	1080	4000	2.307	2.353	True	1e+06		
951	31	2	1.0	elu	120	40	0.0008116	16.5	1.96	1.96	1648	4000	2.48	2.294	True	1e+06		
952	27	2	1.0	elu	120	40	0.0006849	9.64	2.9	4.42	2038	4000	2.451	2.625	True	1e+06		
954	23	2	1.0	elu	120	40	0.0007834	16.5	1.74	1.98	3055	4000	2.226	2.312	True	1e+06		
955	26	2	1.0	elu	120	40	0.0007229	17.2	1.48	2.02	4277	4000	2.211	2.298	True	1e+06		
956	28	2	1.0	elu	120	40	0.0007474	14.8	3.85	3.44	3065	4000	2.368	2.245	True	1e+06		
957	31	2	1.0	elu	120	40	0.0006441	11	3.12	3.92	2070	4000	2.445	2.486	True	1e+06		
959	24	2	1.0	elu	120	40	0.0008513	16.2	1.61	2.36	2651	4000	2.135	2.568	True	1e+06		
960	30	2	1.0	elu	120	40	0.000815	17.8	4.88	4.05	1926	4000	2.536	2.821	True	1e+06		
958	30	2	0.5	elu	120	40	0.0008751	10.5	2.51	4.32	2276	4000	2.8	2.701	True	1e+06		
962	26	2	1.0	elu	120	40	0.0007218	13.8	1.98	2.01	4706	4000	2.462	2.58	True	1e+06		
961	25	2	1.0	elu	120	40	0.0009627	13.3	3.81	4.93	1947	4000	2.339	2.26	True	1e+06		
963	26	2	1.0	elu	80	40	0.0006842	11	3.53	4.23	1010	4000	3.511	3.566	True	1e+06		
970	25	2	1.0	elu	120	40	0.0006979	15.3	1.88	2	3835	500	5.745	4.261	True	1e+06		
964	26	2	1.0	elu	120	40	0.0005809	9.7	3.32	4.81	1919	4000	3.581	3.152	True	1e+06		
967	28	2	1.0	elu	120	40	0.000765	13.4	2.33	1.72	2528	4000	2.414	2.532	True	1e+06		
966	26	2	1.0	elu	120	40	0.0008763	19.8	1.71	2.36	1660	4000	2.233	2.254	True	1e+06		
965	27	2	1.0	elu	120	40	0.000712	12.2	1.35	2.41	3754	4000	2.4	2.182	True	1e+06		
969	28	2	1.0	elu	120	40	0.0008098	18	1.59	2.3	4192	4000	2.365	2.276	True	1e+06		
968	28	2	1.0	elu	120	40	0.0008793	12.2	3.45	3.54	2707	4000	2.454	2.434	True	1e+06		
971	25	2	1.0	elu	120	40	0.0008974	11.9	1.78	4.72	4081	4000	2.429	2.311	True	1e+06		
976	24	2	1.0	elu	120	40	0.0007255	17.2	1.67	2.15	3729	4000	4.54	4.278	True	1e+06		
972	29	2	1.0	elu	120	40	0.0006256	10.8	3.45	4.4	1343	4000	2.641	2.669	True	1e+06		
973	27	2	1.0	elu	120	40	0.0008641	15.1	3.04	2.24	1799	4000	2.228	2.343	True	1e+06		
974	32	2	1.0	elu	120	40	0.0007999	8.89	3.5	3.71	1147	4000	2.21	2.295	True	1e+06		
975	27	2	1.0	elu	120	40	0.0007394	11.1	3.63	2.37	1605	4000	2.199	2.381	True	1e+06		
978	27	2	1.0	elu	120	40	0.001009	7.86	2.16	1.92	3368	3000	2.28	2.33	True	1e+06		
979	31	2	1.0	elu	120	40	0.0008125	12.3	2.71	1.98	1778	4000	2.555	2.683	True	1e+06		
977	31	2	1.0	elu	120	40	0.0006841	16.4	4.91	4	1404	4000	2.548	2.48	True	1e+06		
980	30	2	1.0	elu	120	40	0.0006537	9.16	3.81	4.55	2336	4000	2.319	2.192	True	1e+06		
981	25	2	1.0	elu	120	40	0.0006238	9.67	4.21	4.35	1036	4000	2.287	2.369	True	1e+06		
984	28	2	1.0	elu	120	40	0.0007815	7.83	3.86	3.62	914	4000	2.648	2.703	True	1e+06		
982	28	2	1.0	elu	120	40	0.0008824	13.7	2.38	1.91	4201	4000	2.441	2.527	True	1e+06		
983	26	2	1.0	elu	120	40	0.0008012	15.7	1.64	1.86	2987	4000	2.184	2.376	True	1e+06		
986	25	2	1.0	elu	120	40	0.0007736	9.92	4.21	4.9	920	4000	3.392	2.987	True	1e+06		
985	26	2	1.0	elu	120	40	0.0008585	14.5	2.34	2.26	4989	4000	2.128	2.007	True	1e+06		
987	29	2	1.0	elu	120	160	0.0007997	11.7	2.61	4.83	1638	4000	2.626	2.566	True	1e+06		
990	27	2	1.0	elu	80	40	0.0008311	12.1	3.31	2.94	1124	4000	2.602	2.761	True	1e+06		
988	27	2	1.0	elu	120	40	0.0006925	6.7	3.68	3.93	483	4000	2.484	2.6	True	1e+06		
994	32	2	1.0	elu	20	40	0.0008031	17	3.45	3.31	1293	4000	26.99	35.25	True	1e+06		
989	28	2	1.0	elu	120	40	0.0007372	12.8	3.84	2.81	3450	4000	2.312	2.352	True	1e+06		
993	27	2	1.0	elu	120	40	0.001023	10.8	3.31	3.69	1980	3000	2.728	2.566	True	1e+06		
992	29	2	1.0	elu	120	40	0.0008338	13.5	1.67	2.64	3759	4000	2.233	2.073	True	1e+06		
991	30	2	1.0	elu	120	40	0.0006823	14.8	3.43	1.86	2644	4000	2.457	2.518	True	1e+06		
995	29	2	1.0	elu	120	40	0.0007685	14.4	1.64	2.16	3373	4000	2.189	2.241	True	1e+06		
996	26	2	1.0	elu	120	40	0.0006593	10.3	2.41	4.66	1171	4000	2.509	2.305	True	1e+06		
998	31	2	1.0	elu	120	40	0.0007903	17.8	1.37	2.13	5177	4000	2.312	2.408	True	1e+06		
997	27	2	1.0	elu	120	40	0.0006589	10.2	2.25	4.05	1463	4000	2.447	2.579	True	1e+06		
1001	29	2	1.0	elu	120	40	0.001029	14.1	1.12	2.42	4332	4000	2.561	2.466	True	1e+06		
999	28	2	1.0	elu	120	40	0.0008173	16.4	1.67	1.97	1738	4000	2.089	2.291	True	1e+06		
1000	28	2	1.0	elu	120	40	0.0008059	13.5	3.04	3.65	3322	4000	2.238	2.216	True	1e+06		
1002	26	2	1.0	elu	120	40	0.0008489	12.9	3.76	4.96	444	4000	2.286	2.204	True	1e+06		
1003	26	2	1.0	elu	120	40	0.0007086	10.7	1.98	4.39	3421	4000	2.585	2.635	True	1e+06		
1005	24	2	1.0	elu	120	40	0.0008322	13.4	1.77	3.91	3867	4000	2.099	2.125	True	1e+06		
1006	28	2	1.0	elu	120	40	0.001073	10.4	2.55	1.67	3695	3000	2.444	2.604	True	1e+06		
1004	30	2	1.0	relu	120	40	0.0007864	10.8	3.63	4.52	1257	4000	2.667	2.447	True	1e+06		
1007	26	2	1.0	elu	120	40	0.0009115	9.62	1.51	4.04	3083	4000	2.185	2.324	True	1e+06		
1008	29	2	0.5	elu	120	40	0.0007114	5.68	4.35	4.55	722	4000	3.005	2.844	True	1e+06		
1014	26	2	1.0	elu	20	40	0.0008133	6.77	3.9	3.87	1134	4000	11.94	7.057	True	1e+06		
1009	26	2	1.0	elu	120	40	0.0006489	18.3	1.4	2.38	3526	4000	2.491	2.434	True	1e+06		
1017	24	2	1.0	elu	40	40	0.0008497	10	3.64	3.3	1468	4000	4.957	4.386	True	1e+06		
1010	27	2	1.0	elu	120	40	0.0008793	14	1.76	3.57	3648	4000	2.198	2.407	True	1e+06		
1012	28	2	1.0	elu	120	40	0.0008563	11.8	3.47	2.49	3821	4000	2.236	2.275	True	1e+06		
1011	28	2	1.0	elu	120	40	0.0008782	13	2.54	3.84	1540	4000	2.227	1.868	True	1e+06		
1013	30	2	1.0	elu	120	80	0.0006904	11.2	2.65	1.82	1382	4000	2.734	2.58	True	1e+06		
1019	29	2	1.0	elu	120	40	0.0007308	8.24	4.33	4.44	1851	500	5.325	4.264	True	1e+06		
1015	25	2	1.0	elu	120	40	0.0007925	10.3	3.52	4.46	1377	4000	2.163	2.096	True	1e+06		
1016	29	2	1.0	elu	120	40	0.000732	18.9	1.83	2.09	3706	4000	1.953	2.101	True	1e+06		
1018	30	2	1.0	elu	120	40	0.001126	11.4	1.42	2.67	3418	4000	2.101	2.23	True	1e+06		
1020	29	2	1.0	elu	120	40	0.0007368	11.5	3	2.69	2021	4000	2.069	2.137	True	1e+06		
1021	28	2	1.0	elu	120	40	0.0007419	13.7	2.66	2.46	993	4000	2.093	2.118	True	1e+06		
1023	26	2	1.0	elu	120	40	0.0006439	14.9	1.62	2.23	2938	4000	2.267	2.039	True	1e+06		
1022	31	2	1.0	elu	120	40	0.001013	16.9	1.77	2.66	3506	4000	1.961	1.946	True	1e+06		
1024	29	2	1.0	elu	120	40	0.0006741	11.2	3.69	2.96	1919	4000	2.526	2.634	True	1e+06		
1027	27	2	1.0	elu	120	40	0.0006198	7.67	3.77	4.21	904	1000	4.374	3.376	True	1e+06		
1029	28	2	1.0	elu	80	40	0.001098	8.42	2.06	2.09	2954	3000	4.606	4.276	True	1e+06		
1032	27	2	1.0	elu	40	40	0.000855	9.16	2.32	4.21	1266	4000	4.524	3.876	True	1e+06		
1025	31	2	1.0	elu	120	40	0.0006476	8.79	4.35	4.39	1406	4000	2.552	2.83	True	1e+06		
1026	29	2	1.0	elu	120	80	0.0007457	7.9	4	4.53	827	4000	2.553	2.556	True	1e+06		
1028	25	2	1.0	elu	120	40	0.0007743	8.27	3.99	4.1	267	4000	2.731	2.569	True	1e+06		
1030	23	2	1.0	elu	120	40	0.0008552	10.6	2.36	4.33	3066	4000	2.151	2.354	True	1e+06		
1031	27	2	1.0	elu	120	40	0.00082	11.4	2.78	2.22	1466	4000	2.478	2.344	True	1e+06		
1033	29	2	1.0	elu	120	40	0.0009967	8.21	3.41	4.83	745	4000	2.204	2.25	True	1e+06		
1035	30	2	1.0	elu	80	40	0.0007488	11.1	4.28	4.01	1198	4000	2.581	2.502	True	1e+06		
1034	27	2	1.0	elu	120	40	0.0007099	7.4	3.25	4.26	2466	4000	2.286	2.405	True	1e+06		
1036	32	2	1.0	elu	120	40	0.0008914	15.8	3.36	3.41	1728	4000	2.075	1.96	True	1e+06		
1037	26	2	1.0	elu	80	40	0.0007582	11.9	1.86	2.37	3935	4000	2.493	2.561	True	1e+06		
1038	30	2	1.0	gelu	120	40	0.0008369	12.5	3.7	3.31	1677	4000	2.322	2.243	True	1e+06		
1039	29	2	1.0	elu	120	40	0.0008201	11.7	1.02	2.55	3995	4000	3.007	2.35	True	1e+06		
1041	30	2	1.0	elu	120	160	0.000805	8.51	4.58	4	1473	4000	2.699	2.513	True	1e+06		
1040	27	2	1.0	elu	120	40	0.0006255	11.9	4.74	3.72	1474	4000	2.251	2.473	True	1e+06		
1042	26	2	1.0	elu	120	40	0.0009722	7.51	1.74	3.61	3476	4000	1.997	1.905	True	1e+06		
1044	26	2	1.0	elu	120	40	0.000697	15.3	1.87	2.99	4386	4000	2.271	2.616	True	1e+06		
1043	25	2	1.0	elu	120	40	0.0007786	6.69	3.2	4.18	1440	4000	2.439	2.119	True	1e+06		
1049	30	2	1.0	elu	120	40	0.0007842	5.16	3.82	4.51	598	1000	4.005	3.587	True	1e+06		
1045	26	2	1.0	elu	120	40	0.0006625	11.4	2.22	2.5	4575	4000	2.068	2.125	True	1e+06		
1046	29	2	1.0	elu	120	40	0.0006753	14.6	3.67	1.62	2313	4000	2.398	2.274	True	1e+06		
1051	29	2	1.0	elu	120	160	0.0008483	16.1	1.27	2.56	3255	4000	5.33	3.582	True	1e+06		
1048	28	2	1.0	elu	120	40	0.001031	7.3	2.14	2.36	3089	3000	2.554	2.603	True	1e+06		
1047	28	2	1.0	elu	120	40	0.0008514	14.8	1.81	1.92	4965	4000	2.35	2.465	True	1e+06		
1050	28	2	1.0	elu	120	40	0.0006608	13.7	2.21	2.4	3343	4000	2.298	2.421	True	1e+06		
1052	28	2	1.0	relu	120	40	0.000818	6.69	4.18	4.46	678	4000	2.886	2.968	True	1e+06		
1056	30	2	1.0	elu	120	40	0.000853	12	1.63	2.49	4821	4000	2.29	2.19	True	1e+06		
1058	27	2	1.0	elu	40	40	0.0007731	7.86	4.1	4.31	1336	4000	2.819	2.324	True	1e+06		
1054	29	2	1.0	elu	120	40	0.0007862	9.32	1.9	2.57	3662	4000	2.171	2.096	True	1e+06		
1053	30	2	1.0	elu	120	40	0.0007641	12.6	3	2.45	3556	4000	2.157	2.055	True	1e+06		
1055	27	2	1.0	elu	120	40	0.0009797	16.7	1.59	2.42	4095	4000	2.121	2.021	True	1e+06		
1057	26	2	1.0	elu	120	40	0.00104	9.47	3.7	4.1	1737	4000	2.602	2.778	True	1e+06		
1059	30	2	1.0	elu	120	40	0.0008084	11.1	3.74	4.91	2012	4000	2.543	2.535	True	1e+06		
1061	31	2	1.0	elu	120	40	0.0007122	17.6	3.55	4.14	1498	3000	2.596	2.643	True	1e+06		
1060	26	2	1.0	elu	120	40	0.0009401	12.5	2.94	3.45	2727	4000	2.197	2.255	True	1e+06		
1062	26	2	1.0	elu	120	40	0.0007525	10.9	4.6	3.2	1416	4000	2.635	2.645	True	1e+06		
1064	28	2	1.0	gelu	120	40	0.000818	11.8	2.37	1.88	2213	4000	2.211	2.494	True	1e+06		
1063	25	2	1.0	elu	120	40	0.0007035	7.19	3.54	4.95	982	4000	2.665	2.782	True	1e+06		
1065	30	2	1.0	elu	120	40	0.0006533	17.3	3.65	4.08	791	4000	2.165	2.047	True	1e+06		
1066	29	2	1.0	elu	120	40	0.0009432	9.51	2.47	1.77	3313	3000	2.585	2.529	True	1e+06		
1067	28	2	1.0	elu	120	40	0.0006684	12.8	2.72	4.62	1379	3000	3.141	2.947	True	1e+06		
1068	28	2	1.0	elu	120	40	0.0009519	9.8	2.24	1.66	4011	3000	2.28	2.512	True	1e+06		
1073	32	2	1.0	elu	120	40	0.0007508	11.5	3.11	4.86	4	1000	3.927	3.092	True	1e+06		
1071	30	2	1.0	elu	120	40	0.001036	16.1	1.15	2.63	3307	4000	2.199	2.227	True	1e+06		
1069	32	2	1.0	elu	120	40	0.0009235	9.91	3.22	4.93	652	4000	2.295	2.152	True	1e+06		
1070	28	2	1.0	elu	120	40	0.0005249	9.36	2.78	3.99	1565	4000	2.337	2.139	True	1e+06		
1072	26	2	1.0	elu	120	40	0.0007071	18.3	1.26	2.47	4989	4000	2.164	2.166	True	1e+06		
1074	27	2	1.0	elu	120	40	0.0008021	15.7	1.14	2	4477	4000	2.248	2.291	True	1e+06		
1075	24	2	1.0	elu	120	40	0.0008234	15.5	1.85	2.03	4065	4000	2.348	2.455	True	1e+06		
1076	26	2	1.0	elu	120	40	0.0009225	7.37	1.8	2.16	3230	3000	2.448	2.541	True	1e+06		
1081	24	2	1.0	elu	120	40	0.0007907	9.56	2.1	3.69	3366	2000	3.313	3.256	True	1e+06		
1077	25	2	1.0	elu	120	40	0.000735	18.6	1.28	2.5	2524	4000	2.019	2.032	True	1e+06		
1079	27	2	1.0	gelu	120	40	0.0007777	13.2	1.79	2.77	3864	4000	2.232	2.32	True	1e+06		
1080	24	2	1.0	elu	120	40	0.0008017	12.6	1.71	4.52	3572	4000	2.038	1.912	True	1e+06		
1078	32	2	1.0	elu	120	40	0.0006918	13.7	3.5	3.18	2227	4000	2.256	2.201	True	1e+06		
1083	28	2	1.0	elu	120	40	0.0008824	9.25	2.56	2.34	4488	3000	2.299	2.341	True	1e+06		
1082	29	2	1.0	elu	120	40	0.0007231	18.5	1.14	2.7	3244	4000	2.261	2.004	True	1e+06		
1085	27	2	1.0	elu	120	40	0.0008615	8.92	2.17	2.06	2998	3000	2.362	2.635	True	1e+06		
1088	27	2	1.0	elu	120	40	0.00105	10.3	2.53	2.19	4454	3000	2.302	2.456	True	1e+06		
1086	26	2	1.0	elu	120	40	0.0008618	12.3	4.43	3.44	1254	4000	2.175	2.366	True	1e+06		
1090	26	2	1.0	elu	120	40	0.0007006	16.8	1.88	2.39	3398	2000	3.223	3.129	True	1e+06		
1084	26	2	1.0	elu	120	40	0.0007899	19	1.67	2.05	4613	4000	2.08	2.111	True	1e+06		
1087	27	2	1.0	relu	120	40	0.0008591	12.8	1.91	2.38	3825	4000	2.567	2.583	True	1e+06		
1091	29	2	1.0	elu	20	40	0.0008479	16.4	2.41	1.92	1508	4000	5235	242.7	True	1e+06		
1089	28	2	1.0	elu	120	40	0.0007685	7.63	1.97	3.13	4412	4000	2.497	2.446	True	1e+06		
1094	29	2	1.0	elu	120	40	0.0008821	10	4.35	3.23	1513	4000	2.274	2.402	True	1e+06		
1092	32	2	1.0	elu	120	40	0.0008341	12.1	2.41	4.74	1462	4000	2.373	2.427	True	1e+06		
1093	29	2	1.0	elu	120	40	0.0009073	11.9	1.17	2.13	4324	4000	2.304	2.662	True	1e+06		
1095	30	2	2.0	elu	120	40	0.0007865	6.93	3.52	4.17	1104	4000	2.139	2.305	True	1e+06		
1096	30	2	1.0	elu	120	40	0.0008801	12.8	1.63	1.9	4443	4000	2.099	2.022	True	1e+06		
1098	30	2	1.0	elu	120	40	0.000861	7.08	4	3.62	1231	4000	2.285	2.491	True	1e+06		
1097	30	2	1.0	elu	120	40	0.0005593	8.33	3.1	4.22	1238	4000	2.49	2.716	True	1e+06		
1103	28	2	1.0	elu	120	80	0.0009247	11.1	2.09	3.72	1576	4000	2.685	2.701	True	1e+06		
1102	27	2	1.0	relu	120	40	0.0009927	12.7	2.06	2.45	4352	4000	2.483	2.342	True	1e+06		
1100	27	2	0.5	elu	120	40	0.0007236	11.8	3.82	4.51	1266	4000	2.908	2.707	True	1e+06		
1099	29	2	1.0	elu	120	40	0.000816	11.1	5.38	4.29	1243	4000	2.297	2.378	True	1e+06		
1104	24	2	1.0	elu	120	40	0.001032	9.54	2	4.63	4030	4000	2.461	2.778	True	1e+06		
1101	29	2	1.0	elu	120	40	0.0008604	12.8	4.08	2.49	1817	4000	2.382	2.574	True	1e+06		
1105	25	2	1.0	elu	120	40	0.0007953	12	2.45	4.74	3999	4000	2.612	2.418	True	1e+06		
1112	28	2	1.0	elu	120	40	0.0008823	13.5	3.04	4.57	1931	500	5.804	4.577	True	1e+06		
1108	31	2	1.0	elu	120	40	0.0007867	14.4	1.43	2.6	3685	2000	2.776	3.022	True	1e+06		
1107	26	2	1.0	elu	120	40	0.0009291	11.8	2.18	4.43	3295	4000	2.315	2.44	True	1e+06		
1106	31	2	1.0	elu	120	40	0.0007409	17.5	2.95	1.78	1830	4000	2.071	2.038	True	1e+06		
1109	27	2	1.0	elu	120	40	0.0007368	11.9	2.73	2.68	1655	4000	2.262	2.21	True	1e+06		
1111	30	2	1.0	elu	120	40	0.0008028	7.18	5.72	4.31	1010	4000	2.457	2.512	True	1e+06		
1110	31	2	1.0	gelu	120	40	0.0007649	8.93	4.04	4.1	2376	4000	2.244	2.274	True	1e+06		
1113	27	2	1.0	elu	120	40	0.0009211	10.7	4.81	3.81	1209	4000	2.35	2.487	True	1e+06		
1114	31	2	1.0	elu	120	40	0.0006532	11.9	3.57	3.51	1709	4000	2.174	2.138	True	1e+06		
1116	24	2	1.0	relu	120	40	0.0008561	16.6	1.73	2.31	4073	4000	2.481	2.601	True	1e+06		
1115	25	2	1.0	elu	120	40	0.0007765	12.2	1.75	1.96	3909	4000	2.364	2.133	True	1e+06		
1118	26	2	1.0	elu	120	40	0.0007743	9.88	1.62	4.19	4265	4000	2.156	2.148	True	1e+06		
1117	29	2	1.0	elu	120	40	0.0006182	6.85	3.39	3.91	1575	4000	2.799	2.421	True	1e+06		
1119	25	2	1.0	elu	120	40	0.000846	11.1	3.61	3.45	2214	4000	2.27	2.33	True	1e+06		
1120	29	2	1.0	elu	120	40	0.000919	10.2	2.54	4.56	1189	4000	2.159	2.391	True	1e+06		
1121	26	2	1.0	elu	120	40	0.0005856	9.87	4.5	4.32	1928	4000	2.371	2.055	True	1e+06		
1125	26	2	1.0	elu	120	40	0.0006424	10.5	3.43	4.09	1458	2000	3.722	3.8	True	1e+06		
1122	24	2	1.0	relu	120	40	0.0009361	9.28	2.09	3.92	3542	4000	2.605	2.829	True	1e+06		
1123	26	2	1.0	elu	120	40	0.0007373	17.6	1.46	2.64	1953	4000	2.621	2.353	True	1e+06		
1126	25	2	1.0	elu	120	40	0.0009349	8.54	2.89	1.88	3810	3000	2.577	2.629	True	1e+06		
1124	26	2	1.0	elu	120	40	0.0006842	15.7	1.65	2.29	3981	4000	2.385	2.47	True	1e+06		
1132	22	2	1.0	elu	120	40	0.0008831	10.8	1.64	3.9	3523	1000	3.817	3.196	True	1e+06		
1134	30	2	1.0	elu	40	40	0.0008274	15.1	1.34	2.24	3389	4000	6.253	5.206	True	1e+06		
1128	25	2	1.0	elu	120	40	0.0008242	11.5	1.99	3.8	1752	4000	2.282	2.392	True	1e+06		
1127	27	2	1.0	elu	120	40	0.0006012	12.7	2.69	4.4	2354	4000	2.272	2.356	True	1e+06		
1129	29	2	1.0	elu	120	40	0.0009078	13.6	1.01	2.21	3029	4000	2.24	2.384	True	1e+06		
1130	26	2	1.0	elu	120	40	0.0007633	12.2	3.99	4.94	1185	4000	2.279	2.502	True	1e+06		
1131	28	2	1.0	elu	120	40	0.0008732	9.82	3.78	4.01	1501	4000	2.32	2.451	True	1e+06		
1133	29	2	1.0	elu	120	40	0.0008575	5.37	4.13	4.83	1544	4000	2.56	2.342	True	1e+06		
1135	29	2	1.0	elu	120	40	0.0006444	18.1	2.02	1.83	1818	4000	2.321	2.113	True	1e+06		
1136	26	2	1.0	elu	120	40	0.0008285	15	1.7	2.64	3665	4000	2.143	2.272	True	1e+06		
1137	26	2	1.0	elu	120	40	0.0007632	16.5	1.95	2.09	1984	4000	2.178	2.175	True	1e+06		
1138	26	2	1.0	elu	120	40	0.0007458	13	3.98	3.49	1977	4000	2.322	2.29	True	1e+06		
1139	27	2	1.0	elu	120	40	0.0007399	16.5	2.97	2.25	1462	4000	2.125	2.211	True	1e+06		
1141	26	2	1.0	elu	120	80	0.0008118	17.1	1.55	1.99	2054	4000	2.292	2.371	True	1e+06		
1140	29	2	1.0	elu	120	40	0.0007099	13.6	1.01	1.98	3473	4000	2.181	2.486	True	1e+06		
1147	26	2	1.0	elu	20	40	0.0008465	7.5	3.53	3.75	1838	4000	6.57e+04	753.7	True	1e+06		
1142	32	2	2.0	elu	120	80	0.0007884	9.99	3.09	4.69	777	4000	2.807	2.921	True	1e+06		
1143	30	2	1.0	elu	120	40	0.0006694	12.2	4.15	4.42	1366	4000	2.387	2.34	True	1e+06		
1145	26	2	1.0	elu	120	40	0.0007385	18.4	1.73	2.32	2968	4000	2.199	2.334	True	1e+06		
1144	29	2	2.0	elu	120	40	0.0007424	10.1	2.28	3.94	1978	4000	2.008	2.147	True	1e+06		
1146	27	2	1.0	elu	120	40	0.0009211	18	1.99	2.02	2323	4000	1.985	1.996	True	1e+06		
1149	29	2	1.0	elu	120	40	0.0009513	12.3	4.2	4.72	821	4000	2.288	2.148	True	1e+06		
1148	27	2	1.0	elu	120	80	0.0008632	12.3	3.74	3.32	1127	4000	2.315	2.541	True	1e+06		
1150	30	2	1.0	elu	120	160	0.0007335	17.2	3.52	3.78	2003	4000	2.591	2.412	True	1e+06		
1151	28	2	1.0	elu	120	40	0.0007914	11.5	3.57	2.72	315	4000	2.162	2.319	True	1e+06		
1154	27	2	1.0	gelu	120	40	0.0008292	13.7	2.08	2.02	4595	4000	2.133	2.089	True	1e+06		
1152	28	2	1.0	elu	120	40	0.0008148	8.31	4.29	4.67	387	4000	2.271	2.417	True	1e+06		
1153	30	2	1.0	elu	120	40	0.0009299	16.2	4.04	4.34	1601	4000	2.444	2.612	True	1e+06		
1155	30	2	1.0	elu	120	160	0.0008215	9.96	3.57	4.45	1694	4000	3.712	2.941	True	1e+06		
1157	29	2	1.0	elu	120	40	0.001095	15.5	1.33	2.89	3892	4000	2.372	2.171	True	1e+06		
1162	27	2	1.0	elu	20	40	0.0007714	10.2	2.55	4.75	1828	4000	373.3	37.53	True	1e+06		
1156	28	2	1.0	elu	120	40	0.000797	15.5	1.51	1.81	2328	4000	2.14	2.2	True	1e+06		
1158	28	2	1.0	elu	120	40	0.0008934	10.9	1.66	2.48	3968	4000	2.06	2.312	True	1e+06		
1160	29	2	1.0	elu	120	40	0.0008495	17.9	3.95	3.43	2121	4000	2.233	2.495	True	1e+06		
1161	28	2	1.0	elu	120	40	0.000828	19.8	1.29	2.4	3909	4000	2.342	2.518	True	1e+06		
1159	29	2	1.0	elu	120	40	0.000641	11.1	4.13	4.37	2267	4000	2.38	2.16	True	1e+06		
1166	28	2	1.0	elu	120	40	0.0006635	13.8	1.41	2.34	4401	1000	4.644	4.097	True	1e+06		
1163	30	2	1.0	elu	120	40	0.0009295	16.8	2.94	3.71	1532	4000	2.144	2.155	True	1e+06		
1164	23	2	1.0	elu	120	40	0.0007374	15	2.06	1.94	3591	4000	2.435	2.467	True	1e+06		
1168	29	2	1.0	elu	120	40	0.0006882	12.6	1.55	2.21	4014	2000	2.958	2.848	True	1e+06		
1172	28	2	1.0	elu	120	40	0.0009207	8.15	1.9	4.19	3496	2000	4.535	3.935	True	1e+06		
1171	26	2	1.0	elu	120	40	0.0008992	8.92	1.84	4.64	3491	1500	4.743	3.787	True	1e+06		
1165	31	2	1.0	elu	120	40	0.0006083	16.9	3.38	4.15	1520	4000	2.333	2.236	True	1e+06		
1174	25	2	1.0	gelu	20	40	0.0007749	8.93	3.44	4.15	1227	4000	5.728	6.028	True	1e+06		
1167	30	2	1.0	elu	120	40	0.001194	13.8	1.48	2.32	3248	4000	2.216	2.605	True	1e+06		
1170	27	2	1.0	elu	120	80	0.0007484	13	2.29	2.75	3835	4000	2.698	2.858	True	1e+06		
1169	28	2	1.0	elu	120	40	0.0009921	13	3	2.83	2527	4000	2.198	2.186	True	1e+06		
1177	26	2	1.0	elu	120	40	0.0008027	18.5	1.65	1.99	3867	4000	2.937	2.834	True	1e+06		
1173	31	2	1.0	elu	120	40	0.0007362	13.1	1.78	2.45	3096	4000	2.183	2.199	True	1e+06		
1175	28	2	1.0	elu	120	40	0.0007274	13.6	3.2	3.03	3888	4000	2.418	2.409	True	1e+06		
1178	31	2	1.0	elu	120	80	0.0008225	14.8	1.4	1.97	4257	4000	2.595	2.588	True	1e+06		
1179	30	2	1.0	elu	120	160	0.0008351	8.99	3.52	4.85	649	4000	2.886	3.002	True	1e+06		
1176	26	2	1.0	elu	120	40	0.0007474	13.5	1.61	3.52	3121	4000	2.453	2.719	True	1e+06		
1180	28	2	1.0	elu	120	40	0.0006003	9.51	2.23	4.1	2022	4000	2.066	2.086	True	1e+06		
1185	24	2	1.0	elu	120	40	0.0006745	15.4	1.54	2.45	3939	2000	3.185	2.984	True	1e+06		
1181	25	2	1.0	elu	120	40	0.0008193	14.6	1.48	2.75	2657	4000	2.453	2.525	True	1e+06		
1184	32	2	1.0	elu	80	40	0.0007183	13.2	3.01	4.38	997	4000	2.835	2.885	True	1e+06		
1188	32	2	1.0	elu	120	40	0.0006479	10.8	2.59	4.58	687	500	5.29	4.096	True	1e+06		
1182	28	2	1.0	elu	120	40	0.0007251	14.9	2.73	1.83	2652	4000	2.285	2.284	True	1e+06		
1183	29	2	1.0	elu	120	40	0.0007785	6.08	4.9	4.76	1074	4000	2.415	2.224	True	1e+06		
1186	28	2	1.0	elu	120	40	0.0008365	15.7	3.54	1.8	2571	4000	2.193	2.273	True	1e+06		
1190	26	2	1.0	elu	20	40	0.0008439	13	3.07	3.42	2254	4000	503.5	33.97	True	1e+06		
1187	26	2	1.0	elu	120	40	0.0007429	12.3	1.79	4.35	4290	4000	2.535	2.303	True	1e+06		
1189	24	2	1.0	elu	120	40	0.0007953	10.7	2.08	4.48	4486	4000	2.185	2.282	True	1e+06		
1191	26	2	1.0	elu	120	80	0.0008459	16.2	1.85	2.1	4439	4000	2.38	2.556	True	1e+06		
1192	30	2	1.0	elu	120	160	0.0007165	15.1	1.01	2.57	4218	4000	2.8	2.426	True	1e+06		
1193	25	2	1.0	elu	120	40	0.0007863	16.1	1.45	2.37	4381	4000	2.048	2.214	True	1e+06		
1194	27	2	1.0	relu	120	40	0.0008345	9.35	2.33	2.23	3559	3000	2.518	2.393	True	1e+06		
1195	28	2	1.0	elu	120	40	0.001146	8.19	2.27	2.15	4079	3000	2.301	2.139	True	1e+06		
1201	27	2	1.0	elu	40	40	0.0008883	10.3	2.01	4.58	3524	4000	3.653	2.927	True	1e+06		
1199	27	2	1.0	elu	120	40	0.0008367	9.25	2.8	4.81	1706	2000	3.468	3.204	True	1e+06		
1196	25	2	1.0	elu	120	40	0.000765	14.1	1.44	1.99	3135	4000	2.232	2.277	True	1e+06		
1197	25	2	1.0	elu	120	80	0.0008131	7.46	3.73	3.91	760	4000	2.677	2.582	True	1e+06		
1198	26	2	1.0	elu	120	40	0.000906	8.22	1.59	4.24	3654	4000	2.278	2.258	True	1e+06		
1200	28	2	1.0	elu	120	40	0.0008009	10.7	4.27	3.25	3254	4000	2.202	2.292	True	1e+06		
1202	31	2	1.0	elu	120	40	0.0008355	12.7	3.15	4.86	860	4000	2.494	2.776	True	1e+06		
1203	27	2	1.0	elu	120	40	0.000915	10.6	3.79	3.29	2213	4000	2.326	2.294	True	1e+06		
1204	30	2	1.0	elu	120	40	0.0006858	13.9	4.38	3.58	1790	4000	2.295	2.405	True	1e+06		
1205	26	2	1.0	elu	120	40	0.0008032	7.52	4.07	3.5	1544	4000	2.439	2.55	True	1e+06		
1207	28	2	2.0	elu	120	40	0.0007809	12.1	3.41	3.86	2014	4000	2.211	2.507	True	1e+06		
1206	29	2	1.0	elu	120	40	0.0008497	8.65	3.32	3.88	879	4000	2.398	2.445	True	1e+06		
1209	28	2	1.0	elu	120	40	0.001106	7.14	2.58	1.96	4228	3000	2.52	2.61	True	1e+06		
1208	29	2	1.0	gelu	120	40	0.0007062	9.82	3.79	3.85	1691	4000	2.316	2.33	True	1e+06		
1215	30	2	1.0	elu	80	40	0.0007398	14.2	1.31	2.2	4207	4000	2.728	2.734	True	1e+06		
1210	26	2	1.0	elu	120	40	0.0006103	8.15	2.7	4.23	1178	4000	2.526	2.702	True	1e+06		
1211	28	2	1.0	elu	120	40	0.000667	9.2	3.86	4.89	1005	4000	2.52	2.531	True	1e+06		
1212	31	2	0.5	elu	120	40	0.0007596	12.7	4.19	3.57	911	4000	2.983	2.978	True	1e+06		
1213	28	2	1.0	elu	120	40	0.000959	12.4	1.6	2.16	4587	4000	2.112	2.123	True	1e+06		
1214	30	2	1.0	elu	120	40	0.0008301	15.2	2.97	4.88	1736	4000	2.13	2.351	True	1e+06		
1220	27	2	1.0	elu	120	40	0.0008463	15	2.06	2.48	4046	1000	5.045	3.932	True	1e+06		
1221	30	2	1.0	elu	20	40	0.0007271	15.1	4.63	3.18	1452	4000	774	126.4	True	1e+06		
1216	28	2	1.0	elu	120	40	0.0007378	8.57	2.32	3.01	4040	4000	2.272	2.373	True	1e+06		
1218	29	2	1.0	elu	120	40	0.0009037	17.5	3.74	3.49	1383	4000	2.145	2.261	True	1e+06		
1219	27	2	1.0	elu	120	40	0.0006307	8.73	2.62	3.9	2094	4000	2.303	2.242	True	1e+06		
1217	30	2	1.0	elu	120	40	0.000664	13.9	3.12	4.12	1310	4000	2.23	2.298	True	1e+06		
1222	28	2	1.0	elu	120	40	0.0007709	6.34	3.65	4.27	2152	4000	2.412	2.351	True	1e+06		
1223	31	2	1.0	elu	120	40	0.0007424	14	2.55	2.12	2615	4000	2.147	2.754	True	1e+06		
1224	27	2	1.0	elu	120	40	0.0007804	12.8	1.18	2.27	4203	4000	2.568	2.356	True	1e+06		
1228	27	2	1.0	elu	120	40	0.0007206	12.6	2.96	2	3041	4000	4.152	3.78	True	1e+06		
1230	24	2	1.0	gelu	120	40	0.0008561	8.95	1.6	4.13	3359	1000	3.189	3.311	True	1e+06		
1225	28	2	1.0	elu	120	40	0.0008682	9.65	2.02	3.58	4384	4000	2.252	2.512	True	1e+06		
1231	28	2	1.0	elu	120	160	0.000913	10.9	3.33	3.93	2127	4000	4.872	3.5	True	1e+06		
1226	28	2	1.0	elu	120	40	0.0008208	11.2	1.46	4.05	3897	4000	2.379	2.372	True	1e+06		
1229	30	2	1.0	elu	80	40	0.0006996	9.84	3.76	4.96	1162	4000	2.811	2.886	True	1e+06		
1227	28	2	1.0	elu	120	40	0.0008451	10.3	2.53	4.32	1672	4000	2.195	2.162	True	1e+06		
1232	28	2	1.0	elu	120	40	0.001121	10.1	2.59	1.77	4643	3000	2.388	2.508	True	1e+06		
1236	27	2	1.0	elu	120	40	0.0008672	16.2	1.45	2.45	3252	1500	2.914	2.758	True	1e+06		
1233	28	2	1.0	elu	120	40	0.0008143	15.5	2.03	2.09	3565	4000	2.149	2.272	True	1e+06		
1235	23	2	1.0	elu	120	40	0.0007924	11	2.32	3.87	3593	4000	2.476	2.55	True	1e+06		
1234	28	2	1.0	elu	120	40	0.0007089	12.6	2.48	2.19	4292	4000	2.394	2.361	True	1e+06		
1237	27	2	1.0	elu	120	40	0.000812	9.42	1.58	2.22	3443	4000	2.08	2.031	True	1e+06		
1243	28	2	1.0	elu	20	80	0.0008097	10.9	3.97	4.09	1723	4000	173.3	101	True	1e+06		
1238	28	2	1.0	elu	120	40	0.0007708	6.47	3.1	4.01	761	4000	2.4	2.45	True	1e+06		
1239	28	2	1.0	elu	120	40	0.0008416	10.6	1.76	2.21	4757	4000	2.317	2.191	True	1e+06		
1240	31	2	0.5	elu	120	40	0.0007702	6.12	4.11	3.98	1343	4000	3.242	2.996	True	1e+06		
1241	27	2	1.0	elu	120	40	0.0007332	13.4	3.8	4.28	1713	3000	2.259	2.145	True	1e+06		
1242	27	2	1.0	elu	120	40	0.0007919	20	1.64	2.78	4399	4000	2.181	2.02	True	1e+06		
1244	28	2	1.0	elu	120	40	0.0009247	12	3.47	4.72	1037	4000	2.25	2.572	True	1e+06		
1245	26	2	1.0	elu	120	40	0.0008547	10.5	2.44	4.29	2638	4000	2.309	2.343	True	1e+06		
1246	30	2	1.0	elu	120	40	0.0007179	16	1.36	2.33	3099	4000	2.221	2.247	True	1e+06		
1249	30	2	1.0	elu	120	40	0.0008738	15.5	1.69	2.99	3323	4000	2.723	2.801	True	1e+06		
1250	30	2	1.0	elu	120	40	0.0008239	11.1	3.78	3.88	1564	2000	3.918	3.673	True	1e+06		
1247	25	2	1.0	elu	120	40	0.000793	11.6	1.8	2.23	4860	4000	2.35	2.311	True	1e+06		
1248	28	2	1.0	elu	120	40	0.0006432	13.7	1.73	2.85	3611	4000	2.422	2.702	True	1e+06		
1252	28	2	1.0	elu	120	40	0.000776	7.35	3.78	3.16	1530	4000	2.723	2.975	True	1e+06		
1251	29	2	1.0	elu	120	40	0.0008641	12.5	2.37	3.13	1987	4000	2.164	2.337	True	1e+06		
1253	25	2	1.0	elu	120	40	0.0008171	13.3	2.15	3.55	3312	4000	2.278	2.535	True	1e+06		
1254	27	2	1.0	elu	120	40	0.000759	16.6	3.39	4.29	1111	4000	2.055	2.206	True	1e+06		
1255	24	2	1.0	elu	120	40	0.0008281	18.6	1.61	2.89	3360	4000	2.051	2.095	True	1e+06		
1261	29	2	1.0	elu	20	40	0.0007209	11.2	3.53	3.92	1645	500	21.34	12.85	True	1e+06		
1256	29	2	1.0	elu	120	40	0.000928	6.24	4.45	3.67	520	4000	2.393	2.257	True	1e+06		
1260	30	2	1.0	elu	20	40	0.0007749	8.67	3.54	4.46	929	4000	9.652	8.816	True	1e+06		
1257	28	2	1.0	elu	120	40	0.0008016	11.1	2.04	4.38	4256	4000	2.331	2.367	True	1e+06		
1263	27	2	1.0	elu	120	40	0.0007617	12.8	3.28	3.29	1586	1500	3.413	3.215	True	1e+06		
1258	25	2	1.0	elu	120	40	0.0006895	9.24	3.7	4.55	2185	4000	2.532	2.619	True	1e+06		
1262	27	2	1.0	elu	80	40	0.0006611	18.7	1.94	2.23	3626	4000	2.603	2.524	True	1e+06		
1259	30	2	1.0	elu	120	40	0.0007521	8.82	4.26	4.9	2628	4000	2.367	2.68	True	1e+06		
1264	31	2	1.0	elu	120	40	0.0009508	9.56	3.11	4.59	25	4000	2.615	2.771	True	1e+06		
1268	25	2	1.0	elu	120	40	0.001037	9.55	1.68	4.43	3277	1500	2.935	2.774	True	1e+06		
1265	30	2	1.0	elu	120	40	0.0007651	15.3	1.89	2.74	3769	3000	2.349	2.51	True	1e+06		
1267	29	2	0.5	elu	120	40	0.0007217	9.31	2.44	4.77	1703	4000	3.184	2.919	True	1e+06		
1270	29	2	1.0	elu	80	40	0.0008191	9.93	3.01	4.99	1596	4000	2.733	2.861	True	1e+06		
1266	27	2	2.0	elu	120	40	0.000767	11.3	3.98	4.35	1798	4000	2.083	2.099	True	1e+06		
1269	28	2	1.0	elu	120	40	0.0005761	13.7	3.58	4.74	1802	4000	2.272	2.148	True	1e+06		
1276	31	2	1.0	elu	120	40	0.0007618	13	1.86	2.07	2119	4000	4.577	3.965	True	1e+06		
1272	25	2	2.0	elu	120	40	0.000923	8.96	3.78	4.53	1342	4000	2.263	2.532	True	1e+06		
1278	29	2	1.0	elu	120	40	0.001076	7.89	2.39	1.93	3719	500	4.911	3.92	True	1e+06		
1271	29	2	1.0	elu	120	40	0.0006384	13	3.39	1.91	1969	4000	2.381	2.393	True	1e+06		
1273	27	2	1.0	elu	120	40	0.0006062	6.89	3.23	4.22	1094	4000	2.401	2.494	True	1e+06		
1274	27	2	1.0	elu	120	40	0.0006241	5.98	3.68	4	1669	4000	2.628	2.603	True	1e+06		
1275	29	2	1.0	elu	120	40	0.0007805	6.51	4.99	3.56	999	4000	2.401	2.466	True	1e+06		
1277	29	2	1.0	elu	120	40	0.0008066	10.2	1.75	3.06	3310	4000	2.359	2.293	True	1e+06		
1281	30	2	1.0	elu	120	40	0.0007735	12.2	2.9	4.57	1533	4000	2.595	3.058	True	1e+06		
1280	30	2	1.0	elu	120	40	0.0007108	11.4	2.08	4.1	1676	4000	2.88	2.871	True	1e+06		
1279	27	2	1.0	elu	120	40	0.0008337	14.3	1.19	2.09	3324	4000	1.998	2.31	True	1e+06		
1282	27	2	1.0	elu	120	80	0.0006417	7.81	4.33	4.82	1422	4000	2.9	2.852	True	1e+06		
1283	26	2	2.0	elu	120	40	0.001008	13.5	2.35	2.36	4064	4000	2.461	2.342	True	1e+06		
1289	29	2	1.0	elu	20	40	0.000796	13.1	3.6	2.92	2976	4000	269.2	50.65	True	1e+06		
1290	30	2	1.0	elu	80	40	0.0008076	16.7	3.33	3.63	1471	500	3.917	3.262	True	1e+06		
1284	27	2	1.0	elu	120	40	0.0007735	7.84	4.76	3.82	1282	4000	2.668	2.786	True	1e+06		
1287	29	2	1.0	elu	120	40	0.0008837	7.28	3.77	4.37	339	4000	2.532	2.561	True	1e+06		
1285	28	2	1.0	elu	120	40	0.0009066	9.54	4.58	3.67	1928	4000	2.073	2.15	True	1e+06		
1286	27	2	1.0	elu	120	40	0.0007435	14.4	2.17	1.79	1514	4000	2.371	2.264	True	1e+06		
1288	24	2	1.0	elu	120	40	0.0007545	14.8	2.03	2.39	3476	4000	2.175	2.151	True	1e+06		
1292	27	2	1.0	elu	120	40	0.001157	9.36	2.2	2.45	3083	3000	2.657	2.592	True	1e+06		
1296	29	2	1.0	elu	20	40	0.00074	7.15	3.58	4.78	1693	4000	29.54	7.821	True	1e+06		
1291	31	2	1.0	elu	120	40	0.0007763	17.3	1.56	2.55	5030	4000	2.171	2.399	True	1e+06		
1293	29	2	1.0	elu	120	40	0.0007186	12.9	2.47	1.94	3094	4000	2.405	2.624	True	1e+06		
1295	25	2	1.0	elu	120	40	0.0009508	10.5	3.45	4.27	1244	4000	2.465	2.694	True	1e+06		
1297	31	2	1.0	elu	120	40	0.0008517	11.8	1.25	2.5	4507	4000	2.387	2.864	True	1e+06		
1294	27	2	1.0	elu	120	40	0.0007867	12.1	3.36	2.31	3127	4000	2.326	2.405	True	1e+06		
1303	29	2	1.0	elu	120	40	0.0007683	13.9	1.19	2.66	3754	1000	3.28	2.893	True	1e+06		
1298	30	2	1.0	relu	120	40	0.0007048	13.4	1.28	2.83	4472	4000	2.8	2.501	True	1e+06		
1299	27	2	1.0	elu	120	40	0.0007181	19.4	1.6	2.28	2021	4000	2.035	2.023	True	1e+06		
1301	32	2	1.0	gelu	120	40	0.0008541	11.9	2.84	4.69	189	4000	2.374	2.416	True	1e+06		
1300	26	2	1.0	elu	120	40	0.0009777	11.9	2.33	3.1	4074	4000	2.422	2.492	True	1e+06		
1302	28	2	1.0	elu	120	40	0.0008014	13	3.63	3.29	3565	4000	2.4	2.327	True	1e+06		
1304	28	2	1.0	elu	120	40	0.0007482	14.6	4.31	3.48	1484	4000	2.284	2.272	True	1e+06		
1305	30	2	1.0	elu	120	40	0.0006904	19.3	3.68	3.48	1544	4000	2.368	2.451	True	1e+06		
1307	26	2	1.0	elu	120	40	0.0009429	17.7	1.27	2.34	2361	4000	2.128	2.118	True	1e+06		
1306	32	2	1.0	elu	120	40	0.0008002	13.4	4.21	3.14	1803	4000	2.265	2.542	True	1e+06		
1308	31	2	1.0	elu	120	40	0.0007824	16.7	1.19	2.89	3948	4000	2.285	2.166	True	1e+06		
1309	24	2	1.0	elu	120	40	0.0006762	15.3	1.41	2.27	2269	4000	2.141	2.067	True	1e+06		
1310	26	2	1.0	elu	120	40	0.0009269	12.6	1.95	3.84	2277	4000	2.318	2.402	True	1e+06		
1313	25	2	2.0	elu	120	40	0.0007566	14.2	1.47	2.1	4170	3000	2.146	2.289	True	1e+06		
1312	26	2	1.0	elu	120	40	0.0006969	9.97	3.71	3.46	1166	4000	2.334	2.5	True	1e+06		
1311	29	2	1.0	elu	120	40	0.0007278	8.42	2.95	4.27	44	4000	2.379	2.677	True	1e+06		
1317	28	2	1.0	elu	40	40	0.0006977	8.47	3.43	3.95	1251	4000	4.043	3.376	True	1e+06		
1314	25	2	1.0	elu	120	40	0.000668	12.3	1.8	2.19	4064	4000	2.176	2.2	True	1e+06		
1316	23	2	1.0	elu	120	40	0.0009131	11.4	1.82	4.05	4265	4000	2.375	2.285	True	1e+06		
1315	29	2	1.0	elu	120	40	0.0007688	11.1	3.04	4.03	4311	4000	2.219	2.234	True	1e+06		
1324	26	2	1.0	elu	40	40	0.0006768	15.2	1.52	1.97	3350	4000	3.657	2.964	True	1e+06		
1318	26	2	1.0	gelu	120	40	0.0008019	9.73	1.91	3.63	3684	4000	2.278	2.269	True	1e+06		
1322	25	2	1.0	elu	120	40	0.0008443	8.28	2.27	4.1	3642	4000	2.39	2.476	True	1e+06		
1321	31	2	1.0	elu	120	80	0.0007616	12.9	2.15	1.84	1708	4000	2.796	2.442	True	1e+06		
1319	29	2	1.0	elu	120	40	0.0007136	13	1.7	2.9	4908	4000	2.475	2.125	True	1e+06		
1320	26	2	1.0	elu	120	40	0.0006498	11.7	3.04	4.94	1121	4000	2.486	2.379	True	1e+06		
1325	31	2	1.0	elu	80	40	0.0007748	13.9	3.23	2.1	1662	4000	2.404	2.321	True	1e+06		
1323	26	2	1.0	elu	120	40	0.000727	10.4	2.8	3.49	1618	4000	2.576	2.774	True	1e+06		
1327	30	2	1.0	elu	120	40	0.0009673	9.13	3.87	4.25	981	2000	2.689	2.727	True	1e+06		
1328	27	2	1.0	elu	120	40	0.0008421	15.5	1.6	2.47	1890	4000	2.309	2.489	True	1e+06		
1326	24	2	1.0	gelu	120	40	0.0007965	10.6	1.74	4.39	4004	4000	2.263	2.47	True	1e+06		
1329	28	2	1.0	elu	120	40	0.0009323	11.3	3.39	2.63	2838	4000	2.638	2.655	True	1e+06		
1330	27	2	0.5	elu	120	40	0.0008903	11.4	1.48	3.2	4423	4000	2.272	2.175	True	1e+06		
1331	27	2	1.0	elu	120	40	0.0006733	14.1	1.9	1.87	2385	4000	2.119	2.141	True	1e+06		
1332	27	2	1.0	elu	120	40	0.0007269	12.1	3.74	3.07	1651	4000	2.24	2.153	True	1e+06		
1334	29	2	1.0	elu	120	40	0.0008654	5.75	3.77	3.74	797	4000	2.628	2.729	True	1e+06		
1335	26	2	1.0	elu	120	40	0.0008281	7.94	2.27	4.82	1780	4000	2.605	2.516	True	1e+06		
1337	28	2	1.0	elu	80	40	0.000984	15.2	1.1	2.54	3789	4000	2.633	2.639	True	1e+06		
1333	31	2	1.0	elu	120	40	0.0007639	10.4	2.29	4.39	1179	4000	2.599	2.783	True	1e+06		
1338	29	2	1.0	elu	120	40	0.0009698	9.85	3.36	4.72	525	1000	3.408	3.122	True	1e+06		
1344	30	2	1.0	elu	120	40	0.0009386	13.9	1.24	2.52	2707	1000	3.794	3.215	True	1e+06		
1336	31	2	1.0	elu	120	40	0.0006812	11.4	2.21	2	1547	4000	2.321	2.303	True	1e+06		
1341	29	2	1.0	elu	120	40	0.0008845	15.9	1.7	2.4	3855	2000	2.707	2.538	True	1e+06		
1340	28	2	1.0	elu	120	40	0.0007877	10.3	2.2	2.24	4214	4000	2.106	2.334	True	1e+06		
1339	28	2	1.0	elu	120	40	0.0008001	16.2	3.32	1.68	1844	4000	2.069	2.221	True	1e+06		
1343	31	2	1.0	elu	120	80	0.000695	13.4	2.51	2.1	1670	4000	2.725	2.729	True	1e+06		
1342	30	2	1.0	elu	120	40	0.000613	12	1.53	2.34	4228	4000	2.346	2.171	True	1e+06		
1345	26	2	1.0	elu	120	40	0.0007414	10.2	1.78	2.73	3611	4000	2.351	2.487	True	1e+06		
1346	28	2	1.0	elu	120	40	0.0009678	9.9	1.63	3.6	3248	4000	2.284	2.31	True	1e+06		
1352	30	2	1.0	elu	40	40	0.0007776	13.8	1.46	2.41	4897	4000	5.414	5.237	True	1e+06		
1347	29	2	1.0	elu	120	40	0.0008949	8.75	1.81	2.84	4433	4000	2.542	2.884	True	1e+06		
1348	27	2	1.0	elu	120	40	0.0007418	12.7	2.09	2.17	4126	3000	2.442	2.388	True	1e+06		
1349	29	2	1.0	elu	120	40	0.0009034	8.76	2.15	2.35	2833	3000	2.248	2.311	True	1e+06		
1350	23	2	1.0	elu	120	40	0.0009195	9.27	1.9	3.17	3230	4000	2.445	2.517	True	1e+06		
1358	28	2	1.0	elu	120	40	0.0008101	12.3	3.42	2.97	4160	1500	2.9	2.894	True	1e+06		
1353	29	2	1.0	elu	120	40	0.0008523	8.2	2.86	1.87	4373	3000	2.838	2.964	True	1e+06		
1354	28	2	1.0	elu	120	40	0.0007312	8.12	3.59	4.51	1426	3000	2.922	2.795	True	1e+06		
1356	26	2	1.0	elu	120	40	0.0008144	8.54	3.49	3.84	163	3000	2.562	2.558	True	1e+06		
1351	31	2	1.0	elu	120	40	0.0007494	17.8	4.01	1.93	2201	4000	2.388	2.39	True	1e+06		
1355	27	2	1.0	elu	120	40	0.0007218	9.98	1.84	2.19	3914	4000	2.356	2.185	True	1e+06		
1357	28	2	1.0	elu	120	40	0.0008672	12.9	4.36	3.97	768	4000	2.134	2.154	True	1e+06		
1360	30	2	1.0	elu	120	40	0.0008162	8.04	3.73	4.49	2133	4000	2.427	2.496	True	1e+06		
1359	29	2	1.0	elu	120	40	0.0008869	17.1	1.25	2.22	3950	4000	2.431	2.36	True	1e+06		
1361	28	2	1.0	elu	120	40	0.0007695	12	1.23	2	3823	4000	2.222	2.158	True	1e+06		
1365	27	2	1.0	elu	120	40	0.0006801	10.8	3.54	4.64	2482	2000	3.873	3.085	True	1e+06		
1367	32	2	1.0	elu	20	160	0.0006798	11.8	2.81	4.76	622	4000	158.5	17.44	True	1e+06		
1362	30	2	0.5	elu	120	40	0.0008133	13.7	1.25	2.6	3395	4000	2.537	2.479	True	1e+06		
1363	27	2	1.0	elu	120	40	0.0007771	11.6	3.1	2.41	619	4000	2.436	2.609	True	1e+06		
1364	28	2	1.0	relu	120	40	0.0007243	11.3	3.15	2.54	2725	4000	2.614	2.764	True	1e+06		
1368	29	2	1.0	elu	120	160	0.0007361	7.45	3.59	4.02	625	4000	4.691	3.764	True	1e+06		
1369	25	2	1.0	elu	120	40	0.0009325	13.7	3.08	3.88	1768	4000	2.417	2.435	True	1e+06		
1366	27	2	1.0	elu	120	40	0.000697	14.8	3.23	2.73	1166	4000	2.24	2.326	True	1e+06		
1372	26	2	1.0	elu	120	40	0.0007855	14.2	3.73	2.7	3319	4000	3.288	2.839	True	1e+06		
1370	28	2	1.0	elu	120	40	0.0008429	12.9	2.98	2.26	2741	4000	2.276	2.119	True	1e+06		
1371	32	2	1.0	elu	120	40	0.0008489	9.79	3.28	4.09	268	4000	2.36	2.533	True	1e+06		
1373	27	2	1.0	elu	120	40	0.0006554	14.3	1.3	2.25	2686	4000	2.232	2.089	True	1e+06		
1374	31	2	1.0	elu	120	40	0.0007573	9.5	4.87	3.98	1863	4000	2.394	2.407	True	1e+06		
1376	26	2	1.0	elu	120	80	0.0009483	10.7	1.68	4.64	3613	4000	2.667	2.367	True	1e+06		
1375	25	2	1.0	elu	120	40	0.001039	9.54	1.6	4.15	3915	4000	2.302	2.417	True	1e+06		
1378	29	2	2.0	elu	120	40	0.0008048	9.28	3.25	4.41	1156	4000	2.512	2.728	True	1e+06		
1377	29	2	1.0	elu	120	40	0.0006014	10.4	3.8	3.52	1492	4000	2.291	2.368	True	1e+06		
1383	27	2	1.0	elu	120	80	0.0008702	8.11	3.51	3.46	1331	4000	4.622	3.642	True	1e+06		
1380	27	2	1.0	elu	120	40	0.000759	13.3	1.16	2.38	3054	4000	2.146	2.341	True	1e+06		
1379	25	2	1.0	elu	120	40	0.000777	18.8	1.76	2.73	4892	4000	2.162	2.3	True	1e+06		
1385	27	2	1.0	elu	120	40	0.0007724	14.8	2.09	2.78	3438	1000	4.822	3.901	True	1e+06		
1384	29	2	2.0	elu	120	40	0.0008099	9.76	2.58	4	1316	1500	2.785	2.635	True	1e+06		
1381	32	2	1.0	elu	120	40	0.0007205	14.8	3.97	4.13	2061	4000	2.176	2.216	True	1e+06		
1382	27	2	1.0	elu	120	40	0.0006492	13	4.01	4.73	1465	4000	2.3	2.492	True	1e+06		
1386	27	2	1.0	elu	120	40	0.0007222	7.45	3.89	4.03	993	2000	3.284	2.846	True	1e+06		
1387	28	2	1.0	elu	120	40	0.0006992	10.9	5.2	4.74	2045	4000	2.211	2.303	True	1e+06		
1388	27	2	1.0	elu	120	40	0.0007866	13.6	2.61	2.82	517	4000	2.434	2.626	True	1e+06		
1392	24	2	1.0	elu	120	160	0.0008599	8.63	1.82	3.8	3310	4000	3.075	2.706	True	1e+06		
1390	23	2	1.0	elu	120	40	0.0009167	9.85	1.6	4.03	3118	4000	2.1	2.222	True	1e+06		
1389	27	2	1.0	elu	120	40	0.0007251	14.2	2.15	2.55	4893	4000	2.508	2.484	True	1e+06		
1391	26	2	1.0	elu	120	40	0.0007664	18.1	1.72	2.01	1242	4000	2.566	2.329	True	1e+06		
1393	31	2	1.0	elu	120	40	0.0007799	16.5	1.55	2.6	4255	4000	2.015	2.086	True	1e+06		
1394	28	2	1.0	elu	120	40	0.0007912	9.42	4.45	3.27	2067	2000	3.094	2.68	True	1e+06		
1395	28	2	1.0	elu	120	40	0.0006737	10.3	1.58	3.26	4026	4000	2.229	2.233	True	1e+06		
1396	31	2	2.0	elu	120	40	0.0008459	14.4	3.85	4.33	1887	4000	2.138	2.31	True	1e+06		
1397	29	2	1.0	elu	120	40	0.0008118	7.19	4.71	4.21	16	4000	2.294	2.138	True	1e+06		
1398	24	2	1.0	elu	120	40	0.0008986	6.95	4	3.65	1135	4000	2.316	2.073	True	1e+06		
1399	32	2	1.0	elu	120	40	0.0007657	11.6	1.65	2.37	3795	4000	2.282	2.401	True	1e+06		
1401	27	2	1.0	elu	120	40	0.0009171	10.3	2.7	1.96	4296	3000	2.375	2.367	True	1e+06		
1400	27	2	1.0	elu	120	40	0.0006873	19.5	1.42	2.27	2723	4000	2.182	2.239	True	1e+06		
1404	29	2	1.0	elu	120	80	0.0009041	10.2	2.85	4.35	385	4000	2.817	2.674	True	1e+06		
1402	29	2	1.0	elu	80	40	0.0007258	9.22	2.76	4.53	1074	4000	2.641	2.39	True	1e+06		
1405	28	2	1.0	elu	120	40	0.0009166	7.76	2.63	2.37	3615	3000	2.251	2.154	True	1e+06		
1406	29	2	1.0	elu	80	40	0.0007303	9.93	2.52	3.98	1474	4000	2.588	2.625	True	1e+06		
1403	30	2	1.0	elu	120	40	0.0007486	15	2.91	2.67	1099	4000	2.203	2.46	True	1e+06		
1407	29	2	1.0	elu	120	40	0.001162	9.45	1.92	2.17	3672	3000	2.495	2.514	True	1e+06		
1408	25	2	1.0	elu	120	40	0.0007876	6.83	4.15	4.97	802	4000	2.569	2.288	True	1e+06		
1409	28	2	1.0	elu	120	160	0.0006553	10.7	4.47	4.23	1297	4000	3.607	2.768	True	1e+06		
1410	25	2	1.0	elu	120	40	0.0008282	12.4	1.84	4.36	2700	4000	2.249	2.251	True	1e+06		
1411	29	2	1.0	elu	120	80	0.0007103	15.2	1.66	2.68	3775	4000	2.491	2.314	True	1e+06		
1412	24	2	1.0	elu	120	40	0.0007566	17.2	2.02	3.09	3184	4000	2.086	2.14	True	1e+06		
1414	24	2	1.0	elu	120	40	0.000679	8.49	2.75	3.84	1587	4000	2.323	2.401	True	1e+06		
1417	30	2	1.0	elu	20	40	0.0006494	8.77	2.75	4.22	1368	4000	85.52	12.48	True	1e+06		
1413	26	2	1.0	elu	120	40	0.0008781	11.2	3.27	3.09	440	4000	2.412	2.477	True	1e+06		
1422	25	2	1.0	elu	120	40	0.0008959	9.32	3.96	3.84	1531	500	5.353	4.394	True	1e+06		
1419	26	2	1.0	elu	80	40	0.0007806	11.1	1.62	4.39	3021	2000	3.11	2.903	True	1e+06		
1415	26	2	1.0	elu	120	40	0.000876	16.9	1.35	2.51	1298	4000	1.953	2.133	True	1e+06		
1416	30	2	1.0	gelu	120	40	0.0008124	11.6	1.4	2.13	5047	4000	2.25	2.252	True	1e+06		
1425	26	2	1.0	elu	120	160	0.0008725	14.5	2.09	2.31	4512	4000	5.227	4.701	True	1e+06		
1418	29	2	1.0	elu	120	40	0.0009641	18.4	1.79	2.41	3823	4000	2.401	2.669	True	1e+06		
1420	28	2	1.0	elu	120	40	0.00087	13.9	3.81	3.69	1686	4000	2.358	2.397	True	1e+06		
1421	25	2	1.0	elu	120	80	0.0007476	18.5	1.74	2.72	3012	4000	2.174	2.289	True	1e+06		
1424	26	2	1.0	elu	120	40	0.0009219	11.3	2.76	4.16	1694	4000	2.587	2.561	True	1e+06		
1430	29	2	1.0	elu	120	40	0.0007209	16.6	3.09	3.4	2264	4000	4.364	4.063	True	1e+06		
1423	32	2	1.0	elu	120	40	0.0006286	15.1	4.21	3.56	1841	4000	2.233	2.427	True	1e+06		
1426	25	2	1.0	elu	120	40	0.0007019	14.7	1.41	2.1	4823	4000	2.273	2.284	True	1e+06		
1428	30	2	1.0	elu	120	40	0.001133	10.2	2.23	1.96	3334	3000	2.368	2.294	True	1e+06		
1427	28	2	1.0	elu	120	40	0.000734	15.6	1.93	1.57	2418	4000	2.066	2.146	True	1e+06		
1429	28	2	1.0	elu	80	40	0.0008468	5.7	3.73	4.03	1380	4000	2.942	3.011	True	1e+06		
1431	27	2	1.0	elu	120	40	0.0008282	16.1	1.6	2.36	5106	4000	2.407	2.483	True	1e+06		
1432	32	2	1.0	elu	120	40	0.0007256	6.41	4.11	4.37	896	4000	2.326	2.364	True	1e+06		
1434	27	2	1.0	elu	120	40	0.0009852	16.7	1.8	2.32	1963	4000	2.152	2.411	True	1e+06		
1433	30	2	1.0	elu	120	40	0.0009022	19	1.27	2.53	3011	4000	2.099	2.238	True	1e+06		
1435	28	2	0.5	elu	120	40	0.0008185	15.3	3.87	4.48	1224	4000	2.744	2.595	True	1e+06		
1437	25	2	1.0	elu	120	40	0.000968	12.2	1.63	2.32	3796	4000	2.258	2.322	True	1e+06		
1436	25	2	1.0	elu	120	40	0.0006483	13.9	3.99	4.29	1460	4000	2.472	2.529	True	1e+06		
1440	31	2	1.0	elu	40	40	0.0007758	11	3.98	3.38	1813	4000	3.616	3.318	True	1e+06		
1442	29	2	0.5	elu	120	40	0.000731	11.1	3.75	4.34	2481	4000	4.408	3.96	True	1e+06		
1438	27	2	1.0	elu	120	40	0.0007555	12.4	1.87	2.09	2823	4000	1.976	1.974	True	1e+06		
1439	30	2	1.0	elu	120	40	0.0006527	10.9	5	4.56	900	4000	2.305	2.288	True	1e+06		
1441	28	2	1.0	elu	120	40	0.0006205	12.8	2.02	2.58	4423	4000	2.184	2.476	True	1e+06		
1449	28	2	1.0	elu	120	40	0.0008272	12.3	2.31	4.54	1746	500	5.2	4.415	True	1e+06		
1443	25	2	1.0	elu	120	40	0.0006384	9.06	2.89	5	2080	4000	2.131	2.102	True	1e+06		
1444	28	2	1.0	elu	120	40	0.000738	5.86	3.65	4.48	635	4000	2.409	2.385	True	1e+06		
1445	28	2	1.0	elu	120	40	0.0009209	14.6	1.43	2.76	3191	4000	2.159	2.318	True	1e+06		
1446	28	2	1.0	elu	120	40	0.0009102	6.98	3.85	3.8	848	4000	2.411	2.514	True	1e+06		
1447	28	2	1.0	elu	120	40	0.0006818	10	3.16	4.65	1707	3000	2.574	2.521	True	1e+06		
1448	28	2	1.0	elu	120	40	0.0007222	15.8	1.29	2.63	3988	4000	2.124	2.039	True	1e+06		
1451	27	2	1.0	elu	120	40	0.001084	8.81	2.01	2.35	3675	3000	2.556	2.558	True	1e+06		
1450	32	2	2.0	elu	120	40	0.0008095	10	3.76	4.14	1546	4000	2.201	2.143	True	1e+06		
1452	27	2	1.0	relu	120	40	0.0007697	13.6	2.81	1.98	2125	4000	2.398	2.608	True	1e+06		
1453	27	2	1.0	elu	120	40	0.0007637	5.74	4.88	4.62	614	4000	2.621	2.586	True	1e+06		
1454	29	2	1.0	elu	120	40	0.0006735	8.95	4.06	3.78	375	4000	2.333	2.261	True	1e+06		
1455	27	2	1.0	elu	120	40	0.000632	13.1	2.45	3.97	1369	4000	2.267	2.362	True	1e+06		
1456	26	2	1.0	elu	120	40	0.0006712	12.2	1.75	2.22	5011	4000	2.696	2.372	True	1e+06		
1457	26	2	1.0	elu	120	40	0.0008237	14.4	4.65	4.9	1291	4000	2.314	2.55	True	1e+06		
1458	29	2	2.0	elu	120	40	0.0008571	12.1	2.77	4.95	2038	4000	2.215	2.303	True	1e+06		
1460	28	2	1.0	elu	120	40	0.000704	13.6	1.51	3.27	3569	4000	2.337	2.018	True	1e+06		
1462	29	2	1.0	elu	120	40	0.0009064	8.71	2.52	1.78	4005	3000	3.079	2.646	True	1e+06		
1463	31	2	1.0	elu	120	40	0.0009249	12.1	1.05	2.24	4804	4000	2.312	2.112	True	1e+06		
1459	31	2	1.0	elu	120	40	0.001001	17.5	1.29	2.93	3632	4000	2.093	2.309	True	1e+06		
1461	29	2	1.0	elu	120	40	0.0006557	7.84	3.22	4.63	590	4000	2.516	2.478	True	1e+06		
1465	26	2	1.0	elu	80	40	0.0007113	15.8	2.07	2.21	4130	4000	2.239	2.044	True	1e+06		
1464	30	2	1.0	elu	120	160	0.000912	13.8	1.4	2.13	3312	4000	2.505	2.996	True	1e+06		
1467	27	2	1.0	elu	120	40	0.0008847	7.61	2.11	2.3	3320	3000	2.59	2.483	True	1e+06		
1471	29	2	1.0	elu	120	160	0.0006951	12.9	1.36	2.47	2975	4000	4.728	3.646	True	1e+06		
1466	30	2	2.0	elu	120	40	0.0007607	8.35	3.24	4.99	997	4000	2.275	2.483	True	1e+06		
1468	27	2	1.0	elu	120	40	0.000786	10.5	3.1	3.43	2655	4000	2.176	2.343	True	1e+06		
1469	29	2	0.5	elu	120	40	0.0008091	14.1	3.43	2.62	3784	4000	2.735	2.572	True	1e+06		
1472	30	2	1.0	elu	120	40	0.0007571	9.44	4.24	4.32	822	2000	2.951	2.961	True	1e+06		
1476	27	2	1.0	elu	40	40	0.0008453	13.2	1.44	2.49	3602	4000	6.115	4.662	True	1e+06		
1470	29	2	0.5	elu	120	40	0.0007212	9.83	3.37	4.08	1849	4000	2.928	2.917	True	1e+06		
1480	29	2	1.0	elu	120	40	0.0008189	14.3	1.61	2.16	4476	1000	3.417	2.986	True	1e+06		
1479	30	2	1.0	elu	120	40	0.0007776	15.4	1.35	2.36	4519	2000	2.711	2.864	True	1e+06		
1474	28	2	1.0	elu	120	40	0.0008045	14.8	2.09	3.93	1705	4000	2.202	2.315	True	1e+06		
1473	30	2	1.0	elu	120	40	0.0008218	8.94	2.17	3.43	3337	4000	2.194	2.156	True	1e+06		
1475	27	2	2.0	elu	120	40	0.0008138	12.6	2.95	2.72	1025	4000	2.031	2.2	True	1e+06		
1477	26	2	2.0	elu	120	40	0.000897	9.98	4.07	4.33	798	4000	2.301	2.254	True	1e+06		
1478	27	2	1.0	elu	120	40	0.0009071	13.7	2.83	2.48	3516	4000	2.392	2.42	True	1e+06		
1481	26	2	1.0	relu	120	40	0.0008456	6.81	4.4	3.92	671	4000	2.622	2.595	True	1e+06		
1482	27	2	1.0	elu	120	40	0.0007866	18.9	1.4	2.7	2975	4000	2.192	2.163	True	1e+06		
1483	27	2	1.0	gelu	120	40	0.0007486	10.2	3.53	4.24	1164	4000	2.631	2.579	True	1e+06		
1486	26	2	1.0	elu	120	80	0.0006924	8.43	3.22	4.42	1306	4000	2.463	2.384	True	1e+06		
1484	28	2	1.0	elu	120	40	0.0007742	8.54	4.79	4.41	2355	4000	2.238	2.25	True	1e+06		
1485	27	2	1.0	elu	120	40	0.0008126	16.3	1.03	1.96	3778	4000	2.149	2.194	True	1e+06		
1489	28	2	1.0	relu	120	40	0.0007412	15.1	1.07	2.27	4630	4000	3.778	3.035	True	1e+06		
1487	27	2	1.0	elu	120	40	0.000721	12.7	1.41	2.07	3271	4000	2.021	2.271	True	1e+06		
1488	29	2	1.0	elu	120	40	0.0008222	9.16	2.11	1.82	3491	3000	2.673	2.65	True	1e+06		
1492	29	2	1.0	elu	120	40	0.0008998	6.25	4.34	4.61	539	1500	3.08	2.989	True	1e+06		
1495	30	2	1.0	elu	120	40	0.0006863	10.5	3.34	4.05	1224	1000	5.701	4.741	True	1e+06		
1491	26	2	1.0	elu	120	40	0.0009258	9.07	1.45	3.26	3955	4000	2.356	2.592	True	1e+06		
1490	28	2	1.0	elu	120	40	0.0009128	7.29	4.84	4.23	595	4000	2.266	2.347	True	1e+06		
1493	29	2	1.0	gelu	120	40	0.0007477	14.9	3.86	4.47	1453	4000	2.286	2.268	True	1e+06		
1494	28	2	1.0	elu	120	40	0.0007377	11.7	2.31	3.94	1433	4000	2.558	2.646	True	1e+06		
1498	24	2	1.0	elu	120	40	0.0007268	19.8	1.56	2.21	4958	4000	2.388	2.238	True	1e+06		
1496	27	2	1.0	elu	120	40	0.0007999	10.9	2.22	2.24	3521	4000	2.297	2.382	True	1e+06		
1499	26	2	0.5	elu	120	40	0.0007833	11.4	2.8	2.73	3793	2000	3.877	3.456	True	1e+06		
1497	28	2	1.0	elu	120	40	0.0007913	10.1	1.7	4.61	3312	4000	2.249	2.406	True	1e+06		
1504	28	2	1.0	elu	40	40	0.0008703	14.5	1.35	2.09	4086	4000	6.945	5.6	True	1e+06		
1500	30	2	1.0	elu	120	160	0.0007072	13.2	3.31	3.74	1013	4000	2.83	2.598	True	1e+06		
1501	28	2	1.0	elu	120	40	0.0008481	13.2	2.32	2.36	4397	4000	2.729	2.562	True	1e+06		
1502	27	2	2.0	elu	120	40	0.0008158	9.87	1.68	3.12	4145	4000	2.019	1.995	True	1e+06		
1506	27	2	1.0	elu	120	40	0.0007488	11	2.2	4.19	2165	3000	2.708	2.818	True	1e+06		
1505	25	2	1.0	elu	120	40	0.0007082	19	1.37	2.06	3629	4000	2.207	2.367	True	1e+06		
1503	27	2	1.0	elu	120	40	0.0007429	13.5	3.28	3.49	2217	4000	3.509	2.903	True	1e+06		
1508	28	2	1.0	relu	120	40	0.0006786	15	1.36	2.47	4823	4000	2.802	3.654	True	1e+06		
1507	28	2	1.0	elu	120	80	0.0009931	11.7	2.73	4.12	1980	4000	2.491	2.532	True	1e+06		
1513	28	2	0.5	elu	120	40	0.0008009	10.3	4.07	4.39	204	4000	5.07	4.108	True	1e+06		
1515	27	2	1.0	elu	120	40	0.0007247	10.4	3.42	3.37	1798	500	5.143	3.983	True	1e+06		
1509	25	2	1.0	elu	120	40	0.000767	15.1	2.28	2.12	4688	4000	2.061	2.213	True	1e+06		
1516	28	2	1.0	elu	40	40	0.0008967	7.69	2.38	2.47	4477	3000	4.297	3.977	True	1e+06		
1512	28	2	1.0	elu	120	40	0.0008416	8.46	2.38	2.2	4093	3000	2.496	2.512	True	1e+06		
1510	27	2	1.0	elu	120	40	0.0006933	16.8	1.85	2.01	4126	4000	2.081	1.966	True	1e+06		
1520	24	2	1.0	elu	40	40	0.0008117	19.6	1.66	2.48	4008	1000	4.896	4.333	True	1e+06		
1511	24	2	1.0	elu	120	40	0.0007281	11.6	1.9	3.65	3655	4000	2.391	2.451	True	1e+06		
1514	29	2	0.5	elu	120	40	0.0007566	7.67	4.09	4.6	1498	4000	3.306	2.927	True	1e+06		
1523	29	2	1.0	elu	120	40	0.0008019	13.7	3.8	4.26	2078	2000	3.068	2.783	True	1e+06		
1522	28	2	0.5	elu	80	40	0.0006519	10.1	3.82	4.32	1913	4000	3.929	3.647	True	1e+06		
1517	30	2	1.0	elu	120	40	0.0006109	16.6	2.23	2.1	1969	4000	2.04	1.983	True	1e+06		
1518	28	2	1.0	elu	120	40	0.0007867	8.34	1.68	3.88	3214	4000	2.19	2.146	True	1e+06		
1519	29	2	1.0	elu	120	40	0.0006405	9.03	4.63	4.8	1510	4000	2.524	2.432	True	1e+06		
1521	30	2	1.0	elu	120	40	0.001019	6.37	4.47	4.11	1201	4000	2.231	2.288	True	1e+06		
1524	31	2	1.0	elu	120	40	0.0008436	14.8	3.93	3.29	701	4000	2.411	2.435	True	1e+06		
1527	28	2	1.0	elu	120	40	0.0006729	15.3	1.97	2.36	4362	1500	3.601	2.933	True	1e+06		
1528	29	2	1.0	elu	20	40	0.0008689	13.3	1.24	2.86	3159	4000	39.85	20.43	True	1e+06		
1526	25	2	2.0	elu	120	40	0.0008487	18.6	1.6	2.29	3733	4000	2.007	1.904	True	1e+06		
1525	27	2	1.0	elu	120	40	0.0008718	14.2	1.85	2.78	4225	4000	2.12	2.15	True	1e+06		
1530	28	2	1.0	elu	120	40	0.0007541	12.4	3.06	1.72	1391	4000	2.217	2.265	True	1e+06		
1529	29	2	1.0	elu	120	40	0.0007741	5.73	4.63	3.85	1648	4000	2.498	2.551	True	1e+06		
1532	26	2	1.0	elu	120	40	0.001048	8.34	2.39	2.27	3304	3000	2.705	2.639	True	1e+06		
1531	30	2	1.0	elu	120	40	0.0007697	12.8	2.58	2.39	1639	4000	2.512	2.419	True	1e+06		
1535	25	2	1.0	elu	120	40	0.0009697	9.67	3.34	3.29	2088	4000	2.605	2.831	True	1e+06		
1533	31	2	1.0	elu	120	40	0.0006955	15.5	1.25	2.59	3801	4000	2.155	2.426	True	1e+06		
1534	31	2	1.0	elu	120	40	0.000697	13.8	1.65	2.47	3812	4000	2.612	2.738	True	1e+06		
1541	24	2	1.0	elu	120	40	0.0009086	7.4	4.4	4.58	811	2000	3.555	3.251	True	1e+06		
1536	26	2	2.0	elu	120	40	0.0009674	15.5	1.42	2.19	3793	4000	1.972	2.122	True	1e+06		
1539	24	2	1.0	elu	120	40	0.0009269	16.3	1.56	2.63	3197	4000	2.158	2.149	True	1e+06		
1538	28	2	1.0	elu	120	40	0.0007929	15	3.37	3.52	1305	4000	2.187	2.056	True	1e+06		
1537	29	2	1.0	elu	120	40	0.0007313	7.25	4.67	4.08	673	4000	2.296	2.447	True	1e+06		
1540	26	2	1.0	elu	120	40	0.0006523	13.5	1.7	2.63	4643	4000	2.078	2.145	True	1e+06		
1542	28	2	1.0	elu	120	80	0.0007333	15.5	2.56	1.63	1847	4000	2.295	2.406	True	1e+06		
1543	26	2	2.0	elu	120	40	0.0007145	17	1.68	2.19	5259	4000	1.935	2.008	True	1e+06		
1545	27	2	1.0	relu	120	40	0.0006974	13.8	1.95	2.13	3741	4000	2.6	2.563	True	1e+06		
1544	29	2	1.0	relu	120	40	0.0007438	13.8	1.39	2.57	4118	4000	2.305	2.704	True	1e+06		
1547	28	2	1.0	elu	120	40	0.0008118	9.23	1.89	4.22	931	4000	2.162	2.393	True	1e+06		
1546	32	2	1.0	elu	120	40	0.0007532	11.9	1.13	2.18	4352	4000	2.442	2.73	True	1e+06		
1552	27	2	1.0	elu	120	40	0.0008042	11.4	2.8	2.64	2729	1500	2.91	2.871	True	1e+06		
1548	31	2	1.0	elu	120	40	0.0008802	6.53	4.34	4.41	1782	4000	2.539	2.625	True	1e+06		
1553	30	2	1.0	elu	40	40	0.0006984	6.17	4.11	4.11	1185	4000	6.002	4.717	True	1e+06		
1549	25	2	1.0	elu	120	40	0.0006507	8.66	3.06	3.76	848	4000	2.564	2.817	True	1e+06		
1550	32	2	1.0	elu	120	40	0.0009563	10.5	3.37	4.94	1443	4000	2.419	2.486	True	1e+06		
1551	29	2	1.0	elu	120	40	0.0007525	11	2.9	4.84	2052	4000	2.454	2.632	True	1e+06		
1557	28	2	1.0	elu	120	40	0.001069	9.75	2.53	1.96	4156	2000	2.775	2.634	True	1e+06		
1554	24	2	1.0	elu	120	40	0.0008397	13.9	1.21	2.35	4062	4000	2.372	2.406	True	1e+06		
1556	29	2	1.0	elu	120	40	0.0009979	7.63	1.74	2.26	2844	3000	2.33	2.322	True	1e+06		
1559	28	2	1.0	elu	120	40	0.0007113	11	2.78	3.2	3037	1500	3.532	3.203	True	1e+06		
1555	26	2	1.0	elu	120	40	0.0006825	8.06	1.88	3.53	3643	4000	2.182	2.257	True	1e+06		
1558	31	2	1.0	elu	120	40	0.0007427	13.4	3.26	4.35	2279	4000	2.616	2.444	True	1e+06		
1560	26	2	1.0	relu	120	40	0.0008039	7.78	3.05	3.95	799	4000	2.681	2.605	True	1e+06		
1563	28	2	1.0	relu	120	40	0.0008754	11.3	3.35	3.42	1618	3000	2.749	2.968	True	1e+06		
1565	23	2	0.5	elu	120	40	0.0007954	17.5	1.51	2.58	3754	4000	3.684	2.967	True	1e+06		
1561	27	2	1.0	elu	120	40	0.0009915	11.5	2.33	4.69	1147	4000	2.236	2.432	True	1e+06		
1564	30	2	1.0	elu	120	40	0.0009364	9.5	1.97	2.03	3255	3000	2.471	2.421	True	1e+06		
1568	29	2	1.0	elu	120	40	0.0008191	9.32	2.57	4.48	2529	1500	3.936	3.168	True	1e+06		
1562	27	2	1.0	elu	120	40	0.0007228	7.4	3.38	4.98	2294	4000	2.396	2.345	True	1e+06		
1569	28	2	2.0	elu	120	40	0.0008525	9.54	2.69	3.97	1981	2000	2.577	2.771	True	1e+06		
1570	27	2	1.0	elu	120	40	0.0007263	16.2	1.58	2.53	1331	4000	5.133	4.039	True	1e+06		
1572	32	2	1.0	elu	120	40	0.0006768	15.5	1.58	2.51	4516	1000	4.006	3.689	True	1e+06		
1567	23	2	2.0	elu	120	40	0.0008161	11.8	1.92	3.99	3505	4000	2.046	2.139	True	1e+06		
1566	30	2	1.0	gelu	120	40	0.0007027	12	1.29	2.28	4230	4000	2.158	1.999	True	1e+06		
1571	28	2	1.0	elu	120	40	0.0008156	9.38	2.23	2.1	4724	3000	2.51	2.397	True	1e+06		
1574	29	2	1.0	elu	120	40	0.0009799	12.3	1.44	2.68	3852	3000	2.914	2.712	True	1e+06		
1577	27	2	1.0	elu	20	40	0.0008771	9.15	1.73	3.06	4701	4000	21.03	8.988	True	1e+06		
1573	30	2	1.0	elu	120	40	0.000755	17	3.59	2.26	2138	4000	2.258	2.315	True	1e+06		
1575	26	2	1.0	elu	120	40	0.0009099	10.9	5.14	3.97	1947	4000	2.482	2.838	True	1e+06		
1578	29	2	1.0	elu	120	80	0.000851	10.9	2.23	2.28	3703	3000	3.001	2.851	True	1e+06		
1576	29	2	1.0	elu	120	40	0.0009434	13	3.5	2.12	3066	4000	2.414	2.646	True	1e+06		
1579	27	2	1.0	elu	120	40	0.0008445	11.3	1.99	4.91	1538	4000	2.379	2.273	True	1e+06		
1581	26	2	0.5	elu	120	40	0.0009358	17.3	1.68	2.44	2564	4000	3.073	2.828	True	1e+06		
1580	29	2	1.0	elu	120	40	0.0008979	15.8	1.63	2.4	4616	4000	2.168	2.303	True	1e+06		
1583	29	2	1.0	gelu	120	40	0.0007887	10.6	3.3	4.36	674	4000	2.328	2.269	True	1e+06		
1587	29	2	1.0	elu	120	40	0.001021	16.2	2.27	2.62	3746	1500	3.241	3.085	True	1e+06		
1582	27	2	1.0	elu	120	40	0.0007719	7.16	2.71	4.18	1306	4000	2.289	2.216	True	1e+06		
1585	30	2	1.0	elu	120	40	0.0008662	7.75	2.61	1.79	3006	3000	2.77	2.624	True	1e+06		
1584	26	2	0.5	elu	120	40	0.0007979	14.5	1.97	2.23	4389	4000	2.735	2.582	True	1e+06		
1591	27	2	1.0	elu	40	40	0.0007817	12.7	1.81	4.03	3049	4000	4.262	3.575	True	1e+06		
1586	28	2	1.0	elu	120	40	0.0009543	9.34	1.93	1.81	2748	3000	2.533	2.443	True	1e+06		
1593	30	2	1.0	elu	120	40	0.001102	7.94	2.34	2.2	3820	1000	3.728	3.159	True	1e+06		
1592	32	2	1.0	elu	20	40	0.0006962	9.69	2.81	4.53	545	4000	30.18	14.3	True	1e+06		
1588	31	2	1.0	elu	120	40	0.0008268	9.61	4.11	4	1282	3000	2.577	2.778	True	1e+06		
1594	27	2	1.0	elu	80	40	0.001008	7.01	2.31	2.06	4287	3000	2.843	2.947	True	1e+06		
1589	27	2	1.0	elu	120	40	0.0009393	8.79	1.84	3.63	3877	4000	2.232	2.283	True	1e+06		
1597	24	2	1.0	elu	120	40	0.0008084	16.7	1.75	2.22	4579	2000	2.761	2.887	True	1e+06		
1590	26	2	1.0	elu	120	40	0.0007195	9	4.13	3.67	24	4000	2.281	2.246	True	1e+06		
1595	29	2	1.0	relu	120	40	0.0009168	13.5	3.91	2.88	2304	4000	2.787	2.549	True	1e+06		
1596	30	2	1.0	elu	120	40	0.0008456	17.4	1.58	2.22	3067	4000	3.186	3.012	True	1e+06		
1599	29	2	1.0	gelu	120	40	0.0006275	9.81	3.9	4.41	1448	2000	2.593	2.598	True	1e+06		
1598	25	2	1.0	elu	120	40	0.0007849	6.59	3.64	4.88	1560	4000	2.589	2.496	True	1e+06		
1605	29	2	0.5	elu	120	40	0.0007609	11.6	3.76	4.24	1076	1500	3.805	3.585	True	1e+06		
1602	23	2	1.0	elu	120	40	0.0006571	18.6	1.86	2.13	3673	4000	2.243	2.233	True	1e+06		
1603	28	2	1.0	elu	120	160	0.0006857	11.1	1.47	2.61	4746	4000	2.627	2.249	True	1e+06		
1601	27	2	1.0	elu	120	40	0.0008594	8.15	3.81	3.84	1309	4000	2.142	2.361	True	1e+06		
1606	31	2	1.0	gelu	120	160	0.0007372	10.6	3.47	4.65	729	2000	3.262	2.894	True	1e+06		
1604	25	2	1.0	elu	120	40	0.000925	9.42	1.91	3.56	4390	4000	2.16	2.584	True	1e+06		
1600	32	2	1.0	elu	120	40	0.0006208	10.1	3.59	4.72	1536	4000	2.558	2.439	True	1e+06		
1613	26	2	1.0	elu	20	40	0.0008874	13.1	3.54	3.59	1315	4000	21.56	15.59	True	1e+06		
1607	30	2	1.0	elu	120	80	0.0009119	16.6	2.08	2.07	3254	4000	2.176	2.175	True	1e+06		
1610	29	2	1.0	elu	120	80	0.0006009	10	4	4.26	1862	3000	3.923	3.479	True	1e+06		
1608	29	2	2.0	elu	120	40	0.0008126	13.7	3.89	3.2	1839	4000	2.107	2.238	True	1e+06		
1609	29	2	1.0	elu	120	40	0.0008633	11.1	1.98	4.36	2135	4000	2.292	2.456	True	1e+06		
1612	27	2	1.0	relu	120	40	0.0007759	10.3	2.26	2.97	3983	4000	2.778	2.847	True	1e+06		
1611	31	2	1.0	elu	120	40	0.0008369	13	1.31	2.72	5057	4000	2.216	2.109	True	1e+06		
1614	30	2	1.0	elu	120	40	0.000849	14.4	1.69	2.79	5079	4000	2.198	2.011	True	1e+06		
1618	26	2	1.0	elu	120	40	0.0008515	9.28	2.3	4.09	1842	1500	3.914	3.199	True	1e+06		
1616	26	2	1.0	elu	120	40	0.000802	11.9	3.31	2.69	2261	3000	2.503	2.273	True	1e+06		
1615	30	2	1.0	elu	120	40	0.0006151	9.26	3.38	4.39	882	4000	2.483	2.447	True	1e+06		
1619	27	2	1.0	elu	80	40	0.0008682	13.6	2.93	2.98	2562	4000	2.42	2.613	True	1e+06		
1621	28	2	1.0	elu	120	40	0.0008139	12	3.78	4.27	1351	2000	3.323	2.93	True	1e+06		
1617	26	2	2.0	elu	120	40	0.0007547	13.4	1.9	2.77	4250	4000	1.976	2.247	True	1e+06		
1620	27	2	1.0	elu	120	40	0.0006368	11.9	1.98	4.34	2238	4000	2.108	2.208	True	1e+06		
1623	28	2	1.0	elu	120	40	0.001243	8.29	2.45	2.5	3468	3000	2.54	2.434	True	1e+06		
1622	26	2	1.0	elu	120	40	0.0006864	12.5	2.69	4.72	1579	4000	2.468	2.405	True	1e+06		
1626	27	2	0.5	elu	80	40	0.0008028	9.77	3.52	4.13	1253	4000	2.708	2.857	True	1e+06		
1627	28	2	1.0	elu	120	40	0.000825	12.7	1.93	1.83	1513	4000	2.121	2.257	True	1e+06		
1625	27	2	1.0	elu	120	40	0.001018	9.96	3.21	4.83	806	4000	2.271	2.165	True	1e+06		
1624	30	2	1.0	elu	120	40	0.0007799	12.2	4.43	2.02	2180	4000	2.624	2.829	True	1e+06		
1628	25	2	2.0	elu	120	40	0.000932	10.7	2.27	3.87	3628	4000	2.294	2.315	True	1e+06		
1629	30	2	1.0	elu	120	40	0.000626	14.4	1.5	2.08	4635	4000	1.941	1.936	True	1e+06		
1633	31	2	1.0	elu	120	40	0.0007883	8.94	3.78	4.96	1031	4000	3.232	3.062	True	1e+06		
1630	28	2	1.0	elu	120	40	0.0006366	11.4	2.52	3.99	2697	4000	2.29	2.215	True	1e+06		
1634	28	2	1.0	elu	120	40	0.000863	12.1	3.47	2.43	2407	3000	2.317	2.41	True	1e+06		
1632	26	2	1.0	elu	120	40	0.0006885	8.87	4.87	4.74	419	4000	2.678	2.506	True	1e+06		
1631	30	2	1.0	elu	120	40	0.0008006	10.4	2.48	1.85	2616	4000	2.419	2.481	True	1e+06		
1635	25	2	1.0	gelu	120	40	0.0007635	9.04	2.4	3.67	3647	4000	2.115	2.354	True	1e+06		
1637	28	2	1.0	elu	120	40	0.0009496	15.9	2.05	2.05	4883	4000	2.286	2.988	True	1e+06		
1639	29	2	1.0	elu	120	40	0.0008153	7.91	1.86	2.2	3625	3000	2.401	2.262	True	1e+06		
1638	26	2	1.0	gelu	120	40	0.0008072	9.35	3	3.92	310	4000	2.343	2.223	True	1e+06		
1641	29	2	1.0	elu	120	40	0.000752	14.4	1.88	1.89	2331	2000	2.978	2.637	True	1e+06		
1636	32	2	1.0	elu	120	40	0.0007021	12.9	1.52	2.43	4761	4000	2.35	2.106	True	1e+06		
1640	25	2	1.0	elu	120	40	0.0006928	18.8	2.18	2.2	4431	4000	2.172	2.123	True	1e+06		
1646	28	2	1.0	elu	20	40	0.001002	8.4	2.01	1.97	4016	3000	1232	76.74	True	1e+06		
1642	23	2	1.0	elu	120	40	0.0008563	19.5	1.42	1.98	3901	4000	2.272	2.259	True	1e+06		
1644	31	2	1.0	elu	120	40	0.000754	10.8	3.69	4.13	2538	2000	2.871	2.964	True	1e+06		
1643	28	2	2.0	elu	120	40	0.000848	12.6	3.96	2.83	1214	4000	2.21	2.397	True	1e+06		
1647	28	2	1.0	elu	120	40	0.001019	17	1.61	3.06	3832	4000	2.151	2.204	True	1e+06		
1645	28	2	1.0	elu	120	40	0.000694	16.8	1.82	3.14	3439	4000	1.967	1.927	True	1e+06		
1648	28	2	2.0	elu	120	40	0.0007506	14.2	1.94	2.04	4035	4000	2.074	2.244	True	1e+06		
1649	27	2	1.0	relu	120	40	0.0008256	16.2	3.59	4.9	1342	4000	2.478	2.372	True	1e+06		
1651	28	2	1.0	elu	120	40	0.0006179	10.3	3.35	3.8	2954	4000	4.005	3.796	True	1e+06		
1657	26	2	1.0	elu	40	40	0.0007619	9.85	3.32	4.08	1711	1500	3.903	3.5	True	1e+06		
1654	29	2	1.0	elu	80	40	0.0005782	8.74	3.18	3.77	1943	4000	3.149	3.013	True	1e+06		
1652	29	2	1.0	elu	120	40	0.000931	15.2	1.44	2.31	3661	4000	2.247	2.35	True	1e+06		
1650	29	2	1.0	elu	120	40	0.0007536	8.33	2.21	3.95	4188	4000	2.228	2.287	True	1e+06		
1653	29	2	1.0	elu	120	40	0.0009554	10.7	2.62	2.15	3755	3000	2.58	2.734	True	1e+06		
1655	30	2	1.0	elu	120	40	0.0009694	6.94	2.44	1.77	3784	3000	2.33	2.403	True	1e+06		
1656	32	2	1.0	elu	120	40	0.0009126	11	4.48	3.87	1284	4000	2.253	2.382	True	1e+06		
1660	26	2	1.0	elu	120	80	0.0008232	9.75	4.88	3.74	1634	4000	2.689	2.652	True	1e+06		
1659	26	2	1.0	elu	120	40	0.0007545	18.4	1.44	1.96	2610	4000	2.204	2.011	True	1e+06		
1661	27	2	0.5	elu	120	40	0.0007533	14.7	1.93	2.08	3139	4000	2.592	2.788	True	1e+06		
1658	32	2	0.5	elu	120	40	0.0008181	8.45	2.84	4.52	1290	4000	2.917	2.619	True	1e+06		
1662	28	2	1.0	elu	120	40	0.0007204	13	1.86	2.05	1415	4000	2.469	2.694	True	1e+06		
1666	28	2	1.0	elu	120	40	0.0007664	9.37	3.61	4.77	835	2000	2.751	2.613	True	1e+06		
1665	30	2	1.0	elu	80	40	0.0008781	10.7	2.31	4.11	1828	4000	3.778	3.532	True	1e+06		
1663	32	2	1.0	elu	120	40	0.0007533	13.7	3.21	4	1413	4000	2.469	2.459	True	1e+06		
1667	24	2	1.0	elu	120	40	0.0008285	8.83	3.15	4.19	769	4000	3.059	3.003	True	1e+06		
1669	27	2	1.0	elu	20	40	0.0006711	12.4	1.67	2.49	3974	4000	10.56	8.248	True	1e+06		
1664	30	2	1.0	elu	120	40	0.000789	17.6	3.39	4.06	1128	4000	2.219	2.513	True	1e+06		
1668	22	2	1.0	elu	120	40	0.0009317	9.15	1.85	4.63	3510	4000	2.262	2.331	True	1e+06		
1672	29	2	1.0	elu	120	160	0.0007025	14.2	3.53	3.28	1721	3000	2.654	2.436	True	1e+06		
1674	26	2	0.5	elu	80	40	0.0007486	15.6	1.72	2.37	3453	4000	4.136	3.533	True	1e+06		
1670	26	2	1.0	elu	120	40	0.0006215	12.6	3.83	3.68	1978	4000	3.341	2.974	True	1e+06		
1673	29	2	1.0	elu	120	40	0.000692	10.7	2.67	2.36	554	4000	2.512	2.263	True	1e+06		
1671	31	2	1.0	elu	120	40	0.0007003	13.9	3.06	3.11	1333	4000	2.455	2.461	True	1e+06		
1675	27	2	1.0	elu	120	40	0.000968	17.1	1.51	2.12	2308	4000	1.991	2.167	True	1e+06		
1680	31	2	1.0	elu	120	40	0.0008139	17.4	3.7	3.68	1796	1000	4.394	3.5	True	1e+06		
1676	28	2	1.0	elu	120	40	0.0005752	10.3	3.66	4.27	2168	4000	2.401	2.301	True	1e+06		
1677	31	2	1.0	relu	120	40	0.0007163	8.97	3.5	3.99	565	4000	3.385	2.848	True	1e+06		
1678	30	2	1.0	relu	120	40	0.0006631	7.32	4.16	3.77	620	4000	2.466	2.45	True	1e+06		
1681	30	2	1.0	elu	120	40	0.000861	10.9	3.69	2.44	2243	4000	2.614	2.791	True	1e+06		
1679	27	2	1.0	elu	120	40	0.0006974	10.7	2.06	3.13	3389	4000	2.34	2.201	True	1e+06		
1682	26	2	1.0	elu	120	40	0.0006772	17.2	1.97	2.04	3161	4000	2.353	2.404	True	1e+06		
1683	26	2	1.0	elu	120	40	0.0008284	6.7	4.5	4.73	1384	4000	2.406	2.756	True	1e+06		
1687	28	2	1.0	elu	120	40	0.0008973	6.89	4.03	4.69	1410	1500	3.156	3.066	True	1e+06		
1684	25	2	1.0	relu	120	40	0.0007893	10.5	3.89	3.8	1777	4000	2.597	2.81	True	1e+06		
1686	24	2	1.0	elu	120	40	0.0007643	14.4	1.93	4.78	3260	4000	2.439	2.472	True	1e+06		
1685	26	2	1.0	elu	120	40	0.0008363	10.3	3.65	3.71	3057	4000	2.327	2.396	True	1e+06		
1691	28	2	1.0	elu	120	80	0.0008138	11	3.9	4.65	2125	2000	3.253	2.992	True	1e+06		
1688	28	2	1.0	elu	120	40	0.0008165	12.1	2.18	1.83	4762	4000	2.303	2.056	True	1e+06		
1689	31	2	1.0	elu	120	40	0.0006227	13.9	3.42	4.37	2097	4000	2.168	2.335	True	1e+06		
1690	26	2	1.0	elu	120	40	0.0007329	15	2.74	1.77	1841	4000	2.778	2.759	True	1e+06		
1692	31	2	1.0	elu	120	40	0.0005972	7.72	4.17	3.71	1677	4000	2.584	2.615	True	1e+06		
1693	30	2	1.0	elu	120	40	0.0007223	14.3	1.75	2.06	4145	4000	2.174	2.233	True	1e+06		
1694	30	2	1.0	elu	120	40	0.0007489	14	2.41	1.68	1569	4000	2.496	2.45	True	1e+06		
1695	27	2	1.0	elu	120	40	0.0007505	9.11	2.88	3.8	2079	4000	2.307	2.259	True	1e+06		
1696	25	2	1.0	elu	120	40	0.0008325	15.2	2.45	2.5	3792	4000	2.269	2.653	True	1e+06		
1697	29	2	1.0	elu	120	40	0.0009572	10.6	4.07	4.36	172	4000	2.407	2.469	True	1e+06		
1699	27	2	1.0	elu	120	40	0.001014	14.6	1.14	2.33	3016	4000	2.315	2.239	True	1e+06		
1698	27	2	0.5	elu	120	40	0.0007925	12.2	2.98	1.91	1771	4000	2.841	2.824	True	1e+06		
1703	27	2	1.0	elu	120	40	0.0009204	18.3	1.35	1.92	2849	2000	2.408	2.4	True	1e+06		
1705	28	2	1.0	elu	120	40	0.0007681	7.91	2.62	4.67	2238	500	6.14	4.603	True	1e+06		
1700	23	2	1.0	elu	120	40	0.0007878	19.7	1.53	2.08	3121	4000	2.068	2.176	True	1e+06		
1701	28	2	1.0	elu	120	40	0.0007802	16.4	1.3	2.73	4646	4000	2.315	2.346	True	1e+06		
1702	25	2	1.0	elu	120	40	0.0007619	15.3	1.63	1.7	3720	4000	2.103	2.235	True	1e+06		
1710	28	2	1.0	elu	120	40	0.00102	9.19	2.64	1.98	3116	500	3.988	3.346	True	1e+06		
1711	29	2	1.0	elu	120	40	0.0009273	9.33	3.51	3.55	2038	500	4.025	3.304	True	1e+06		
1704	32	2	1.0	elu	120	40	0.0009383	14.2	1.87	2.73	3717	4000	2.374	2.3	True	1e+06		
1712	27	2	1.0	elu	20	40	0.0008345	10.1	3.97	4.45	1372	4000	39.92	16.8	True	1e+06		
1706	27	2	0.5	elu	120	40	0.0008457	8.49	3.23	4.15	1421	4000	3.546	3.21	True	1e+06		
1707	30	2	1.0	elu	120	40	0.000788	15.6	1.08	1.81	3763	4000	2.154	2.218	True	1e+06		
1716	28	2	1.0	elu	20	40	0.0006724	6.8	3.76	4.22	2149	4000	5181	57.64	True	1e+06		
1708	29	2	1.0	elu	120	40	0.0006932	6.2	3.57	3.9	102	4000	2.263	2.209	True	1e+06		
1717	27	2	1.0	elu	120	40	0.0007037	12.4	1.93	4.64	1619	500	4.795	3.982	True	1e+06		
1709	26	2	1.0	elu	120	40	0.0007959	10.4	2.19	2.08	4640	4000	2.207	2.114	True	1e+06		
1713	30	2	1.0	elu	120	40	0.000811	14.8	4.05	4.1	418	4000	2.36	2.604	True	1e+06		
1714	28	2	0.5	elu	120	40	0.0009635	9.23	2.15	2.33	3896	3000	2.635	2.486	True	1e+06		
1715	31	2	1.0	elu	120	40	0.0007872	13	3.84	2.92	1167	4000	2.138	2.054	True	1e+06		
1723	29	2	1.0	elu	120	40	0.0007661	6.91	4.09	4.94	336	2000	3.045	3.236	True	1e+06		
1718	25	2	1.0	elu	120	40	0.0008878	11.2	1.75	3.05	4109	4000	2.487	2.507	True	1e+06		
1720	26	2	1.0	elu	120	40	0.0007511	8.25	2.3	3.56	2994	4000	2.548	2.577	True	1e+06		
1721	26	2	1.0	elu	120	40	0.0007571	12.3	2.84	4.64	870	4000	2.426	2.352	True	1e+06		
1719	31	2	1.0	elu	120	40	0.0006846	11.7	3.66	4.2	2052	4000	2.616	2.676	True	1e+06		
1722	29	2	1.0	elu	120	40	0.0008867	8.4	2.21	3.97	1231	4000	3.012	2.676	True	1e+06		
1728	26	2	1.0	elu	120	40	0.0007549	11.1	3.05	4.43	2138	1500	4.03	3.376	True	1e+06		
1724	29	2	1.0	elu	120	40	0.0006622	13.2	2.21	4.82	2101	4000	2.531	2.641	True	1e+06		
1725	27	2	1.0	elu	120	40	0.000768	10.8	2.51	2.1	2253	4000	2.139	2.282	True	1e+06		
1726	27	2	1.0	elu	120	40	0.0007616	5.44	4.01	3.83	1744	4000	2.397	2.527	True	1e+06		
1727	25	2	1.0	elu	120	40	0.0007886	9.84	2.37	3.59	1683	4000	2.126	2.052	True	1e+06		
1732	29	2	1.0	elu	20	40	0.0007617	13.2	3.52	2.31	3740	4000	480.9	84.7	True	1e+06		
1730	30	2	1.0	elu	120	40	0.0009117	12.7	1.38	2.1	3879	3000	2.442	2.7	True	1e+06		
1729	30	2	1.0	elu	120	40	0.0007023	8.45	2.52	4.46	463	4000	2.3	2.464	True	1e+06		
1731	29	2	1.0	elu	120	40	0.001014	12.4	3.7	3.39	2193	4000	2.475	2.658	True	1e+06		
1735	30	2	1.0	elu	120	40	0.0008784	14.4	1.78	2.15	1714	4000	2.37	2.442	True	1e+06		
1734	27	2	0.5	elu	120	40	0.0007322	8.07	3.66	4.61	977	4000	3.14	3.216	True	1e+06		
1733	27	2	1.0	elu	120	40	0.000721	13.3	1.61	2.11	4344	4000	2.001	2.079	True	1e+06		
1736	28	2	1.0	elu	120	80	0.0007947	7.92	3.07	4.38	1083	4000	2.501	2.594	True	1e+06		
1737	32	2	1.0	elu	120	40	0.0006166	8.9	3.44	4.41	240	4000	2.491	2.582	True	1e+06		
1739	28	2	0.5	elu	120	40	0.0006385	13.9	4.05	4.13	1484	4000	3.134	3.131	True	1e+06		
1738	27	2	1.0	elu	120	40	0.0007404	18.3	1.86	2.56	2450	4000	2.64	2.774	True	1e+06		
1746	26	2	1.0	elu	120	40	0.0008927	8.12	4.75	3.78	1255	500	4.328	3.771	True	1e+06		
1740	30	2	1.0	elu	120	40	0.001005	13.8	4.22	3.28	1492	4000	2.502	2.651	True	1e+06		
1747	30	2	1.0	elu	20	40	0.0005912	7.42	3.27	4.62	1707	4000	249.6	72.04	True	1e+06		
1742	27	2	1.0	elu	120	40	0.0009007	11.4	4.01	4.6	2607	4000	2.605	2.743	True	1e+06		
1741	27	2	1.0	elu	120	40	0.0007139	8.21	1.89	4.13	3592	4000	2.369	2.191	True	1e+06		
1744	28	2	1.0	elu	120	40	0.0009453	10.6	1.71	4.22	3005	4000	2.526	2.413	True	1e+06		
1743	28	2	0.5	elu	120	40	0.0006749	13.8	2.77	1.93	1282	4000	2.866	2.82	True	1e+06		
1753	29	2	1.0	elu	20	40	0.0007514	12.1	2.06	2.52	4254	4000	14.89	9.104	True	1e+06		
1745	31	2	1.0	elu	120	40	0.0007991	11.7	1.98	1.74	2101	4000	2.37	3.039	True	1e+06		
1750	28	2	1.0	elu	120	160	0.0008235	12.1	3.07	4.38	1240	3000	3.756	3.221	True	1e+06		
1748	27	2	1.0	elu	120	40	0.0006975	8.87	1.66	2.94	4320	3000	2.815	2.864	True	1e+06		
1755	26	2	1.0	elu	120	40	0.0008606	9.84	1.79	4.05	3907	1000	3.703	3.084	True	1e+06		
1752	28	2	1.0	elu	120	40	0.0008942	7.55	4.82	4.55	1525	4000	2.601	2.454	True	1e+06		
1749	27	2	1.0	elu	120	40	0.0006656	12	1.47	2.79	3860	4000	2.259	2.175	True	1e+06		
1751	27	2	1.0	elu	80	40	0.0008031	11.4	3.39	4.33	1507	4000	2.611	2.569	True	1e+06		
1754	25	2	1.0	elu	120	40	0.000739	14	3.24	2.68	2433	4000	2.278	2.497	True	1e+06		
1756	29	2	1.0	elu	120	40	0.0008621	18.4	1.14	2.06	3005	4000	2.169	1.99	True	1e+06		
1757	29	2	1.0	elu	120	40	0.0008175	11.6	3.03	2.71	1289	4000	2.123	2.15	True	1e+06		
1758	28	2	1.0	elu	120	40	0.00072	16.6	1.53	2.41	2767	4000	2.242	2.083	True	1e+06		
1759	24	2	1.0	elu	120	40	0.0006842	8.6	4.74	4.17	1353	4000	2.196	2.147	True	1e+06		
1761	26	2	1.0	elu	120	40	0.0005869	9.17	2.28	4.45	1769	4000	2.324	2.157	True	1e+06		
1760	27	2	1.0	elu	120	40	0.0007591	12.8	3.14	2.09	4308	4000	2.224	2.369	True	1e+06		
1762	28	2	1.0	elu	120	40	0.0008763	6.67	2.54	2	4029	3000	2.498	2.745	True	1e+06		
1763	28	2	1.0	gelu	120	40	0.0008509	12.5	1.59	3.2	3748	4000	2.394	2.356	True	1e+06		
1767	30	2	1.0	elu	120	40	0.0007464	12.5	1.35	2.22	4931	1000	3.239	2.843	True	1e+06		
1768	29	2	1.0	elu	40	40	0.0008048	12	1.24	2.8	4309	4000	4.529	4.084	True	1e+06		
1771	27	2	1.0	elu	20	40	0.0007271	19.5	1.51	2.82	3550	4000	18.09	8.441	True	1e+06		
1766	26	2	1.0	elu	120	160	0.0007234	10.6	3.47	4.2	458	4000	3.787	3.009	True	1e+06		
1764	31	2	1.0	relu	120	40	0.0007403	7.46	4.09	4.27	516	4000	2.628	2.537	True	1e+06		
1765	27	2	1.0	elu	120	40	0.0007276	16.5	2.22	2.51	3461	4000	2.404	2.446	True	1e+06		
1772	30	2	1.0	elu	40	40	0.000741	14.1	1.02	2.25	4635	4000	4.01	3.465	True	1e+06		
1769	32	2	1.0	elu	120	40	0.0008579	11	2.45	5	528	4000	2.083	2.186	True	1e+06		
1770	30	2	1.0	elu	120	40	0.0007122	10.6	1.81	2.38	4358	4000	2.258	2.271	True	1e+06		
1774	27	2	1.0	elu	120	80	0.0006683	7.4	3.4	3.9	1277	4000	2.927	2.619	True	1e+06		
1773	31	2	1.0	elu	120	40	0.0007777	10.1	2.32	4.08	333	4000	2.236	2.322	True	1e+06		
1778	29	2	1.0	elu	120	40	0.001221	9.32	2.62	1.96	3348	1500	3.5	3.167	True	1e+06		
1777	26	2	1.0	elu	120	80	0.0008097	9.64	2.08	3.72	3281	4000	2.571	2.929	True	1e+06		
1775	30	2	1.0	elu	120	40	0.0008471	13.3	2.21	2.71	3622	4000	2.241	2.424	True	1e+06		
1776	26	2	1.0	elu	120	40	0.0008298	18.4	1.95	2.65	4295	4000	2.308	2.28	True	1e+06		
1779	28	2	1.0	elu	80	40	0.0008115	14.3	1.96	2.29	3937	4000	2.476	2.554	True	1e+06		
1782	30	2	1.0	relu	120	40	0.0008166	10.1	2.8	4.71	1128	3000	2.557	2.561	True	1e+06		
1781	25	2	1.0	elu	120	40	0.0006318	14.3	1.41	2.22	3681	4000	2.121	2.102	True	1e+06		
1780	28	2	1.0	elu	120	40	0.0008931	11.9	2.58	2.81	1635	4000	2.398	2.662	True	1e+06		
1784	26	2	1.0	elu	120	40	0.0006992	16.9	1.44	2.14	1752	4000	2.452	2.469	True	1e+06		
1785	25	2	1.0	elu	120	40	0.0008847	9.05	2.97	3.73	2280	4000	2.199	2.12	True	1e+06		
1783	31	2	1.0	elu	120	40	0.0007194	9.14	3.81	3.45	1628	4000	2.265	2.429	True	1e+06		
1789	28	2	1.0	elu	120	40	0.0006267	14.1	1.74	2.64	2838	4000	4.312	3.622	True	1e+06		
1787	28	2	1.0	elu	120	40	0.0008616	8.69	1.94	3.25	3216	4000	2.586	2.696	True	1e+06		
1786	29	2	1.0	elu	120	40	0.0008305	13.3	4.31	4.71	1457	4000	2.162	2.228	True	1e+06		
1790	27	2	1.0	elu	120	40	0.0009098	19	1.65	2.31	3352	2000	2.809	2.818	True	1e+06		
1788	29	2	1.0	elu	120	40	0.0007405	9.07	2.12	2.15	3347	3000	2.685	2.789	True	1e+06		
1793	29	2	2.0	relu	120	40	0.0007963	13.4	1.11	2.53	3862	4000	2.99	3.286	True	1e+06		
1791	25	2	1.0	elu	120	40	0.0008362	17	2.06	2.44	3070	4000	2.418	2.182	True	1e+06		
1797	32	2	1.0	elu	120	40	0.0007475	13.4	1.5	2.09	5405	1500	3.647	2.885	True	1e+06		
1795	30	2	1.0	elu	120	40	0.0008884	15.1	2.2	1.82	1365	4000	2.225	2.268	True	1e+06		
1792	28	2	1.0	elu	120	40	0.0007055	11.2	3.8	2.9	2730	4000	2.43	2.263	True	1e+06		
1794	27	2	1.0	elu	120	40	0.0007358	10.7	3.62	2.18	2578	4000	2.4	2.652	True	1e+06		
1796	23	2	1.0	elu	120	40	0.000808	10.3	1.78	4.28	3261	4000	2.155	2.116	True	1e+06		
1802	32	2	1.0	elu	20	40	0.0008756	15	3.57	4.12	1484	4000	34.68	7.219	True	1e+06		
1799	28	2	1.0	elu	120	160	0.0007276	7.94	4.52	4.17	1613	4000	2.606	2.66	True	1e+06		
1798	26	2	1.0	elu	120	40	0.0006556	16.2	2.11	2.91	3317	4000	2.526	2.612	True	1e+06		
1801	24	2	1.0	elu	120	40	0.0007926	16.5	1.76	2.51	3923	3000	2.527	2.688	True	1e+06		
1800	27	2	1.0	elu	120	40	0.0005849	11.4	2.3	3.64	1963	4000	2.226	2.249	True	1e+06		
1808	29	2	1.0	elu	120	40	0.0007663	12.3	1.78	2.23	4503	500	4.789	3.858	True	1e+06		
1804	29	2	0.5	elu	120	40	0.0008032	15.6	3.4	1.95	2102	4000	4.269	3.945	True	1e+06		
1805	30	2	1.0	elu	80	40	0.0007587	11.1	2.93	3.25	2891	4000	2.424	2.315	True	1e+06		
1803	30	2	1.0	elu	120	40	0.000641	7.27	3.71	4.7	2135	4000	2.249	2.18	True	1e+06		
1807	29	2	1.0	elu	120	40	0.0008269	9.65	2.58	2.15	3488	3000	2.5	2.492	True	1e+06		
1806	28	2	1.0	elu	80	40	0.0007168	14.1	1.13	2.13	4247	4000	2.36	2.097	True	1e+06		
1809	27	2	1.0	elu	120	40	0.001087	9.47	1.98	1.8	4064	3000	2.49	2.761	True	1e+06		
1814	28	2	1.0	elu	40	40	0.0007262	10.3	3.16	3.75	1674	4000	3.993	3.319	True	1e+06		
1811	28	2	1.0	relu	120	40	0.000709	7.23	3.35	3.68	1144	4000	3.299	3.382	True	1e+06		
1817	25	2	1.0	elu	40	40	0.0006806	15.1	1.98	2.72	3952	4000	5.664	4.902	True	1e+06		
1810	26	2	1.0	elu	120	40	0.0007074	8.36	1.95	2.98	3858	4000	2.458	2.402	True	1e+06		
1813	27	2	0.5	gelu	120	40	0.0008869	10.6	4.25	4.29	2020	4000	2.627	2.644	True	1e+06		
1812	27	2	1.0	elu	120	40	0.0009216	12.1	3.61	2.45	1709	4000	2.19	2.46	True	1e+06		
1815	29	2	1.0	elu	120	40	0.0006448	12.8	1.2	2.04	4404	4000	2.583	2.747	True	1e+06		
1822	28	2	1.0	elu	120	40	0.0008385	13.9	3.13	3.18	3917	1000	4.458	3.467	True	1e+06		
1816	28	2	1.0	elu	120	40	0.0008373	13.3	2.9	3.52	2465	4000	2.358	2.295	True	1e+06		
1821	29	2	1.0	elu	120	40	0.0006946	8.35	2.16	4.6	1958	1500	3.712	3.208	True	1e+06		
1819	27	2	1.0	elu	120	40	0.0008197	12.4	1.56	2.68	3977	4000	2.043	2.331	True	1e+06		
1818	27	2	1.0	elu	120	40	0.0007701	11.1	3.87	4.87	2238	4000	2.283	2.535	True	1e+06		
1820	27	2	1.0	elu	120	40	0.0008263	12.3	3.08	3.76	299	4000	2.525	2.461	True	1e+06		
1823	28	2	1.0	relu	120	40	0.001063	9.08	2.21	2.02	3776	3000	2.8	2.691	True	1e+06		
1824	26	2	1.0	gelu	120	40	0.0007308	9.16	4.48	3.64	1069	4000	2.341	2.214	True	1e+06		
1828	28	2	1.0	elu	120	40	0.0006853	7.3	3.43	3.71	1710	3000	2.901	2.982	True	1e+06		
1825	29	2	1.0	elu	120	40	0.0008364	7.2	3.55	3.63	1702	4000	2.243	2.415	True	1e+06		
1826	29	2	1.0	elu	120	40	0.0008769	11.2	1.09	2.64	3417	4000	2.262	2.527	True	1e+06		
1827	30	2	1.0	elu	120	40	0.0006396	9.01	2.93	4.42	1945	4000	2.379	2.56	True	1e+06		
1829	29	2	1.0	elu	120	40	0.000712	17.7	2.15	2.04	1483	4000	2.301	2.349	True	1e+06		
1835	23	2	1.0	elu	40	40	0.0008053	9.44	1.58	3.89	3889	4000	5.39	4.602	True	1e+06		
1830	26	2	0.5	elu	120	40	0.000812	9.82	4.32	4.71	1631	4000	2.909	2.807	True	1e+06		
1837	29	2	1.0	elu	120	40	0.0009114	17.6	2.65	2	1836	500	4.736	4.086	True	1e+06		
1831	27	2	1.0	elu	120	160	0.0006607	11.6	1.99	2.36	3816	4000	3.177	2.41	True	1e+06		
1839	24	2	1.0	elu	20	40	0.0009484	11.9	1.97	3.48	3527	4000	14.22	8.175	True	1e+06		
1833	25	2	1.0	elu	120	40	0.0009139	9.67	1.89	4.63	4463	4000	2.255	2.379	True	1e+06		
1834	28	2	1.0	elu	120	40	0.0007189	8.44	1.79	2.75	3848	4000	2.417	2.479	True	1e+06		
1832	29	2	1.0	elu	120	40	0.0007758	16	1.55	2.69	3644	4000	2.086	1.99	True	1e+06		
1838	32	2	1.0	elu	120	40	0.000815	10.3	2.9	4.96	459	2000	2.588	2.438	True	1e+06		
1836	25	2	1.0	elu	120	40	0.0009238	8.8	1.68	2.48	3415	4000	2.31	2.422	True	1e+06		
1843	29	2	1.0	relu	120	40	0.0007919	9.28	3.45	4.13	1135	4000	3.254	3.018	True	1e+06		
1841	32	2	1.0	elu	120	40	0.000697	10.4	1.52	2.52	4696	4000	2.165	2.225	True	1e+06		
1842	29	2	0.5	elu	120	40	0.0009671	11.5	3.52	3.58	799	4000	3.106	2.586	True	1e+06		
1840	31	2	1.0	elu	120	40	0.0008555	12.7	3.04	2.18	2386	4000	2.29	2.467	True	1e+06		
1845	28	2	1.0	elu	120	40	0.000868	11.5	2.3	1.99	4172	3000	2.812	2.616	True	1e+06		
1844	29	2	1.0	elu	120	40	0.0006415	9.12	3.25	3.52	1138	4000	2.637	2.62	True	1e+06		
1846	31	2	1.0	elu	120	80	0.0008	17.9	3.71	3.29	1613	4000	2.486	2.572	True	1e+06		
1848	32	2	1.0	elu	120	40	0.0008773	10.8	2.85	4.73	1036	1500	3.3	3.136	True	1e+06		
1853	25	2	1.0	elu	120	40	0.000881	11.4	2.07	3.32	3968	500	3.988	3.55	True	1e+06		
1852	24	2	1.0	elu	120	40	0.0008804	9.8	1.65	3.39	3467	3000	2.768	2.701	True	1e+06		
1847	26	2	1.0	elu	120	40	0.0006181	11	2.94	3.48	2590	4000	2.51	2.431	True	1e+06		
1849	30	2	1.0	elu	120	40	0.0007273	9.32	2.04	4.25	2094	4000	2.202	2.165	True	1e+06		
1850	29	2	0.5	elu	120	40	0.0006458	9.34	3.94	4.29	1118	4000	2.577	2.573	True	1e+06		
1851	27	2	0.5	elu	120	40	0.0008224	11.1	3.73	3.42	2055	4000	3.241	2.792	True	1e+06		
1855	26	2	1.0	elu	120	40	0.00127	8.88	2.03	2.15	4064	3000	2.364	2.215	True	1e+06		
1854	29	2	1.0	elu	120	40	0.0005589	10.8	2.37	4.46	1327	4000	2.204	2.39	True	1e+06		
1857	28	2	1.0	elu	120	40	0.0008021	12.8	3.84	3.69	1153	2000	2.998	2.874	True	1e+06		
1861	29	2	1.0	elu	80	40	0.0008474	8.31	3.69	4.45	1644	1500	3.647	3.13	True	1e+06		
1856	30	2	1.0	elu	120	40	0.0008684	7.86	2.74	2.3	4229	3000	2.711	2.716	True	1e+06		
1860	28	2	1.0	elu	120	40	0.0008456	16.7	2.53	1.97	3852	4000	2.492	2.572	True	1e+06		
1858	30	2	2.0	elu	120	40	0.000917	18.2	1.2	2.39	3572	4000	2.144	2.224	True	1e+06		
1864	25	2	1.0	elu	120	160	0.0007664	15.7	1.61	2.48	2206	4000	3.574	2.98	True	1e+06		
1859	29	2	1.0	elu	120	40	0.0008275	11.9	2.06	1.99	3089	4000	2.14	2.299	True	1e+06		
1863	31	2	1.0	elu	120	40	0.0007609	7.38	4.6	4.14	1637	4000	2.648	2.623	True	1e+06		
1862	30	2	1.0	elu	120	40	0.0009202	12.4	3.13	2.71	361	4000	2.158	2.057	True	1e+06		
1866	30	2	1.0	elu	120	40	0.0007674	11.7	3.33	4.45	151	3000	2.625	2.252	True	1e+06		
1865	29	2	1.0	elu	120	40	0.000695	14.7	4.87	2.03	2241	4000	2.238	2.054	True	1e+06		
1867	26	2	1.0	elu	120	40	0.0008888	13	1.3	2.29	3369	4000	2.306	2.485	True	1e+06		
1873	29	2	1.0	gelu	40	40	0.0008258	15.3	1.25	2.57	3943	4000	4.026	3.682	True	1e+06		
1868	29	2	1.0	elu	120	40	0.0009155	11.1	1.35	2.48	4667	4000	2	2.149	True	1e+06		
1870	29	2	1.0	elu	120	40	0.0009537	8.29	1.97	2.28	3471	3000	2.231	2.372	True	1e+06		
1869	30	2	1.0	elu	120	40	0.00081	13	3.85	4.63	2440	4000	2.195	2.34	True	1e+06		
1875	30	2	1.0	elu	20	40	0.0007984	11.6	3.25	4.9	1282	4000	21.29	7.382	True	1e+06		
1871	30	2	1.0	elu	120	40	0.001181	10	2.61	2.23	3333	3000	2.452	2.408	True	1e+06		
1880	30	2	1.0	elu	120	40	0.0007634	16.3	2.33	2.13	2161	1500	3.344	2.993	True	1e+06		
1872	30	2	1.0	elu	120	40	0.000864	12.2	4.55	3.44	779	4000	2.226	2.43	True	1e+06		
1879	31	2	1.0	elu	120	40	0.0007696	13.5	1.62	2.24	4218	2000	3.372	3.108	True	1e+06		
1874	30	2	1.0	elu	120	40	0.0007536	13.4	2.86	1.81	2000	4000	2.319	2.142	True	1e+06		
1878	27	2	1.0	elu	120	40	0.001174	8.74	2.11	1.87	3242	3000	2.391	2.382	True	1e+06		
1882	30	2	1.0	elu	20	40	0.000683	14.2	1.55	2.45	4786	4000	13.63	6.954	True	1e+06		
1876	29	2	1.0	elu	120	40	0.0007873	13.4	1.39	2.45	3701	4000	2.186	2.036	True	1e+06		
1877	28	2	1.0	elu	120	40	0.000731	11.4	3.16	3.48	3948	4000	2.29	2.414	True	1e+06		
1881	29	2	1.0	elu	120	40	0.0008345	11.1	4.03	4.72	533	4000	2.674	2.384	True	1e+06		
1884	31	2	2.0	elu	120	40	0.0008765	10.1	3.01	4.58	1266	4000	2.054	2.246	True	1e+06		
1883	32	2	1.0	elu	120	40	0.0008823	15.5	4.34	3.13	1403	4000	2.159	2.578	True	1e+06		
1885	25	2	1.0	gelu	120	40	0.00078	14.6	1.74	2.43	3357	4000	2.131	2.235	True	1e+06		
1886	27	2	1.0	elu	120	40	0.0008172	12.7	1.63	2.98	4472	4000	2.197	2.126	True	1e+06		
1887	28	2	1.0	elu	120	40	0.000811	17	3.97	2.92	904	4000	2.078	2.041	True	1e+06		
1891	28	2	1.0	elu	20	40	0.0007656	14.3	3.23	2.46	1154	4000	2.535e+07	2.527e+05	True	1e+06		
1892	29	2	1.0	elu	20	40	0.0007277	10.9	1.48	2.81	4428	1000	177	57.83	True	1e+06		
1888	27	2	1.0	elu	120	40	0.0007631	15	4.01	4	1208	4000	2.291	2.314	True	1e+06		
1893	27	2	1.0	elu	120	40	0.000708	13.7	2.06	2.81	3960	1000	3.453	3.248	True	1e+06		
1896	26	2	1.0	elu	40	40	0.0009461	7.73	2.03	3.96	4147	4000	3.764	3.482	True	1e+06		
1897	29	2	1.0	elu	120	40	0.00108	15.2	1.59	2.73	2959	1000	4.926	3.798	True	1e+06		
1890	29	2	1.0	elu	120	40	0.0008648	12.8	2.62	2.14	1613	4000	2.417	2.474	True	1e+06		
1889	31	2	1.0	elu	120	40	0.0006808	9.58	4.44	4.05	348	4000	2.847	2.735	True	1e+06		
1894	28	2	1.0	elu	120	160	0.0007804	6.77	4.43	3.65	1439	4000	2.965	2.523	True	1e+06		
1895	26	2	1.0	elu	80	40	0.0007793	9.32	4.48	4.16	538	4000	2.388	2.412	True	1e+06		
1898	26	2	1.0	elu	120	40	0.0007388	9.45	4.24	4.21	1162	4000	2.824	3.112	True	1e+06		
1903	30	2	0.5	elu	120	40	0.0007527	15.8	2.4	1.95	1942	4000	3.921	3.523	True	1e+06		
1899	27	2	1.0	elu	120	40	0.0007378	8.02	2.16	4.34	1257	4000	2.304	2.41	True	1e+06		
1900	29	2	1.0	elu	120	40	0.0006923	16.9	4.57	3.32	900	4000	2.076	2.253	True	1e+06		
1901	27	2	1.0	elu	120	40	0.0006951	8.31	1.69	3.52	4167	4000	2.376	2.253	True	1e+06		
1904	26	2	1.0	elu	120	40	0.001039	9.89	2.36	1.71	3163	3000	2.511	2.57	True	1e+06		
1902	29	2	1.0	relu	120	40	0.0008745	12	3.22	4.96	1534	4000	2.59	2.804	True	1e+06		
1905	31	2	1.0	elu	120	40	0.0007698	9.93	4.44	4.52	355	4000	2.504	2.56	True	1e+06		
1906	29	2	1.0	elu	120	40	0.0008384	9.94	1.89	3.04	4074	4000	2.449	2.319	True	1e+06		
1907	29	2	1.0	elu	120	40	0.0006579	11.7	2.25	1.69	2205	4000	2.188	2.413	True	1e+06		
1908	29	2	1.0	elu	120	40	0.0007926	12.2	1.93	1.96	888	4000	2.415	2.28	True	1e+06		
1910	27	2	1.0	elu	80	40	0.0008541	11.7	2.13	4.11	3801	4000	2.456	2.443	True	1e+06		
1909	29	2	0.5	elu	120	40	0.0008003	15.4	3.32	2.98	2045	4000	3.33	2.966	True	1e+06		
1911	29	2	1.0	elu	120	40	0.0006461	11.9	1.76	4.1	2000	4000	2.007	2.038	True	1e+06		
1913	28	2	1.0	elu	120	160	0.0007402	14.7	4.22	3.97	1768	4000	5.183	3.854	True	1e+06		
1915	28	2	1.0	elu	20	40	0.0007039	11.6	1.75	2.38	4794	4000	9.99	6.752	True	1e+06		
1912	26	2	1.0	elu	120	80	0.0007766	7.12	4.4	4.22	1595	4000	2.599	2.443	True	1e+06		
1916	28	2	1.0	elu	80	40	0.0007215	16	3.8	3.48	1902	4000	2.747	2.46	True	1e+06		
1920	28	2	1.0	elu	120	40	0.0008697	10.9	1.81	3.95	3823	2000	3.399	3.329	True	1e+06		
1914	28	2	2.0	elu	120	40	0.000984	8.4	4.33	4.15	1419	4000	2.155	2.276	True	1e+06		
1917	29	2	1.0	elu	120	40	0.0007841	15.6	3.09	2.64	4354	4000	2.104	1.982	True	1e+06		
1918	29	2	1.0	elu	120	40	0.0008459	6.35	3.61	4.55	1726	4000	2.364	2.526	True	1e+06		
1919	25	2	1.0	elu	120	40	0.000627	7.4	3.61	4.71	1675	4000	2.484	2.198	True	1e+06		
1922	26	2	1.0	elu	80	40	0.0007669	11.4	2.55	3.91	1899	4000	2.689	2.77	True	1e+06		
1921	27	2	1.0	elu	120	160	0.0009278	8.66	3.21	4.59	1372	4000	2.814	2.519	True	1e+06		
1925	26	2	1.0	elu	120	40	0.0009328	11.1	4.24	3.8	1692	2000	2.798	2.879	True	1e+06		
1928	26	2	1.0	elu	120	40	0.0008288	11.1	3.48	3.1	1822	1500	3.474	2.853	True	1e+06		
1924	29	2	1.0	elu	120	160	0.0007551	14.3	2.88	2.02	3505	4000	2.774	2.344	True	1e+06		
1923	25	2	2.0	elu	120	40	0.0008376	17.4	1.93	2.11	3624	4000	2.217	2.144	True	1e+06		
1931	30	2	1.0	elu	120	40	0.0007105	16.3	1.33	2.67	4295	500	3.83	3.477	True	1e+06		
1926	27	2	1.0	elu	120	40	0.0009464	9.61	1.48	4.33	4140	4000	2.414	2.522	True	1e+06		
1934	31	2	1.0	elu	120	40	0.0008641	13.2	1.37	2.67	4069	1000	3.826	3.288	True	1e+06		
1929	27	2	1.0	elu	120	40	0.0007901	13.4	3.45	2.94	688	4000	2.166	2.18	True	1e+06		
1927	28	2	1.0	elu	120	40	0.0007046	12.3	1.87	2.16	2085	4000	2.322	2.373	True	1e+06		
1930	25	2	1.0	elu	120	160	0.000746	7.91	2.97	3.6	908	4000	2.903	2.4	True	1e+06		
1937	32	2	1.0	elu	20	40	0.0008119	10.4	3.42	4.94	487	4000	107.5	37.9	True	1e+06		
1938	29	2	1.0	gelu	120	40	0.0007422	8.44	3.46	3.49	1152	1500	2.866	2.849	True	1e+06		
1933	25	2	1.0	elu	120	40	0.0008732	14.1	1.69	2.32	5441	4000	2.227	2.091	True	1e+06		
1932	30	2	1.0	elu	120	40	0.001041	11	2.66	4.73	451	4000	2.256	2.275	True	1e+06		
1941	29	2	1.0	relu	120	40	0.0008017	13	3.8	3.18	1320	2000	2.716	3.014	True	1e+06		
1936	26	2	1.0	elu	120	40	0.0008605	14.5	3.64	3.18	2801	4000	2.387	2.349	True	1e+06		
1935	28	2	1.0	elu	120	40	0.0007091	9.68	1.42	2.6	4055	4000	2.028	2.418	True	1e+06		
1939	28	2	1.0	elu	120	40	0.0007037	9.86	5.01	4.89	1047	4000	2.219	2.544	True	1e+06		
1940	30	2	1.0	elu	120	40	0.0008069	9.91	3.52	4.13	2111	4000	2.443	2.467	True	1e+06		
1946	28	2	1.0	elu	120	40	0.0007811	10.2	3.44	4.93	1744	1500	2.993	3.053	True	1e+06		
1947	28	2	1.0	elu	80	40	0.001034	8.53	2.73	1.85	3936	1500	3.965	4.219	True	1e+06		
1943	27	2	1.0	elu	80	40	0.0006138	11.1	3.76	4.92	2061	4000	2.469	2.598	True	1e+06		
1942	30	2	1.0	elu	120	40	0.00095	13.6	1.27	2.87	4004	4000	2.122	2.091	True	1e+06		
1945	25	2	1.0	elu	120	40	0.0008849	16.8	1.34	2.52	4824	4000	2.623	2.628	True	1e+06		
1944	27	2	1.0	elu	120	40	0.000845	14.1	3.13	2.73	1833	4000	2.234	2.21	True	1e+06		
1950	25	2	1.0	elu	120	40	0.0007477	12.1	3.43	4.1	1430	4000	3.068	2.975	True	1e+06		
1951	28	2	1.0	elu	120	40	0.0006756	14.9	4.35	1.87	1747	4000	2.546	2.795	True	1e+06		
1948	29	2	1.0	elu	120	40	0.000726	10.2	3.58	4.98	2600	4000	2.192	2.262	True	1e+06		
1952	28	2	1.0	elu	120	40	0.0007433	9.19	1.44	3.84	4183	4000	2.341	2.509	True	1e+06		
1949	27	2	1.0	elu	120	40	0.0007127	16.7	1.96	2.08	4929	4000	2.099	2.116	True	1e+06		
1955	27	2	1.0	elu	120	40	0.0007286	14.1	1.79	2.7	3148	2000	2.713	2.552	True	1e+06		
1956	31	2	1.0	elu	40	40	0.0007663	9.93	3.2	4.53	1766	4000	6.197	5.175	True	1e+06		
1953	29	2	1.0	elu	120	40	0.0009778	13.5	1.74	2.39	2860	4000	2.202	2.463	True	1e+06		
1954	30	2	1.0	elu	120	80	0.0009147	15.4	1.04	2.41	3258	4000	2.262	2.478	True	1e+06		
1958	29	2	1.0	elu	80	40	0.0006343	12.5	4.25	3.91	1723	4000	2.682	2.689	True	1e+06		
1961	30	2	2.0	elu	120	40	0.0008854	11.4	1.61	2.11	3654	4000	2.135	2.299	True	1e+06		
1959	31	2	1.0	elu	120	40	0.0007311	14.5	4.95	3.15	2004	4000	2.298	2.4	True	1e+06		
1957	28	2	1.0	elu	120	40	0.0007765	9.34	3.13	3.83	386	4000	2.422	2.299	True	1e+06		
1960	26	2	1.0	elu	120	40	0.000679	15.9	1.6	3.24	3723	4000	2.187	1.892	True	1e+06		
1962	25	2	1.0	elu	120	40	0.0008457	16	1.76	2.15	1703	4000	2.191	2.313	True	1e+06		
1964	28	2	1.0	elu	80	40	0.0007978	9.62	2.51	3.8	2089	4000	2.752	2.444	True	1e+06		
1963	25	2	1.0	elu	120	40	0.0009955	11.4	1.55	3.33	3733	4000	2.095	2.107	True	1e+06		
1966	28	2	0.5	elu	120	160	0.0008754	10.1	3.42	4.96	1519	4000	3.361	2.847	True	1e+06		
1971	29	2	1.0	elu	120	40	0.0008588	9.43	3.92	3.82	763	1000	3.724	3.124	True	1e+06		
1965	24	2	1.0	elu	120	40	0.0007171	17.9	1.67	2.12	2241	4000	2.232	2.082	True	1e+06		
1973	23	2	1.0	elu	120	40	0.0007634	10.4	1.97	4.43	3747	1000	4.326	3.311	True	1e+06		
1967	30	2	1.0	elu	120	40	0.0007424	11.9	3.77	2.51	1438	4000	2.184	2.092	True	1e+06		
1968	24	2	1.0	elu	120	40	0.0008426	13.6	3.7	4.51	1302	4000	2.173	2.376	True	1e+06		
1974	30	2	1.0	elu	120	40	0.0007361	7.31	3.93	4.45	1113	1000	4.133	3.781	True	1e+06		
1977	26	2	1.0	elu	120	40	0.0006337	11.7	3.15	4	2210	1000	4.353	3.742	True	1e+06		
1969	29	2	1.0	elu	120	40	0.0007992	17.5	3.12	2.03	2887	4000	2.425	2.614	True	1e+06		
1970	26	2	2.0	elu	120	40	0.0008422	8.11	1.69	3.77	3143	4000	2.124	2.262	True	1e+06		
1980	28	2	0.5	elu	120	40	0.0008688	8.73	2.39	1.9	3577	1000	5.437	4.43	True	1e+06		
1981	27	2	1.0	elu	120	40	0.0007998	9.94	2.85	4.42	1001	1000	3.071	2.8	True	1e+06		
1972	27	2	1.0	elu	120	40	0.0007085	10.9	2.14	1.95	4247	4000	2.225	2.285	True	1e+06		
1984	26	2	1.0	elu	120	40	0.0008898	19.8	1.52	2.19	5167	500	4.686	3.821	True	1e+06		
1975	26	2	0.5	elu	120	40	0.0007764	12	1.83	3.61	3787	4000	2.61	2.676	True	1e+06		
1976	27	2	1.0	elu	120	40	0.00115	14.5	1.61	2.29	3289	4000	2.005	2.094	True	1e+06		
1985	23	2	1.0	elu	20	40	0.0006863	12.8	1.9	2.32	3687	4000	8.802	5.827	True	1e+06		
1978	27	2	1.0	elu	120	40	0.0007651	5.67	5.33	3.66	536	4000	2.395	2.413	True	1e+06		
1986	26	2	1.0	elu	20	40	0.0007376	10.9	3.1	4.42	1407	4000	14.98	12.47	True	1e+06		
1979	31	2	1.0	elu	120	40	0.0008105	15.1	1.58	2.47	3150	4000	2.134	2.201	True	1e+06		
1983	26	2	1.0	elu	120	40	0.0009477	6.94	2.51	2.15	3326	3000	2.476	2.59	True	1e+06		
1988	27	2	1.0	elu	20	40	0.0005983	10.6	3.73	3.9	1216	4000	20.39	7.535	True	1e+06		
1982	24	2	1.0	elu	120	40	0.0007766	10	3.98	3.81	2424	4000	2.37	2.322	True	1e+06		
1987	26	2	1.0	elu	120	40	0.0007894	12.2	2.74	3.21	1257	4000	2.427	2.576	True	1e+06		
1989	28	2	1.0	relu	120	40	0.0007203	13.1	2.04	2.51	3921	4000	2.991	2.893	True	1e+06		
1990	26	2	1.0	relu	120	40	0.0008962	11.6	3.01	3.68	1664	4000	2.339	2.398	True	1e+06		
1993	31	2	1.0	gelu	120	40	0.0007785	15.6	1.68	2.37	4151	3000	2.229	2.14	True	1e+06		
1991	24	2	2.0	elu	120	40	0.0007115	15.2	1.76	2.56	3951	4000	2.194	2.095	True	1e+06		
1992	30	2	1.0	elu	120	40	0.0008803	17.5	2.03	2.61	2904	4000	1.966	2.247	True	1e+06		
1994	27	2	1.0	elu	120	40	0.0007887	11.2	4.72	3.77	1959	4000	2.392	2.417	True	1e+06		
1995	28	2	1.0	elu	120	40	0.0009266	12.8	1.97	1.69	2155	4000	2.454	2.455	True	1e+06		
2001	25	2	1.0	elu	20	40	0.0008219	15.3	1.63	2.07	3411	4000	7.798	7.257	True	1e+06		
1997	26	2	1.0	elu	120	40	0.0007448	9.23	2.78	4.72	1427	4000	2.978	2.618	True	1e+06		
1998	26	2	2.0	relu	120	40	0.0007202	8.5	3.65	4.13	1151	4000	2.756	2.706	True	1e+06		
1996	22	2	1.0	elu	120	40	0.0007549	15.4	1.88	2	4498	4000	2.399	2.628	True	1e+06		
1999	28	2	1.0	elu	120	40	0.0008169	10.8	3.32	2.62	3180	4000	2.236	2.741	True	1e+06		
2005	29	2	1.0	relu	120	40	0.0006851	16.8	3.12	2.3	1981	4000	3.166	2.803	True	1e+06		
2000	29	2	1.0	elu	120	40	0.0008017	12.7	1.7	3.11	3305	4000	2.145	2.225	True	1e+06		
2002	29	2	1.0	elu	120	40	0.0006807	13.1	1.11	2.76	3946	4000	1.963	1.987	True	1e+06		
2003	27	2	1.0	elu	120	40	0.00084	14.4	2.36	1.82	5210	4000	2.382	2.624	True	1e+06		
2004	32	2	1.0	elu	120	40	0.000682	11.6	1.56	2.69	3853	4000	2.116	2.237	True	1e+06		
2006	28	2	1.0	elu	120	40	0.000598	10.9	1.68	4.78	1704	4000	2.491	2.68	True	1e+06		
2007	25	2	1.0	elu	120	80	0.0007045	7.56	3.63	4.05	1707	4000	2.675	2.633	True	1e+06		
2008	28	2	1.0	elu	120	160	0.0008688	10.5	4.31	3.8	771	4000	2.616	2.37	True	1e+06		
2009	28	2	1.0	elu	120	40	0.000944	16.5	1.15	2.98	2334	4000	2.245	2.16	True	1e+06		
2012	30	2	1.0	elu	120	40	0.0008814	11.6	3.44	2.95	897	4000	2.144	2.058	True	1e+06		
2013	24	2	1.0	elu	120	40	0.0009478	9.59	1.86	3.65	2914	4000	3.359	3.118	True	1e+06		
2011	27	2	1.0	elu	120	40	0.0007125	9.95	3.28	2.65	774	4000	2.136	2.248	True	1e+06		
2010	29	2	1.0	elu	120	40	0.001103	14.9	1.89	2.6	3456	4000	2.17	2.163	True	1e+06		
2020	24	2	1.0	elu	120	40	0.0008766	15.7	1.51	2.35	3883	500	4.622	3.969	True	1e+06		
2014	25	2	1.0	gelu	120	40	0.0008136	15.5	1.84	2.73	4451	4000	2.133	2.003	True	1e+06		
2018	27	2	1.0	relu	120	40	0.0009203	9.34	3.92	4.18	1197	1000	4.095	3.852	True	1e+06		
2015	27	2	1.0	elu	80	40	0.0008381	8.72	2.3	4.63	4393	4000	2.686	2.842	True	1e+06		
2019	27	2	1.0	elu	120	40	0.0009834	11.5	3.74	4.38	676	1500	3.526	3.052	True	1e+06		
2016	30	2	1.0	elu	120	40	0.0007848	8.65	2.01	1.99	4206	3000	2.416	2.354	True	1e+06		
2023	25	2	0.5	elu	120	40	0.000686	11.9	4.68	4.04	2203	4000	3.464	3.704	True	1e+06		
2017	27	2	1.0	elu	120	40	0.001007	9.44	2.2	2.82	3597	4000	2.21	2.319	True	1e+06		
2021	31	2	1.0	elu	120	40	0.0009174	14	1.13	2.14	3536	3000	2.578	2.766	True	1e+06		
2024	26	2	1.0	elu	120	80	0.0008439	13.8	3.39	2.32	2168	4000	2.957	2.798	True	1e+06		
2022	27	2	1.0	elu	120	40	0.0009301	18.7	1.48	2.46	1995	4000	2.303	2.302	True	1e+06		
2026	30	2	1.0	elu	120	160	0.000983	12.5	1.15	2.56	3659	4000	3.001	2.65	True	1e+06		
2029	30	2	1.0	elu	40	40	0.0007775	8.8	4.98	4.58	996	4000	4.627	4.264	True	1e+06		
2025	25	2	1.0	elu	120	40	0.0007836	7.94	4.21	3.48	755	4000	2.425	2.262	True	1e+06		
2030	29	2	2.0	relu	120	40	0.0007357	12.9	3.03	2.12	2225	4000	2.794	2.694	True	1e+06		
2028	25	2	1.0	elu	80	40	0.0006959	10.7	3.2	3.91	2030	4000	2.883	3.227	True	1e+06		
2031	31	2	0.5	elu	120	40	0.0008317	10.1	3.48	4.71	765	2000	3.763	3.326	True	1e+06		
2035	29	2	1.0	elu	120	40	0.0008349	14.2	2.16	2.04	1504	500	5.832	4.402	True	1e+06		
2027	29	2	1.0	elu	120	40	0.0006468	15.7	2.07	2.76	3395	4000	2.163	2.176	True	1e+06		
2033	28	2	1.0	elu	120	40	0.001278	8.17	1.93	2.1	3247	3000	2.623	2.501	True	1e+06		
2032	30	2	1.0	elu	120	40	0.0007881	11.3	4.01	3.57	2505	4000	2.304	2.34	True	1e+06		
2034	29	2	1.0	elu	120	40	0.0007949	11	1.06	2.06	4274	4000	2.154	2.102	True	1e+06		
2042	25	2	1.0	elu	40	40	0.0006562	8.98	3.89	4.03	699	4000	8.052	7.467	True	1e+06		
2036	24	2	1.0	elu	120	40	0.0007353	15.7	1.99	3.03	3911	4000	2.123	2.143	True	1e+06		
2039	28	2	1.0	elu	120	40	0.0006903	5.8	3.95	4.32	1701	3000	2.789	2.75	True	1e+06		
2041	30	2	1.0	elu	120	40	0.000829	16.2	2.88	1.68	2580	1500	3.924	3.603	True	1e+06		
2037	30	2	1.0	elu	120	40	0.000847	14.2	1.75	1.72	1593	4000	2.051	2.149	True	1e+06		
2038	29	2	1.0	elu	120	40	0.0008631	15.6	3.73	4.02	2315	4000	2.111	2.058	True	1e+06		
2040	26	2	1.0	elu	120	40	0.000954	10.5	2.07	2.22	5033	4000	2.354	2.237	True	1e+06		
2044	24	2	1.0	relu	120	40	0.0006989	15.8	1.38	2.19	2966	4000	2.857	3.306	True	1e+06		
2043	26	2	1.0	elu	80	40	0.0005669	10.1	2.67	4.14	1720	4000	3.344	2.912	True	1e+06		
2047	30	2	1.0	elu	120	40	0.0008889	12.8	1.16	1.98	2829	4000	2.377	2.329	True	1e+06		
2046	24	2	1.0	elu	120	40	0.0008999	19.5	1.35	2.36	3680	4000	2.272	2.23	True	1e+06		
2052	27	2	1.0	elu	120	40	0.0008789	9.26	1.78	4.89	4235	500	5.753	4.826	True	1e+06		
2045	30	2	1.0	elu	120	80	0.0007948	14.6	1.38	2.6	4346	4000	2.401	2.222	True	1e+06		
2050	28	2	1.0	elu	120	40	0.001014	7.96	2.6	2.22	3047	3000	2.32	2.648	True	1e+06		
2048	26	2	2.0	elu	120	40	0.0007666	9.08	2.21	4.38	1635	4000	2.417	2.405	True	1e+06		
2049	27	2	1.0	elu	120	40	0.0008936	9.13	1.89	2.36	3597	4000	2.123	2.29	True	1e+06		
2051	27	2	1.0	elu	120	40	0.00072	12	3	3.89	889	4000	2.267	2.169	True	1e+06		
2053	25	2	1.0	elu	120	40	0.0008092	18.6	1.48	2.43	2705	2000	2.839	2.796	True	1e+06		
2058	31	2	1.0	elu	20	40	0.0008298	12.2	4.29	3.88	2137	4000	9.677	10.05	True	1e+06		
2057	28	2	1.0	elu	120	40	0.0008333	9.8	3.76	2.28	3928	4000	2.756	2.777	True	1e+06		
2059	28	2	1.0	elu	120	40	0.0008386	17.9	1.68	2.63	3050	2000	2.568	2.65	True	1e+06		
2054	23	2	1.0	elu	120	40	0.0007639	19.2	1.61	2.53	2635	4000	2.252	2.535	True	1e+06		
2062	29	2	1.0	elu	120	40	0.0009489	7.99	2.16	2.03	3958	500	5.015	4.302	True	1e+06		
2055	27	2	1.0	elu	120	40	0.0006961	14.5	1.72	3.03	3020	4000	2.071	2.399	True	1e+06		
2065	30	2	1.0	elu	120	40	0.0007298	10.4	4.08	3.95	1588	1000	3.694	3.393	True	1e+06		
2056	29	2	1.0	elu	120	40	0.0009813	9.75	1.97	2.55	4034	4000	2.073	2.372	True	1e+06		
2061	28	2	1.0	elu	120	40	0.0007709	12.6	1.39	2.55	4641	4000	2.182	2.408	True	1e+06		
2060	28	2	1.0	elu	120	40	0.0008105	12	1.51	2.24	3382	4000	2.103	2.17	True	1e+06		
2070	29	2	1.0	elu	20	40	0.0007423	8.97	4.85	4.18	1587	4000	8.758	7.545	True	1e+06		
2067	25	2	1.0	elu	120	40	0.0009704	13.6	1.98	2.2	4383	1500	2.988	2.764	True	1e+06		
2069	27	2	1.0	elu	40	40	0.0007035	13.1	3.22	3.1	2736	4000	6.057	4.402	True	1e+06		
2064	29	2	1.0	elu	120	40	0.0008429	7.47	1.91	2.11	2815	3000	2.421	2.52	True	1e+06		
2072	28	2	1.0	elu	20	40	0.0006433	11.5	3.42	4.84	2265	1000	59.9	38.29	True	1e+06		
2063	31	2	1.0	elu	120	40	0.0007972	18.1	4.2	4.28	1010	4000	2.489	2.135	True	1e+06		
2066	29	2	1.0	elu	120	80	0.0007389	8.88	3.23	2.38	2854	4000	2.463	2.426	True	1e+06		
2068	27	2	1.0	gelu	120	40	0.0007166	12.3	3.38	3.03	3197	4000	2.206	2.217	True	1e+06		
2075	31	2	2.0	elu	120	40	0.0007653	7.9	3.75	4.54	714	1500	3.642	2.93	True	1e+06		
2074	26	2	1.0	elu	120	160	0.0007883	7.66	3.16	4.21	1939	4000	3.126	2.646	True	1e+06		
2071	30	2	1.0	elu	120	40	0.0007887	13.4	2.01	1.69	2873	4000	2.625	2.875	True	1e+06		
2073	29	2	0.5	gelu	120	40	0.0008855	12.7	1.14	2.63	3985	4000	2.289	2.327	True	1e+06		
2080	26	2	1.0	elu	40	40	0.0007805	8.69	1.93	3.48	3296	4000	5.084	4.289	True	1e+06		
2076	30	2	1.0	elu	120	80	0.0007677	6.44	3.28	4.38	1433	4000	2.932	2.813	True	1e+06		
2077	31	2	1.0	elu	120	160	0.0007099	10.2	3.06	4.62	799	4000	3.06	2.57	True	1e+06		
2081	25	2	1.0	elu	20	40	0.0007625	18.3	1.75	2.78	4216	4000	30.19	86.69	True	1e+06		
2083	29	2	0.5	relu	120	40	0.0006693	13.2	2.04	1.81	2098	4000	4.813	4.42	True	1e+06		
2078	28	2	1.0	elu	120	40	0.0007677	14.5	1.4	2.32	4993	4000	2.258	2.442	True	1e+06		
2079	28	2	1.0	elu	120	40	0.0006895	11.9	1.03	2.36	3691	4000	2.161	2.157	True	1e+06		
2087	24	2	1.0	elu	120	40	0.0008327	7.97	3.46	3.63	774	1500	3.812	3.172	True	1e+06		
2082	25	2	0.5	elu	120	40	0.0006405	12.7	3	4.72	2390	4000	3.602	3.215	True	1e+06		
2086	26	2	1.0	elu	80	40	0.0009478	9.58	1.77	3.25	3414	4000	2.787	2.831	True	1e+06		
2084	32	2	1.0	elu	120	160	0.0007708	8.81	4.12	3.91	1069	4000	2.643	2.613	True	1e+06		
2088	25	2	1.0	elu	120	160	0.0008676	10.4	1.63	4.07	4168	4000	2.797	2.588	True	1e+06		
2089	27	2	1.0	elu	120	160	0.00077	9.82	2.26	4.12	1414	4000	3.102	2.656	True	1e+06		
2091	28	2	1.0	relu	120	40	0.0006962	13.1	3.08	1.78	2123	4000	3.165	3.255	True	1e+06		
2085	30	2	1.0	elu	120	80	0.0007415	9.31	2.97	4.37	1277	4000	2.572	2.396	True	1e+06		
2094	28	2	1.0	elu	20	40	0.0008682	13.1	2.72	4.39	880	4000	7.803e+05	2480	True	1e+06		
2090	29	2	1.0	gelu	120	40	0.0008804	13.4	1.22	2.52	3505	4000	2.008	1.978	True	1e+06		
2093	26	2	1.0	elu	120	40	0.0007965	9.71	1.65	3.25	3771	3000	2.308	2.495	True	1e+06		
2097	26	2	1.0	gelu	120	40	0.0006577	13.2	1.98	2.55	3856	2000	2.499	2.499	True	1e+06		
2098	25	2	1.0	elu	120	40	0.0007639	17.1	1.58	2.1	2958	1500	3.366	3.069	True	1e+06		
2092	29	2	1.0	elu	120	40	0.0008106	8.88	2.62	4.76	1287	4000	2.617	2.713	True	1e+06		
2096	31	2	2.0	elu	120	40	0.0007803	11.3	1.59	2.27	4822	4000	2.214	2.246	True	1e+06		
2100	29	2	1.0	elu	120	40	0.0007749	17.3	2.03	2.34	4086	2000	2.496	2.57	True	1e+06		
2095	30	2	1.0	elu	120	40	0.0006801	7.24	3.54	3.57	1171	4000	2.234	2.267	True	1e+06		
2105	26	2	1.0	elu	40	40	0.0007572	12.7	3.93	4.2	928	4000	4.762	4.11	True	1e+06		
2099	27	2	1.0	elu	80	40	0.0007614	10.5	1.81	4.06	3672	4000	2.664	2.875	True	1e+06		
2101	28	2	1.0	elu	120	40	0.0009606	11.3	2.19	2.29	3157	3000	2.506	2.389	True	1e+06		
2106	24	2	1.0	elu	40	40	0.0007524	13.8	1.54	2.04	4453	4000	3.636	2.951	True	1e+06		
2102	26	2	1.0	elu	120	40	0.0006358	19.7	1.6	2.25	4095	4000	2.046	2.279	True	1e+06		
2107	26	2	1.0	elu	120	40	0.001004	10.9	2.2	3.99	4083	2000	3.184	2.949	True	1e+06		
2104	28	2	1.0	elu	120	40	0.0009553	17.6	1.88	2.11	3122	4000	2.247	2.678	True	1e+06		
2103	27	2	1.0	elu	120	40	0.0007637	15.9	2.33	2.08	4228	4000	2.126	2.203	True	1e+06		
2113	24	2	1.0	elu	120	40	0.0007227	8.43	3.41	4.44	1429	1500	3.804	3.317	True	1e+06		
2109	25	2	1.0	relu	120	40	0.0007711	13.2	1.42	2.28	4199	4000	2.372	2.266	True	1e+06		
2108	29	2	1.0	elu	120	40	0.0008326	8.3	2.11	2.42	4222	4000	2.606	2.451	True	1e+06		
2110	27	2	1.0	elu	120	80	0.0007879	12.4	3.57	4.26	2356	4000	2.596	2.587	True	1e+06		
2111	23	2	1.0	elu	120	40	0.0007214	9.14	1.98	3.49	3730	4000	2.38	2.531	True	1e+06		
2112	29	2	1.0	elu	120	40	0.001091	13.7	1.05	2.62	3183	4000	2.086	2.194	True	1e+06		
2114	25	2	1.0	elu	120	40	0.000693	7.05	3.05	4.38	994	4000	2.662	2.529	True	1e+06		
2118	28	2	1.0	elu	120	40	0.0008814	10.6	2.37	2.56	3937	3000	2.355	2.32	True	1e+06		
2115	26	2	1.0	elu	120	40	0.000688	6.87	3.86	3.51	1182	4000	2.458	2.515	True	1e+06		
2117	27	2	1.0	elu	120	40	0.0008228	13.3	2.02	2.39	5641	4000	2.218	2.288	True	1e+06		
2116	30	2	1.0	elu	120	40	0.000735	13.3	1.75	3.02	4023	4000	2.012	1.968	True	1e+06		
2119	30	2	1.0	elu	120	40	0.0009894	8.88	2.99	4.94	1283	4000	2.283	2.373	True	1e+06		
2124	25	2	1.0	elu	40	40	0.0009416	9.89	2.1	3.54	3619	4000	4.584	4.307	True	1e+06		
2120	26	2	1.0	elu	120	40	0.000899	11.3	2.74	2.46	4205	4000	2.364	2.643	True	1e+06		
2121	29	2	2.0	elu	120	40	0.0009416	9.02	2.86	4.39	2217	4000	2.169	2.194	True	1e+06		
2123	26	2	1.0	elu	120	40	0.0008723	8.16	2.46	1.79	3578	3000	2.935	2.889	True	1e+06		
2126	31	2	1.0	elu	120	40	0.0007928	12.7	1.15	2.63	4191	1500	3.931	3.252	True	1e+06		
2129	30	2	1.0	elu	20	40	0.0008366	9.92	4.3	4.17	1838	4000	6.902	5.647	True	1e+06		
2122	30	2	1.0	elu	120	40	0.0008162	11.2	2.11	3.71	3294	4000	2.384	2.375	True	1e+06		
2131	30	2	1.0	elu	120	40	0.000768	12.5	4.7	3.07	1048	4000	4.211	3.798	True	1e+06		
2125	29	2	2.0	elu	120	40	0.0009484	9.49	2.3	4.33	1693	4000	2.084	2.098	True	1e+06		
2127	27	2	1.0	elu	120	40	0.0006394	15.4	2.9	4.48	1399	4000	2.274	2.433	True	1e+06		
2130	25	2	1.0	elu	120	80	0.0008722	13.7	3.65	3.91	1625	4000	2.355	2.533	True	1e+06		
2128	29	2	1.0	elu	120	40	0.0005612	9.28	4.44	4.11	1916	4000	2.455	2.413	True	1e+06		
2136	29	2	1.0	elu	120	40	0.0007118	16.4	3.02	1.75	1969	1500	3.289	3.208	True	1e+06		
2132	25	2	1.0	elu	120	40	0.0006578	11.3	3.62	4.9	2419	4000	2.56	2.159	True	1e+06		
2133	25	2	1.0	elu	120	40	0.0005693	12.2	3.29	4.33	886	4000	2.154	2.058	True	1e+06		
2134	29	2	1.0	elu	120	40	0.0008838	16.5	1.91	1.87	2387	4000	2.2	2.22	True	1e+06		
2135	27	2	1.0	elu	120	40	0.0006444	13.4	3.06	2.4	1412	4000	2.343	2.286	True	1e+06		
2138	31	2	1.0	elu	80	40	0.0008707	14.9	1.77	2.54	4703	4000	2.61	3.117	True	1e+06		
2140	25	2	1.0	elu	120	40	0.0008992	8.15	1.83	3.17	3688	3000	2.848	2.791	True	1e+06		
2137	26	2	1.0	elu	120	40	0.0008383	10.8	1.99	3.83	4928	4000	2.262	2.189	True	1e+06		
2143	25	2	1.0	elu	120	40	0.0008502	8.8	4.04	4.49	828	1500	3.815	3.361	True	1e+06		
2139	30	2	1.0	gelu	120	40	0.0008246	6.88	3.86	4.05	687	4000	2.379	2.665	True	1e+06		
2141	27	2	1.0	elu	120	40	0.0009221	10.5	2.04	3.86	3554	4000	2.539	2.355	True	1e+06		
2147	26	2	1.0	elu	120	40	0.0006497	9	2.98	4.15	1572	1000	5.101	4.183	True	1e+06		
2142	27	2	1.0	elu	120	40	0.0006675	14.5	2.55	2.05	1674	4000	2.159	2.059	True	1e+06		
2144	27	2	0.5	elu	120	40	0.0009678	9.34	3.06	1.81	3398	3000	2.808	2.734	True	1e+06		
2149	27	2	1.0	elu	20	40	0.0007405	14.3	4.2	3.05	1356	1500	27.01	27.06	True	1e+06		
2145	27	2	1.0	elu	120	40	0.0008498	10.5	4.53	3.02	1867	4000	2.519	2.663	True	1e+06		
2146	27	2	1.0	elu	120	40	0.0009559	9.03	3.37	3.66	2751	4000	2.25	2.282	True	1e+06		
2148	28	2	1.0	relu	120	80	0.0007354	8.55	3.73	4.58	2080	4000	2.525	2.64	True	1e+06		
2151	30	2	1.0	elu	120	40	0.0009573	9.38	2.35	1.8	4526	2000	2.737	2.634	True	1e+06		
2155	32	2	1.0	elu	120	40	0.0008159	15	1.4	2.49	4761	500	5.586	4.397	True	1e+06		
2152	31	2	1.0	elu	120	40	0.0006199	10.2	3.39	4.81	491	2000	2.726	2.578	True	1e+06		
2159	31	2	1.0	elu	120	40	0.0007936	12	1.57	2.78	3539	500	4.473	3.809	True	1e+06		
2154	25	2	1.0	elu	120	40	0.0007238	13.2	1.46	2.13	3598	1500	4.238	3.411	True	1e+06		
2153	25	2	1.0	elu	120	40	0.0008191	11.9	1.61	3.93	3044	4000	2.504	2.528	True	1e+06		
2150	30	2	1.0	elu	120	40	0.0007411	9.98	3.71	2.83	1400	4000	2.476	2.461	True	1e+06		
2160	30	2	1.0	elu	120	40	0.0005923	11.8	3.7	4.19	2079	500	5.391	4.22	True	1e+06		
2158	28	2	1.0	elu	20	40	0.0007356	14.7	2.66	1.85	1945	4000	637.4	208	True	1e+06		
2157	27	2	1.0	relu	120	40	0.0007059	19.3	1.87	2.68	3368	4000	2.842	2.598	True	1e+06		
2156	31	2	1.0	elu	120	160	0.0007652	13.8	3.41	4.89	351	4000	2.717	2.538	True	1e+06		
2161	29	2	1.0	elu	120	40	0.0006099	11.2	2.86	3.91	2213	4000	3.326	2.888	True	1e+06		
2162	25	2	1.0	elu	120	40	0.001008	12.1	2.09	2.15	3503	4000	2.222	2.388	True	1e+06		
2164	27	2	0.5	elu	120	80	0.000704	8.03	4	4.23	1707	4000	3.086	2.894	True	1e+06		
2163	30	2	0.5	elu	120	40	0.0008226	15.9	1.82	2.49	3628	4000	2.714	2.516	True	1e+06		
2165	29	2	1.0	elu	120	40	0.0008667	12.4	1.52	2.45	2608	4000	2.597	2.775	True	1e+06		
2166	31	2	2.0	elu	120	40	0.0007634	14.2	2.28	1.73	2346	4000	1.957	2.029	True	1e+06		
2168	29	2	0.5	elu	120	40	0.0008001	5.9	3.45	4.89	1094	4000	2.941	2.644	True	1e+06		
2167	28	2	1.0	gelu	120	40	0.0006968	15.5	1.67	2.97	4350	4000	2.223	2.354	True	1e+06		
2169	28	2	1.0	elu	120	40	0.001018	10.7	1.99	2.27	3679	3000	2.511	2.466	True	1e+06		
2174	31	2	1.0	elu	120	40	0.0007076	11.8	2.75	2.15	2232	1000	3.888	3.55	True	1e+06		
2170	25	2	1.0	elu	120	40	0.000702	15.6	1.8	2.53	2894	4000	2.66	2.635	True	1e+06		
2175	25	2	1.0	elu	120	40	0.0007689	15.8	1.7	2.04	5134	1500	3.108	2.667	True	1e+06		
2171	26	2	1.0	relu	120	40	0.000856	10.7	1.97	3.81	2988	4000	2.537	2.654	True	1e+06		
2179	30	2	1.0	elu	20	40	0.0007585	13.7	2.19	2.12	1118	4000	8.63	7.844	True	1e+06		
2172	29	2	1.0	elu	120	40	0.0008393	15.4	2.66	1.93	2860	4000	2.165	2.256	True	1e+06		
2173	29	2	1.0	elu	120	40	0.0006058	10.6	3.51	4.9	2272	4000	2.451	2.535	True	1e+06		
2181	29	2	1.0	elu	40	40	0.0007949	8.77	3.97	4.28	1260	500	4.563	3.538	True	1e+06		
2177	25	2	1.0	elu	120	40	0.0007824	13.7	1.84	1.79	4452	4000	2.085	2.029	True	1e+06		
2176	30	2	1.0	elu	120	40	0.0008404	11.2	3.5	2.06	3095	4000	2.314	2.277	True	1e+06		
2178	28	2	1.0	elu	120	80	0.0008526	5.77	3.64	4.23	713	4000	2.49	2.541	True	1e+06		
2180	28	2	1.0	elu	120	40	0.000939	11.6	1.65	2.49	3149	4000	2.149	2.608	True	1e+06		
2182	27	2	1.0	elu	120	40	0.0009131	8.25	1.8	3.59	4632	4000	2.398	2.672	True	1e+06		
2183	27	2	1.0	elu	120	40	0.0009913	10.9	3.43	4.94	2023	4000	2.469	2.599	True	1e+06		
2184	26	2	1.0	elu	120	40	0.0008426	8.81	3.67	4.31	1329	4000	2.289	2.221	True	1e+06		
2188	25	2	1.0	elu	120	40	0.0007686	10.2	2.37	4.47	1223	1000	4.304	3.475	True	1e+06		
2187	26	2	0.5	elu	120	80	0.0007081	8.93	3.38	3.48	654	4000	3.045	3.057	True	1e+06		
2185	28	2	1.0	elu	120	40	0.0008375	18.5	1.79	2.84	3868	4000	2.124	2.294	True	1e+06		
2186	31	2	1.0	elu	120	40	0.0006925	15.8	1.32	3	5250	4000	2.385	2.341	True	1e+06		
2194	26	2	1.0	elu	120	40	0.00105	11	2.44	1.96	4008	1000	3.557	3.564	True	1e+06		
2192	24	2	1.0	elu	120	160	0.0008306	14.8	1.75	2.65	3748	4000	2.965	2.63	True	1e+06		
2190	27	2	2.0	elu	120	40	0.0009232	9.75	1.74	2.6	3342	4000	2.008	2.184	True	1e+06		
2189	30	2	1.0	elu	120	80	0.000841	13.6	3.76	2.01	2120	4000	2.263	2.274	True	1e+06		
2191	31	2	1.0	elu	120	40	0.001042	11.7	3.46	4.57	426	4000	2.286	2.433	True	1e+06		
2196	27	2	1.0	elu	120	40	0.0008157	12.8	3.18	2.84	3416	1500	2.968	2.877	True	1e+06		
2199	29	2	1.0	elu	20	40	0.0009931	8.57	2.27	1.92	3410	4000	13.31	6.803	True	1e+06		
2193	26	2	1.0	elu	120	160	0.0007701	9.83	1.82	4.58	3594	4000	2.527	2.176	True	1e+06		
2195	28	2	1.0	elu	120	40	0.0005744	8.46	3.53	3.97	1441	4000	2.394	2.302	True	1e+06		
2202	30	2	1.0	gelu	120	40	0.001004	9.09	2.36	2.05	3397	2000	2.419	2.376	True	1e+06		
2197	27	2	0.5	elu	120	40	0.0008369	9.34	1.95	4.74	2979	4000	2.803	2.722	True	1e+06		
2198	25	2	1.0	elu	120	40	0.0008552	12.6	3.68	2.54	2423	4000	2.153	2.298	True	1e+06		
2200	28	2	1.0	elu	120	40	0.0008876	11.5	1.82	1.85	4371	4000	2.109	2.295	True	1e+06		
2203	28	2	1.0	elu	120	40	0.0007932	9.72	2.14	3.36	1255	4000	2.297	2.294	True	1e+06		
2201	27	2	1.0	elu	120	40	0.0008417	18.8	2.63	2.21	4619	4000	2.237	2.307	True	1e+06		
2206	29	2	1.0	elu	120	40	0.0006354	8.22	4.53	3.78	1318	1500	4.459	4.063	True	1e+06		
2210	29	2	1.0	gelu	120	40	0.0007266	9.46	3.57	4.46	1582	1000	3.199	3.314	True	1e+06		
2205	24	2	1.0	elu	120	40	0.0008027	9.15	1.81	3.76	4016	4000	2.337	2.499	True	1e+06		
2204	27	2	1.0	elu	120	40	0.0006791	14.2	2.93	3.91	2304	4000	2.259	2.15	True	1e+06		
2209	29	2	1.0	elu	120	40	0.0009324	15.3	1.01	2.01	3912	2000	2.474	2.501	True	1e+06		
2213	26	2	1.0	elu	20	40	0.0008386	10.4	4.12	3.71	1711	1000	75.03	20.2	True	1e+06		
2207	30	2	1.0	elu	120	40	0.0007328	17.4	1.8	2.47	3030	4000	2.243	2.046	True	1e+06		
2208	31	2	1.0	elu	120	40	0.0008074	5.88	3.95	4.78	1074	4000	2.797	2.619	True	1e+06		
2212	31	2	1.0	elu	120	40	0.0009571	12.9	4.38	2.86	1749	4000	2.502	2.883	True	1e+06		
2218	28	2	1.0	elu	120	40	0.0008692	10.5	3.21	4.57	988	500	4.352	4.094	True	1e+06		
2211	28	2	1.0	elu	120	40	0.0006624	10.1	3.27	2.62	2466	4000	2.835	3.122	True	1e+06		
2214	29	2	1.0	elu	120	80	0.0007815	9.6	4.31	4.95	2099	4000	2.613	2.554	True	1e+06		
2215	31	2	1.0	gelu	120	80	0.0007858	13.9	4.04	3.63	1622	4000	2.193	2.233	True	1e+06		
2216	28	2	1.0	elu	120	40	0.0007328	10.8	3.97	2.26	3303	4000	2.395	2.679	True	1e+06		
2219	26	2	1.0	elu	80	40	0.0009066	11.6	3.82	5	1461	4000	2.739	2.639	True	1e+06		
2217	26	2	1.0	elu	120	40	0.0009143	10.3	2.01	4.08	973	4000	2.786	2.665	True	1e+06		
2220	28	2	1.0	elu	120	160	0.0008635	14.7	3.47	2.76	3033	4000	3.062	2.332	True	1e+06		
2221	30	2	1.0	elu	120	40	0.0008051	13.8	1.26	2.23	5265	4000	2.223	2.234	True	1e+06		
2226	29	2	1.0	elu	120	40	0.001075	9.63	1.94	1.81	3593	1500	2.728	2.643	True	1e+06		
2224	27	2	1.0	elu	120	40	0.0008741	12	3.33	3.93	1588	2000	3.038	2.963	True	1e+06		
2222	30	2	1.0	elu	120	40	0.001075	6.44	2.26	2	3996	3000	2.451	2.612	True	1e+06		
2223	30	2	1.0	elu	120	40	0.0007244	16.4	3.73	3.02	863	4000	2.461	2.59	True	1e+06		
2228	28	2	2.0	relu	120	40	0.0006998	9.76	3.21	4.39	1340	4000	3.259	3.357	True	1e+06		
2225	30	2	1.0	elu	120	40	0.0009324	12.4	1.91	2.07	3838	3000	2.227	2.467	True	1e+06		
2227	27	2	1.0	relu	120	40	0.0006815	9.67	4.32	3.53	2213	4000	2.751	2.695	True	1e+06		
2231	31	2	1.0	gelu	120	40	0.0008906	9.9	3.1	4.22	813	4000	2.43	2.627	True	1e+06		
2229	27	2	0.5	gelu	120	40	0.0009354	12.2	2.64	4.39	2039	4000	2.522	2.993	True	1e+06		
2232	25	2	1.0	elu	120	80	0.0009598	10.3	1.99	4	3978	4000	2.277	2.503	True	1e+06		
2230	30	2	1.0	gelu	120	40	0.000695	15.8	1.69	2.14	1943	4000	2.113	2.258	True	1e+06		
2233	26	2	1.0	elu	120	80	0.0006595	12.6	1.93	2.86	3980	4000	2.524	2.582	True	1e+06		
2237	28	2	1.0	gelu	40	40	0.0007109	13.3	1.63	2.2	3521	4000	3.594	3.261	True	1e+06		
2234	29	2	1.0	elu	120	40	0.0007706	13.6	2.58	4.13	1541	4000	2.121	2.014	True	1e+06		
2235	24	2	1.0	elu	120	40	0.0008556	11.6	3.85	3.97	1584	4000	2.425	2.44	True	1e+06		
2238	31	2	1.0	elu	80	40	0.0007153	12.1	1.47	2.2	4030	4000	2.983	2.534	True	1e+06		
2243	27	2	1.0	elu	120	40	0.0007194	12.2	2.13	1.95	1778	1000	4.113	3.705	True	1e+06		
2236	29	2	1.0	elu	120	40	0.0008686	10.6	3.13	2.32	1662	4000	2.281	2.351	True	1e+06		
2240	26	2	0.5	elu	120	40	0.0007388	17.9	1.42	2.26	3160	4000	2.876	2.66	True	1e+06		
2239	27	2	0.5	elu	120	40	0.0008972	9.9	3.28	4.56	1900	4000	2.883	2.765	True	1e+06		
2242	27	2	1.0	elu	120	40	0.0006117	10.1	3.16	3.12	1733	4000	2.322	2.658	True	1e+06		
2247	30	2	1.0	elu	120	40	0.0008636	14.2	3.88	3.36	1804	1000	3.357	3.263	True	1e+06		
2244	31	2	1.0	elu	120	40	0.000903	16.4	1.57	2.02	2079	4000	2.135	2.161	True	1e+06		
2241	31	2	1.0	elu	120	40	0.0006917	14.1	3.84	3.62	2329	4000	2.137	2.083	True	1e+06		
2245	26	2	1.0	elu	120	40	0.0008591	12.6	2.21	1.9	4103	4000	2.158	2.253	True	1e+06		
2246	25	2	1.0	elu	120	40	0.0008395	9.3	4.14	4.97	92	4000	2.431	2.583	True	1e+06		
2249	29	2	1.0	elu	20	40	0.0009016	9.35	4.29	3.83	1089	4000	80.72	11.37	True	1e+06		
2248	25	2	1.0	elu	120	40	0.0007901	8.47	2.36	4.31	2280	4000	2.231	2.351	True	1e+06		
2255	27	2	1.0	elu	120	80	0.0007968	13	1.96	2.32	4437	1500	3.615	3.043	True	1e+06		
2252	26	2	2.0	elu	120	40	0.0008972	8.77	2.16	2.08	4384	3000	2.356	2.407	True	1e+06		
2251	25	2	1.0	elu	120	40	0.0008612	20	1.61	2.82	2490	4000	1.959	2.03	True	1e+06		
2250	29	2	1.0	elu	120	40	0.0006968	13.8	3.76	2.09	2315	4000	2.313	2.382	True	1e+06		
2253	24	2	1.0	elu	120	40	0.0007105	19.6	1.62	2.66	3899	4000	2.094	2.115	True	1e+06		
2254	28	2	1.0	elu	120	40	0.0007627	12.2	2.04	3.88	1985	4000	2.164	2.4	True	1e+06		
2261	28	2	1.0	elu	40	40	0.0008104	9.34	3.38	3.94	2031	4000	3.956	3.267	True	1e+06		
2257	26	2	1.0	elu	120	40	0.0007105	11.6	2.4	3.11	2682	4000	2.71	2.65	True	1e+06		
2256	27	2	1.0	elu	120	40	0.0008172	15.3	3.48	2.04	1128	4000	2.231	2.422	True	1e+06		
2258	28	2	1.0	elu	120	40	0.0009517	15.1	2.22	2.49	4414	4000	2.122	2.363	True	1e+06		
2263	27	2	1.0	elu	120	40	0.0007111	6.59	4.44	4.9	1173	2000	2.84	2.775	True	1e+06		
2259	27	2	1.0	elu	120	40	0.0008717	13.8	3.47	2.17	3564	4000	2.337	2.373	True	1e+06		
2260	28	2	1.0	elu	120	40	0.0008369	10.4	2.37	3.94	1005	4000	2.272	2.238	True	1e+06		
2262	31	2	1.0	elu	120	40	0.0009612	15.4	1.45	2.16	2940	4000	2.102	2.28	True	1e+06		
2264	29	2	1.0	elu	120	40	0.0008684	8.08	2.91	2.16	3244	3000	2.553	2.632	True	1e+06		
2268	27	2	1.0	elu	120	40	0.0008234	10.5	3.4	3.64	2327	1500	3.417	3.194	True	1e+06		
2265	28	2	1.0	elu	120	160	0.0007769	9.56	3.81	4.23	1232	4000	2.811	2.406	True	1e+06		
2267	29	2	1.0	elu	120	40	0.001164	13.8	1.26	2.06	3504	4000	2.033	2.048	True	1e+06		
2266	31	2	1.0	elu	120	40	0.0008074	11.1	3.69	3.79	740	4000	2.369	2.17	True	1e+06		
2275	31	2	1.0	elu	40	40	0.0007531	10.4	2.47	4.61	363	2000	4.674	4.829	True	1e+06		
2272	27	2	2.0	elu	80	40	0.0007891	17.9	1.66	2.16	2886	4000	2.188	2.156	True	1e+06		
2269	28	2	1.0	elu	120	40	0.0007643	10.6	1.88	3.8	4823	4000	2.233	2.348	True	1e+06		
2278	32	2	1.0	elu	120	40	0.0009144	10.6	1.44	2.67	4838	1000	3.254	2.98	True	1e+06		
2270	26	2	1.0	elu	120	40	0.000797	10.9	3.49	2.63	4335	4000	2.276	2.242	True	1e+06		
2273	24	2	1.0	elu	80	40	0.0007996	17.4	1.87	2.57	2257	4000	3.044	2.488	True	1e+06		
2271	30	2	1.0	elu	120	40	0.0007024	16.4	3.99	2.92	1640	4000	2.45	2.545	True	1e+06		
2279	31	2	1.0	elu	120	40	0.0007476	9.33	2.71	4.67	1280	500	5.168	4.212	True	1e+06		
2281	25	2	1.0	elu	40	40	0.0006263	10.4	3.18	4.36	2082	4000	5.062	4.452	True	1e+06		
2274	29	2	0.5	elu	80	40	0.0008183	13.1	2.75	2.01	2590	4000	2.854	2.632	True	1e+06		
2283	26	2	1.0	elu	120	40	0.0007661	14.7	4.05	4.67	1387	500	4.439	3.933	True	1e+06		
2284	28	2	1.0	elu	80	40	0.0008511	14.2	1.29	2.26	3315	2000	2.848	3.035	True	1e+06		
2276	31	2	1.0	elu	120	40	0.0007543	11.7	3.85	4.92	1467	4000	2.299	2.231	True	1e+06		
2277	31	2	1.0	elu	120	40	0.0007441	18.9	3.06	2.03	1218	4000	2.09	2.279	True	1e+06		
2280	28	2	1.0	elu	120	40	0.0007641	10.6	3.26	4.28	1098	3000	2.348	2.722	True	1e+06		
2285	26	2	1.0	elu	120	40	0.0006458	7.71	5.68	4.27	1021	4000	3.769	3.305	True	1e+06		
2282	26	2	1.0	relu	120	40	0.0009078	13.3	1.8	2.09	4186	4000	2.603	2.608	True	1e+06		
2286	26	2	1.0	elu	120	40	0.0007819	9.85	2.4	2.47	4152	4000	2.116	2.04	True	1e+06		
2291	30	2	1.0	relu	120	40	0.0008003	10.7	2.5	4.04	1474	4000	3.123	3.268	True	1e+06		
2287	28	2	2.0	elu	120	40	0.0008281	13.5	3.33	4.41	874	4000	2.052	2.309	True	1e+06		
2288	30	2	1.0	elu	120	40	0.0007594	14.8	3.27	3.85	2825	4000	2.074	2.162	True	1e+06		
2290	30	2	1.0	elu	120	40	0.0007393	12.3	1.78	1.75	1187	4000	2.126	2.301	True	1e+06		
2289	27	2	1.0	elu	120	40	0.0007111	6.78	4.22	4.45	1965	4000	2.351	2.315	True	1e+06		
2292	30	2	1.0	elu	120	80	0.0008001	10.8	2.92	2.86	2896	4000	2.444	2.421	True	1e+06		
2296	28	2	1.0	elu	120	40	0.0008694	13.2	1.18	2.34	3731	1000	3.795	3.216	True	1e+06		
2293	32	2	1.0	elu	120	40	0.0006255	14.9	3.25	4.08	693	4000	2.291	2.133	True	1e+06		
2294	30	2	1.0	elu	120	40	0.0008862	8.39	2.47	4.36	1939	4000	2.496	2.708	True	1e+06		
2297	29	2	1.0	gelu	120	40	0.0008073	12.8	3.61	3.88	1809	3000	2.451	2.33	True	1e+06		
2299	28	2	1.0	elu	120	80	0.001062	9.19	1.91	2.19	4500	3000	2.514	2.574	True	1e+06		
2295	30	2	1.0	elu	120	40	0.0007637	12.3	2.22	2	2599	4000	2.204	2.092	True	1e+06		
2298	24	2	1.0	elu	120	40	0.0008146	13.1	3.21	3.41	1355	4000	2.027	1.984	True	1e+06		
2300	29	2	1.0	elu	120	40	0.0007299	9.64	2.35	4.92	2315	4000	2.134	2.119	True	1e+06		
2302	26	2	1.0	elu	120	40	0.0008329	16.9	2	2.4	2326	4000	2.319	2.616	True	1e+06		
2301	31	2	1.0	elu	120	40	0.0007279	10.6	2.73	4.61	247	4000	2.5	2.792	True	1e+06		
2307	25	2	1.0	elu	120	40	0.0007497	9.9	3.31	4.16	989	1000	4.041	3.744	True	1e+06		
2303	23	2	1.0	elu	120	40	0.0007307	15.4	1.65	2.81	4232	4000	2.482	2.629	True	1e+06		
2305	29	2	1.0	elu	120	40	0.001136	8.7	2.1	2.49	4063	3000	2.448	2.393	True	1e+06		
2304	26	2	1.0	elu	120	40	0.0008961	8.8	4.54	4.76	1205	4000	2.445	2.737	True	1e+06		
2311	25	2	1.0	elu	120	40	0.0007759	15.9	1.39	2.45	2950	500	4.769	3.82	True	1e+06		
2310	31	2	2.0	relu	120	40	0.0008278	14.2	1.32	1.98	3899	4000	2.654	3.257	True	1e+06		
2306	28	2	0.5	elu	120	40	0.0007635	11.4	2.4	4.97	1655	4000	4.074	2.837	True	1e+06		
2308	28	2	1.0	elu	120	40	0.0006855	16.2	2.79	1.91	1314	3000	2.414	2.519	True	1e+06		
2309	27	2	1.0	elu	120	40	0.0008165	10.1	1.88	2.09	3496	3000	2.265	2.263	True	1e+06		
2313	28	2	1.0	elu	120	40	0.0008554	7.92	1.62	2.93	2781	4000	2.564	2.658	True	1e+06		
2317	23	2	1.0	relu	120	40	0.0008194	13.7	1.52	2.25	3272	4000	2.731	3.019	True	1e+06		
2312	28	2	1.0	elu	120	40	0.0007716	9.09	2.53	4.31	567	4000	2.252	2.188	True	1e+06		
2319	25	2	1.0	elu	20	40	0.0006217	9.48	3.45	4.82	1126	4000	15.9	10.37	True	1e+06		
2315	27	2	1.0	elu	120	40	0.000837	18.6	1.86	2.07	5185	4000	2.311	2.425	True	1e+06		
2314	30	2	1.0	elu	120	40	0.00066	9.07	3.6	3.85	2372	4000	2.326	2.561	True	1e+06		
2316	28	2	1.0	elu	120	40	0.0008807	12.9	3.1	1.9	2030	4000	2.418	2.493	True	1e+06		
2320	27	2	1.0	elu	120	40	0.001144	8.26	2.09	1.69	3704	1500	3.09	3.253	True	1e+06		
2318	29	2	1.0	elu	120	40	0.0009324	11.1	3.35	2.91	1974	4000	2.495	2.567	True	1e+06		
2323	29	2	1.0	elu	120	40	0.0006844	6.9	2.95	3.99	1109	1000	4.395	3.935	True	1e+06		
2321	27	2	0.5	relu	120	40	0.0007741	10.7	2.53	3.9	1979	4000	3.089	2.964	True	1e+06		
2328	26	2	1.0	elu	120	40	0.0006457	10.5	5.71	4.34	1802	2000	3.364	3.084	True	1e+06		
2324	27	2	2.0	elu	120	40	0.0007941	11.3	4.21	3.58	2428	4000	2.124	2.56	True	1e+06		
2322	28	2	1.0	elu	120	40	0.000834	18.1	2.1	2	1376	4000	2.017	2.117	True	1e+06		
2327	27	2	2.0	elu	120	160	0.0007026	9.15	3.38	4.6	1627	4000	2.289	2.215	True	1e+06		
2326	23	2	1.0	elu	120	40	0.0008346	16.8	1.58	2.35	3477	4000	1.923	2.224	True	1e+06		
2325	30	2	1.0	elu	120	40	0.0009271	12.4	2.2	3.8	1059	4000	2.022	2.089	True	1e+06		
2334	27	2	1.0	elu	20	40	0.0007168	10.9	2.66	4.16	1135	4000	14.74	14.28	True	1e+06		
2335	27	2	1.0	elu	80	160	0.0007471	15.4	1.55	2.61	3440	4000	4.622	4.241	True	1e+06		
2329	28	2	1.0	elu	120	80	0.0006555	11	3.03	3.58	2596	4000	2.543	2.617	True	1e+06		
2330	28	2	1.0	elu	120	40	0.0008092	8.34	1.52	4.28	4064	4000	2.251	2.375	True	1e+06		
2336	28	2	1.0	elu	120	40	0.0007148	6.53	3.55	3.94	1352	1500	3.17	2.851	True	1e+06		
2333	27	2	1.0	elu	120	40	0.000998	9.07	1.9	4.3	3938	4000	2.487	2.55	True	1e+06		
2332	27	2	1.0	elu	80	40	0.000611	11.2	2.92	4.11	2414	4000	2.52	2.557	True	1e+06		
2331	28	2	1.0	elu	120	40	0.0008652	11.6	1.16	2.27	2690	4000	2.058	1.946	True	1e+06		
2339	27	2	1.0	elu	20	80	0.0006474	10.4	4.18	4.01	2074	4000	11.28	10.58	True	1e+06		
2338	28	2	0.5	elu	120	160	0.0008413	9.64	3.49	3.75	1025	4000	6.357	4.635	True	1e+06		
2344	27	2	1.0	elu	120	40	0.0009257	14.4	3.26	3.69	3177	500	4.729	4.241	True	1e+06		
2345	24	2	1.0	elu	120	40	0.0007998	17.2	1.68	1.83	4074	1500	2.841	2.651	True	1e+06		
2337	26	2	1.0	elu	120	40	0.0007402	10.9	3.42	4.89	1671	4000	2.44	2.964	True	1e+06		
2340	29	2	2.0	elu	120	40	0.000756	14.8	1.7	2.46	3076	4000	2.326	2.393	True	1e+06		
2341	29	2	2.0	elu	120	40	0.0006257	14.8	3.17	2	1561	4000	2.18	2.393	True	1e+06		
2348	27	2	1.0	elu	20	40	0.001082	9.46	2.39	1.95	3499	3000	21.6	12.24	True	1e+06		
2342	26	2	1.0	elu	120	40	0.0007453	15.1	3.44	3.24	3479	4000	2.121	2.275	True	1e+06		
2343	25	2	1.0	elu	120	40	0.0009396	12.8	1.36	4.06	4152	4000	2.221	2.054	True	1e+06		
2352	31	2	1.0	elu	120	40	0.0007507	15.4	3.21	1.96	1468	1000	4.526	3.706	True	1e+06		
2346	27	2	1.0	elu	120	40	0.0008216	13.8	3.42	2.47	4331	4000	2.22	2.365	True	1e+06		
2347	30	2	1.0	elu	120	40	0.0009593	8.56	2.26	2.39	3914	3000	2.475	2.275	True	1e+06		
2349	27	2	1.0	elu	120	40	0.0008039	13	4.34	3.3	4019	4000	2.197	2.355	True	1e+06		
2350	27	2	1.0	elu	120	40	0.0007474	12.8	1.29	2.79	3919	4000	2.147	2.211	True	1e+06		
2351	25	2	1.0	elu	120	40	0.0009101	8.2	3.91	4.16	515	4000	2.384	2.565	True	1e+06		
2354	25	2	1.0	elu	120	40	0.0005072	9.97	3.23	4.18	1253	4000	3.201	3.035	True	1e+06		
2353	27	2	0.5	elu	120	40	0.0007026	10.9	1.7	2.83	4182	4000	2.636	2.747	True	1e+06		
2360	28	2	1.0	relu	120	40	0.0007658	7.13	3.76	4.63	1125	1000	3.544	3.524	True	1e+06		
2355	29	2	1.0	elu	120	40	0.0007776	15.1	2.67	3.13	2148	4000	2.133	2.015	True	1e+06		
2356	26	2	1.0	elu	120	40	0.0009808	13.2	1.54	3.87	3348	4000	2.162	2.315	True	1e+06		
2362	29	2	1.0	elu	20	40	0.0007683	12.7	3.93	4.25	1662	4000	2809	752.4	True	1e+06		
2357	27	2	1.0	elu	120	40	0.0008987	11	3.5	3.09	1181	4000	2.359	2.401	True	1e+06		
2364	26	2	2.0	elu	120	40	0.000887	9.62	1.7	3.94	3336	1000	2.99	2.729	True	1e+06		
2363	29	2	1.0	elu	120	160	0.0007721	10.6	4.01	4.07	517	4000	4.886	3.794	True	1e+06		
2358	29	2	1.0	elu	120	40	0.0008133	12.4	2.59	2.72	3088	4000	2.122	2.195	True	1e+06		
2359	27	2	1.0	elu	120	40	0.0008854	14.8	1.16	2.48	3400	4000	1.995	2.138	True	1e+06		
2366	28	2	1.0	elu	120	40	0.0006342	13.6	2.61	1.96	2337	4000	3.295	3.001	True	1e+06		
2361	29	2	1.0	elu	120	40	0.0007027	17.4	1.07	2.07	4290	4000	1.976	2.011	True	1e+06		
2370	29	2	1.0	elu	120	40	0.0007222	12.4	2.42	4.35	2392	2000	2.805	2.614	True	1e+06		
2367	25	2	0.5	elu	120	40	0.0006848	7.12	4.38	3.85	959	4000	2.765	2.758	True	1e+06		
2371	27	2	1.0	elu	20	40	0.0008373	9.74	1.88	2.64	4271	4000	16.99	10.28	True	1e+06		
2365	31	2	1.0	elu	120	40	0.0009221	12.9	1.42	2.37	3989	4000	2.211	2.246	True	1e+06		
2368	29	2	1.0	elu	120	40	0.0007956	8.25	3.88	4.2	1405	4000	2.519	2.646	True	1e+06		
2369	27	2	2.0	elu	120	40	0.0007413	8.84	4.77	4.27	1539	4000	2.275	2.451	True	1e+06		
2376	30	2	1.0	elu	120	40	0.0007906	12.1	1.07	2.21	3631	1500	2.788	2.797	True	1e+06		
2372	27	2	1.0	elu	120	40	0.0009647	10.9	1.87	4.49	4218	4000	2.403	2.929	True	1e+06		
2374	27	2	1.0	elu	120	40	0.0006486	10.3	3.8	3.98	1867	3000	2.748	2.803	True	1e+06		
2375	27	2	1.0	elu	120	40	0.0008844	17.5	1.21	2.27	3578	4000	2.101	2.362	True	1e+06		
2373	27	2	1.0	elu	120	40	0.0007781	12.3	2.14	4.93	935	4000	2.236	2.328	True	1e+06		
2380	25	2	1.0	gelu	120	40	0.0009073	12.2	2.06	3.89	3873	1500	2.567	2.873	True	1e+06		
2379	26	2	1.0	elu	120	80	0.0007551	8.66	1.67	2.93	3646	4000	2.627	2.55	True	1e+06		
2377	28	2	1.0	elu	120	40	0.0006631	13.5	2.98	2.92	414	4000	2.347	2.323	True	1e+06		
2378	27	2	1.0	elu	120	40	0.0007496	9.32	3.24	4.9	2250	4000	2.311	2.485	True	1e+06		
2385	26	2	1.0	elu	80	40	0.000853	14	1.54	2.66	3069	1500	3.198	3.184	True	1e+06		
2388	28	2	1.0	elu	120	40	0.0007039	7.15	3.68	4.82	868	500	5.278	4.721	True	1e+06		
2382	29	2	1.0	relu	120	40	0.0007117	13.8	2.58	2.03	2021	4000	2.489	2.682	True	1e+06		
2381	27	2	1.0	gelu	120	40	0.0006402	10.7	3.32	4.37	1445	4000	2.364	2.272	True	1e+06		
2384	29	2	1.0	relu	120	40	0.0007742	13.2	1.46	2.88	5278	4000	2.371	2.223	True	1e+06		
2383	27	2	1.0	elu	120	40	0.0007527	13.5	2.43	4.7	1859	4000	2.25	2.325	True	1e+06		
2386	27	2	1.0	elu	80	40	0.000777	19.7	1.49	1.98	3238	4000	2.503	2.739	True	1e+06		
2391	27	2	1.0	elu	20	40	0.0009868	9.32	1.75	2.93	3766	4000	42.69	19.99	True	1e+06		
2387	28	2	1.0	elu	120	40	0.00109	8.05	2.3	1.66	4330	3000	2.246	2.267	True	1e+06		
2390	25	2	1.0	elu	120	40	0.0007617	14.5	1.71	1.9	1958	4000	2.168	2.475	True	1e+06		
2389	25	2	2.0	elu	120	40	0.0009662	9.55	3.74	3.71	1897	4000	2.11	2.246	True	1e+06		
2393	25	2	1.0	elu	120	80	0.0007655	15	1.88	2.13	3357	4000	2.46	2.532	True	1e+06		
2392	27	2	1.0	elu	120	40	0.0008539	11.6	3.87	4.39	1722	4000	2.505	2.618	True	1e+06		
2398	26	2	1.0	relu	120	40	0.0006478	10.7	2.65	3.54	2018	1500	3.189	3.696	True	1e+06		
2396	22	2	1.0	elu	120	40	0.0007913	9.01	4.79	3.91	907	4000	2.401	2.633	True	1e+06		
2395	27	2	1.0	elu	120	40	0.001007	12.2	2.43	2.29	4922	4000	2.563	2.449	True	1e+06		
2394	32	2	1.0	elu	120	40	0.0008035	12.9	1.63	3.12	4603	4000	2.24	2.172	True	1e+06		
2403	28	2	1.0	elu	40	40	0.0007101	13.6	3.05	3.02	1724	4000	4.978	4.673	True	1e+06		
2399	29	2	1.0	elu	120	40	0.0008189	14.4	1.13	2.45	4129	1500	3.401	2.77	True	1e+06		
2404	24	2	2.0	elu	20	40	0.0008198	10.1	1.68	4.17	3606	4000	13.78	10.52	True	1e+06		
2397	24	2	1.0	elu	120	40	0.0007573	8.69	1.81	2.82	3797	4000	2.199	2.282	True	1e+06		
2405	28	2	1.0	elu	40	40	0.0007845	12.2	2.93	3.39	2972	4000	6.616	5.822	True	1e+06		
2406	30	2	1.0	elu	80	80	0.0007752	9.52	3.22	4.99	515	4000	4.079	4.294	True	1e+06		
2402	28	2	2.0	gelu	120	40	0.0006987	10.8	1.82	2.47	3979	4000	2.261	2.342	True	1e+06		
2409	27	2	1.0	elu	40	40	0.0007992	12.8	1.39	2.3	2738	4000	6.382	9.384	True	1e+06		
2408	32	2	1.0	elu	120	40	0.0008728	10.4	3.8	4.97	934	1500	4.189	3.363	True	1e+06		
2400	29	2	1.0	elu	120	40	0.0009046	16.4	2.92	2.08	1107	4000	2.349	2.463	True	1e+06		
2401	28	2	1.0	elu	120	40	0.0008597	11.9	4.34	3.71	1406	4000	2.401	2.67	True	1e+06		
2410	25	2	1.0	elu	40	40	0.000848	18.8	1.73	2.27	5302	4000	5.967	5.069	True	1e+06		
2413	27	2	1.0	elu	120	160	0.0009333	15.2	1.58	2.1	3703	4000	4.947	4.252	True	1e+06		
2411	28	2	1.0	elu	120	40	0.000951	16.2	1.69	2.05	4427	4000	2.422	2.54	True	1e+06		
2407	28	2	1.0	elu	120	40	0.0006865	11.3	3.74	3.85	449	4000	3.075	2.483	True	1e+06		
2414	28	2	1.0	relu	120	40	0.0009066	12.4	1.96	2.1	3618	4000	2.489	2.927	True	1e+06		
2412	25	2	1.0	elu	120	40	0.0007847	11.5	1.84	2.62	4314	4000	2.311	2.266	True	1e+06		
2417	26	2	1.0	elu	120	40	0.0007639	11.9	2.19	4.01	2643	4000	2.423	2.321	True	1e+06		
2415	27	2	1.0	elu	120	40	0.0006079	12.5	3.83	3.15	1365	4000	2.343	2.366	True	1e+06		
2419	29	2	1.0	elu	120	40	0.0006942	13.4	3.16	3.6	2206	2000	3.122	3.092	True	1e+06		
2416	26	2	1.0	elu	120	40	0.0008861	18.1	2.26	2.52	3564	4000	2.121	1.948	True	1e+06		
2418	31	2	1.0	elu	120	40	0.000661	8.05	2.94	4.93	515	2000	3.755	3.086	True	1e+06		
2421	25	2	1.0	elu	120	40	0.0006434	9.29	4.22	4.78	1807	4000	2.322	2.378	True	1e+06		
2420	31	2	1.0	elu	120	40	0.0007456	14.6	3.72	1.81	1936	4000	2.232	2.215	True	1e+06		
2422	27	2	1.0	elu	120	160	0.0008116	9.45	3.33	3.81	1730	4000	2.641	2.464	True	1e+06		
2423	27	2	1.0	elu	120	40	0.0008581	8.54	3.81	3.42	1878	4000	2.448	2.406	True	1e+06		
2427	27	2	1.0	elu	40	40	0.0008179	10	1.89	3.48	3883	2000	5.344	3.96	True	1e+06		
2425	25	2	1.0	elu	120	40	0.0006513	10.6	4.06	4.99	357	4000	2.597	2.39	True	1e+06		
2426	31	2	1.0	elu	120	40	0.0008461	15.5	2.7	2.24	2057	4000	2.073	2.301	True	1e+06		
2424	27	2	1.0	elu	120	40	0.000894	6.68	3.03	4.14	669	4000	2.442	2.446	True	1e+06		
2429	24	2	1.0	elu	120	40	0.0006325	13.8	1.66	2.03	2988	4000	3.568	3.285	True	1e+06		
2430	22	2	1.0	elu	120	40	0.0007443	15	1.49	2.49	3486	4000	2.5	2.597	True	1e+06		
2431	28	2	1.0	elu	120	40	0.000785	11.4	2.19	3.73	4185	3000	2.625	2.627	True	1e+06		
2433	25	2	0.5	elu	120	160	0.0007924	17.5	1.48	2.4	3715	4000	3.886	3.289	True	1e+06		
2435	27	2	1.0	elu	120	40	0.0008998	10.7	3.12	2.01	3210	4000	2.572	2.644	True	1e+06		
2428	27	2	2.0	elu	120	40	0.0006565	8.36	4.95	4.77	1753	4000	2.266	2.22	True	1e+06		
2434	30	2	2.0	elu	120	40	0.00076	11.8	3.29	4.91	729	4000	2.054	2.565	True	1e+06		
2432	26	2	1.0	elu	120	40	0.0006994	12.2	2.21	4.17	1968	4000	2.32	2.338	True	1e+06		
2439	29	2	1.0	elu	80	160	0.0007738	11.1	3.49	3.85	1527	4000	5.337	4.684	True	1e+06		
2437	28	2	0.5	elu	120	40	0.0007523	13.8	3.2	2.47	2007	4000	4.374	3.432	True	1e+06		
2438	27	2	2.0	relu	120	40	0.0008539	12.2	3.7	4.85	1088	4000	2.745	3.363	True	1e+06		
2444	32	2	1.0	elu	120	40	0.0007576	9.67	3.43	4.11	1203	500	5.851	4.48	True	1e+06		
2440	31	2	2.0	elu	120	40	0.000744	8.49	3.78	4.42	1547	4000	2.405	2.404	True	1e+06		
2441	29	2	1.0	elu	120	40	0.0007583	14.7	1.35	2	3827	3000	2.072	2.068	True	1e+06		
2436	32	2	2.0	elu	120	40	0.0008505	12.6	2.67	4.35	768	4000	2.129	2.12	True	1e+06		
2446	24	2	1.0	elu	20	40	0.0006929	16.7	2.12	2.08	3889	4000	10.72	6.045	True	1e+06		
2442	28	2	1.0	elu	120	40	0.0007547	11.7	2.24	2.56	4938	4000	2.415	2.144	True	1e+06		
2447	24	2	1.0	gelu	120	40	0.0009277	9.23	1.86	3.77	4081	1500	2.738	2.726	True	1e+06		
2443	28	2	1.0	elu	120	40	0.0008293	14.3	3.65	3.88	4236	4000	2.371	2.777	True	1e+06		
2445	26	2	1.0	elu	120	40	0.0006614	10.6	3.09	4.33	2544	4000	2.612	2.781	True	1e+06		
2452	25	2	1.0	elu	120	40	0.0006805	10.9	4.68	3.85	954	1500	3.41	3.032	True	1e+06		
2448	27	2	1.0	elu	120	40	0.0005424	11.2	3.27	4.07	1079	4000	2.973	2.95	True	1e+06		
2449	28	2	1.0	elu	120	160	0.0007043	7.19	3.32	4.8	1400	4000	3.427	2.862	True	1e+06		
2450	28	2	2.0	elu	120	40	0.0008057	17.8	1.16	2.53	3563	4000	2.065	1.998	True	1e+06		
2454	29	2	1.0	gelu	120	40	0.0008361	16.3	3.34	3.74	1676	4000	2.229	2.472	True	1e+06		
2456	29	2	1.0	elu	120	40	0.000613	10.2	2.81	4.5	1577	1500	3.625	3.349	True	1e+06		
2457	28	2	1.0	elu	20	40	0.0006854	16.5	1.49	2.11	3265	4000	14.97	8.137	True	1e+06		
2458	29	2	1.0	elu	20	40	0.0007791	11.1	2.84	4.65	934	4000	764.9	29.32	True	1e+06		
2451	32	2	1.0	elu	120	40	0.0008344	13.8	3.83	3.93	2632	4000	2.066	2.16	True	1e+06		
2453	25	2	1.0	elu	120	40	0.0006241	9.96	1.89	4.02	2216	4000	2.649	2.707	True	1e+06		
2459	26	2	1.0	elu	120	40	0.0008959	14.9	1.58	2.15	2747	2000	3.573	3.133	True	1e+06		
2455	32	2	1.0	elu	120	40	0.0008178	14.8	1.37	2.22	3134	4000	1.99	1.851	True	1e+06		
2460	26	2	1.0	elu	80	40	0.0009801	8.28	2.37	1.95	3689	3000	2.726	2.537	True	1e+06		
2465	27	2	1.0	relu	120	40	0.0008415	16.1	1.7	2.34	4066	1000	3.525	3.453	True	1e+06		
2461	30	2	1.0	elu	120	40	0.0008276	6.71	4.49	3.29	240	4000	2.581	2.803	True	1e+06		
2462	27	2	1.0	elu	120	40	0.000857	4.82	4.24	4.35	1445	4000	2.716	2.597	True	1e+06		
2468	28	2	0.5	elu	20	40	0.0009177	9.91	3.71	3.89	1977	4000	13.53	10.53	True	1e+06		
2463	30	2	2.0	gelu	120	40	0.000656	9.63	3.77	4.99	1424	4000	2.081	2.167	True	1e+06		
2464	31	2	1.0	elu	120	40	0.0006831	7.37	3.11	4.46	1103	4000	2.273	2.117	True	1e+06		
2467	28	2	1.0	elu	120	40	0.0006821	8.9	1.89	4.15	1569	3000	2.415	2.436	True	1e+06		
2469	30	2	1.0	elu	120	40	0.0007598	15.2	2.14	2.35	3796	4000	3.215	3.132	True	1e+06		
2466	28	2	1.0	elu	120	80	0.0007738	13.4	2.88	2.97	1325	4000	2.813	2.668	True	1e+06		
2473	27	2	1.0	relu	20	40	0.0007937	15.6	1.88	2.43	3229	4000	10.1	9.242	True	1e+06		
2470	28	2	1.0	elu	120	40	0.0006323	12.3	1.7	2.06	3815	4000	2.123	2.057	True	1e+06		
2471	27	2	1.0	elu	120	40	0.0006953	9.92	5	4.04	2182	4000	2.255	2.493	True	1e+06		
2474	30	2	1.0	relu	120	40	0.0007843	16.5	3.69	3.11	2012	4000	2.593	3.08	True	1e+06		
2478	27	2	1.0	elu	120	160	0.000687	11.1	2.56	4.93	2110	1000	4.92	3.927	True	1e+06		
2472	31	2	1.0	elu	120	40	0.0006135	13	1.47	2.62	4925	4000	2.328	2.04	True	1e+06		
2482	27	2	1.0	elu	20	40	0.0008505	19.3	1.85	2.22	2540	4000	13.32	8.16	True	1e+06		
2475	29	2	1.0	elu	120	40	0.0007921	13.9	2.52	1.88	936	4000	2.36	2.347	True	1e+06		
2476	26	2	1.0	elu	120	40	0.0007074	10.2	1.82	3.08	4639	4000	2.386	2.48	True	1e+06		
2479	27	2	1.0	elu	120	40	0.0008785	9.63	1.73	3.3	4320	2000	3.243	3.023	True	1e+06		
2484	26	2	1.0	relu	40	40	0.0008895	11.8	3.93	2.84	2418	4000	4.676	4.17	True	1e+06		
2477	29	2	1.0	elu	120	40	0.001047	14.5	1.3	2.24	2925	4000	2.405	2.473	True	1e+06		
2485	30	2	2.0	elu	20	40	0.0007576	6.63	4.4	4.97	849	4000	9.016	5.517	True	1e+06		
2486	24	2	1.0	elu	120	160	0.00069	14.4	1.56	2.82	3362	4000	4.323	3.562	True	1e+06		
2480	25	2	1.0	elu	120	40	0.0007534	8.83	2.41	4.8	809	4000	2.531	2.196	True	1e+06		
2481	32	2	1.0	elu	120	40	0.0008406	13.8	2.01	1.9	2890	4000	2.026	2.118	True	1e+06		
2483	29	2	1.0	elu	120	40	0.001155	7.86	2.24	1.86	3035	3000	2.314	2.287	True	1e+06		
2492	26	2	1.0	elu	120	80	0.0008509	18.2	1.74	2.3	4120	500	4.959	4.228	True	1e+06		
2487	23	2	1.0	elu	120	40	0.0007563	9.48	2.43	4.75	3384	4000	2.212	2.224	True	1e+06		
2489	30	2	1.0	elu	120	160	0.0007626	7.24	3.24	4.74	682	4000	2.891	2.771	True	1e+06		
2488	27	2	1.0	elu	120	40	0.0005669	9.24	3.09	3.81	2327	4000	2.313	2.483	True	1e+06		
2491	29	2	1.0	elu	80	40	0.0009101	14.4	1.25	2.46	4659	4000	2.326	2.594	True	1e+06		
2494	27	2	1.0	elu	120	40	0.000883	10.7	4.39	4.45	991	3000	2.622	2.581	True	1e+06		
2493	29	2	1.0	elu	120	40	0.00084	13.7	2.37	1.82	2048	4000	2.72	2.22	True	1e+06		
2490	30	2	2.0	elu	120	40	0.0007019	17.1	2.05	2.07	2074	4000	2.085	2.235	True	1e+06		
2495	28	2	2.0	elu	120	40	0.0009312	8.44	2.42	1.96	3301	3000	2.158	2.088	True	1e+06		
2497	30	2	1.0	elu	120	40	0.0009055	17.1	1.24	2.36	4790	2000	2.589	2.587	True	1e+06		
2501	27	2	1.0	relu	120	40	0.0008782	9.41	1.95	3.38	3553	1000	3.001	3.073	True	1e+06		
2496	28	2	0.5	elu	120	40	0.000889	8.28	2.66	4.06	1774	4000	2.431	2.696	True	1e+06		
2502	29	2	1.0	elu	80	40	0.0007535	13.1	1.58	2.24	4511	4000	4.024	3.763	True	1e+06		
2500	26	2	1.0	elu	80	40	0.0007636	13.9	1.86	2.91	3653	4000	2.332	2.094	True	1e+06		
2498	27	2	0.5	elu	120	40	0.0007992	11.3	1.23	2.35	3712	4000	2.682	2.576	True	1e+06		
2499	24	2	1.0	elu	120	40	0.0008796	7.58	3.5	4.27	1770	4000	2.272	2.021	True	1e+06		
2506	32	2	1.0	elu	20	40	0.0008362	15.3	1.05	2.57	4326	4000	5253	25.91	True	1e+06		
2509	27	2	1.0	elu	120	40	0.00098	16.3	2	2.32	4142	1000	3.555	3.138	True	1e+06		
2503	29	2	1.0	elu	120	40	0.0009025	14.1	3.37	3.31	1305	4000	2.175	2.246	True	1e+06		
2504	26	2	1.0	relu	120	40	0.0007817	19.4	1.51	2.01	1814	4000	2.56	2.629	True	1e+06		
2505	30	2	1.0	relu	120	160	0.0006846	8.88	3.22	4.06	1536	4000	2.942	2.646	True	1e+06		
2510	28	2	1.0	elu	120	40	0.0009142	9.49	3.82	4.47	1931	2000	2.707	2.745	True	1e+06		
2511	31	2	1.0	elu	120	40	0.0005638	13.6	3.69	4.2	1594	4000	3.98	3.24	True	1e+06		
2507	30	2	1.0	elu	120	40	0.0008005	16.7	1.26	2.44	3622	4000	2.341	2.327	True	1e+06		
2512	27	2	1.0	elu	120	40	0.0005475	11.9	2.65	4.26	1486	4000	2.428	2.415	True	1e+06		
2508	27	2	1.0	elu	120	40	0.001065	11.5	3.65	3.34	1781	4000	2.224	2.111	True	1e+06		
2513	31	2	2.0	relu	120	40	0.0006764	11.2	3.39	4.57	1760	4000	2.862	3.082	True	1e+06		
2519	27	2	1.0	elu	20	40	0.0007693	13.3	2.04	2.23	4785	4000	10.98	16.3	True	1e+06		
2515	27	2	1.0	elu	120	40	0.001018	6.99	2.41	1.75	3065	3000	2.724	2.856	True	1e+06		
2514	30	2	1.0	elu	120	40	0.0007522	8.93	2.87	2.09	3996	3000	2.564	2.411	True	1e+06		
2522	27	2	1.0	elu	120	40	0.0006913	14.8	1.67	2.15	3692	1000	3.927	3.617	True	1e+06		
2516	27	2	1.0	elu	120	40	0.0008147	10.4	1.02	2.51	3810	4000	2.317	2.385	True	1e+06		
2517	30	2	1.0	elu	120	40	0.0007106	17.1	3.46	3.54	593	4000	2.107	2.163	True	1e+06		
2518	26	2	2.0	elu	120	40	0.0008629	14	3.66	4.21	2029	4000	2.114	2.359	True	1e+06		
2520	31	2	1.0	elu	120	40	0.0006936	11.1	3.17	4.45	1315	4000	2.419	2.547	True	1e+06		
2525	28	2	2.0	elu	120	40	0.0007924	9.65	4.1	4.48	1207	1000	3.369	3.029	True	1e+06		
2526	29	2	1.0	elu	40	40	0.0006744	11.6	2.65	4.59	1590	4000	5.14	4.302	True	1e+06		
2527	30	2	0.5	relu	120	40	0.0008335	15.1	3.87	3.85	1808	4000	4.376	3.782	True	1e+06		
2521	30	2	1.0	elu	120	40	0.0006546	5.76	4.62	4.5	202	4000	2.728	2.936	True	1e+06		
2523	30	2	1.0	elu	120	40	0.0007959	9.41	2.45	3.87	3746	4000	2.273	2.107	True	1e+06		
2524	31	2	1.0	elu	120	80	0.0008709	9.72	2.78	4.99	865	4000	2.44	2.631	True	1e+06		
2530	29	2	1.0	elu	120	40	0.0007222	12.3	4.53	4.96	1250	1500	4.079	3.055	True	1e+06		
2529	30	2	1.0	elu	120	40	0.0009652	14	3.01	3.56	1770	4000	2.29	2.194	True	1e+06		
2535	27	2	1.0	elu	120	40	0.0007924	9.22	1.53	3.17	3183	1000	3.638	3.234	True	1e+06		
2528	26	2	1.0	elu	120	40	0.0008266	9.75	2.17	4.55	2144	4000	2.199	2.264	True	1e+06		
2536	27	2	1.0	elu	40	40	0.0008714	10.1	2.61	2.11	3444	3000	4.783	4.21	True	1e+06		
2531	28	2	1.0	elu	80	40	0.0007732	7.05	3.86	4.09	665	4000	2.566	2.594	True	1e+06		
2538	25	2	1.0	elu	20	40	0.0009282	13.1	3.7	4.01	2137	4000	215.2	36.64	True	1e+06		
2532	24	2	1.0	elu	120	40	0.0008279	13.7	2.16	2.43	4111	4000	2.265	2.36	True	1e+06		
2537	27	2	1.0	elu	20	40	0.0007843	9.55	1.73	3.44	4670	4000	781	10.92	True	1e+06		
2533	26	2	1.0	elu	120	40	0.000769	15.1	1.59	2.69	5129	4000	2.312	2.211	True	1e+06		
2534	29	2	1.0	elu	120	40	0.0006586	16.6	3.78	3.56	1140	4000	2.407	2.482	True	1e+06		
2540	31	2	1.0	elu	120	40	0.0008971	16.6	4.09	3.7	2697	4000	2.508	2.581	True	1e+06		
2539	26	2	1.0	elu	120	80	0.0007672	9.28	1.83	4.8	4350	4000	3.423	2.829	True	1e+06		
2542	28	2	2.0	relu	120	40	0.0007762	13.7	2.18	2.39	4344	4000	2.367	2.22	True	1e+06		
2547	28	2	1.0	elu	120	40	0.0006769	13.3	3.11	2.1	2503	1000	3.625	3.208	True	1e+06		
2543	27	2	1.0	elu	120	40	0.0009191	5.85	4.3	3.59	873	4000	2.652	2.646	True	1e+06		
2541	28	2	1.0	elu	120	40	0.0008382	17.6	1.75	2.06	3785	4000	2.19	2.302	True	1e+06		
2549	28	2	1.0	elu	120	40	0.0006885	9.25	3.16	4.76	1169	500	5.535	4.482	True	1e+06		
2544	30	2	1.0	elu	120	40	0.0008711	9.07	3.69	4.28	1060	4000	2.375	2.442	True	1e+06		
2545	30	2	1.0	elu	120	40	0.0006472	17.3	1.64	2.26	5194	4000	2.137	2.245	True	1e+06		
2553	28	2	1.0	elu	120	40	0.001169	11.5	2.44	2.11	3506	1500	3.253	2.879	True	1e+06		
2546	28	2	1.0	elu	120	40	0.0008438	12.9	2.15	2.32	3509	4000	2.433	2.497	True	1e+06		
2550	26	2	1.0	elu	120	40	0.0008892	15	1.51	1.89	1730	4000	2.077	2.038	True	1e+06		
2548	30	2	1.0	elu	120	40	0.0009909	9.44	1.9	3.65	4398	4000	2.349	2.265	True	1e+06		
2552	27	2	1.0	gelu	120	40	0.0007972	8.96	3.95	4.33	920	4000	2.328	2.496	True	1e+06		
2551	31	2	1.0	elu	120	40	0.0007539	16.4	1.49	2.34	3807	4000	2.351	2.588	True	1e+06		
2556	26	2	1.0	elu	120	40	0.0007627	15.8	1.9	2.62	3963	2000	2.673	2.57	True	1e+06		
2554	32	2	1.0	elu	120	40	0.0008949	16.6	1.17	2.36	3238	4000	2.404	2.603	True	1e+06		
2559	27	2	1.0	elu	120	40	0.00116	7.29	2.26	2.09	3775	1500	3.292	2.933	True	1e+06		
2555	25	2	1.0	elu	120	40	0.0007654	10.4	3.96	4.17	642	4000	2.52	2.48	True	1e+06		
2561	28	2	2.0	elu	80	40	0.001015	9.36	1.85	2.06	3767	3000	2.571	2.805	True	1e+06		
2558	25	2	1.0	gelu	120	40	0.0008104	7.55	3.71	3.88	1443	4000	2.388	2.5	True	1e+06		
2565	29	2	1.0	elu	120	40	0.0007136	15.4	1.16	2.33	4449	500	5.323	4.197	True	1e+06		
2560	27	2	0.5	elu	120	40	0.0009139	9.28	2.3	1.96	3995	3000	3.139	2.994	True	1e+06		
2562	29	2	1.0	elu	120	160	0.0008152	14.1	3.61	3.08	813	4000	2.588	2.374	True	1e+06		
2557	30	2	1.0	elu	120	40	0.0007545	17.1	4.05	3.55	1134	4000	2.119	2.271	True	1e+06		
2563	27	2	1.0	relu	120	40	0.0006851	11.1	1.69	3.34	3444	4000	2.861	2.688	True	1e+06		
2568	27	2	1.0	elu	20	40	0.0008753	10.1	3.19	4.94	1291	4000	18.09	9.575	True	1e+06		
2567	29	2	1.0	elu	40	160	0.0007498	12.7	3.22	2.49	1599	4000	4.595	3.953	True	1e+06		
2564	30	2	1.0	elu	120	80	0.0007324	10.2	4.18	4.79	883	4000	2.357	2.442	True	1e+06		
2573	29	2	1.0	elu	40	80	0.0007453	15.6	4.54	3.66	1240	4000	5.419	4.551	True	1e+06		
2569	26	2	1.0	elu	120	40	0.0009731	9.44	2.58	1.87	2689	3000	2.989	2.6	True	1e+06		
2570	25	2	1.0	elu	120	40	0.0006472	9.98	2.75	3.68	1619	3000	2.667	2.487	True	1e+06		
2566	26	2	1.0	elu	120	40	0.0006929	13.1	3.27	2.37	2526	4000	2.642	2.42	True	1e+06		
2577	28	2	1.0	elu	20	40	0.0007333	13.7	3.1	4.48	1410	4000	21.28	7.658	True	1e+06		
2572	30	2	1.0	elu	120	160	0.0007023	8.95	3.94	4.4	1043	4000	3.516	2.97	True	1e+06		
2571	30	2	1.0	elu	120	40	0.0009391	14.1	1.54	2.64	4788	4000	1.98	2.13	True	1e+06		
2580	30	2	1.0	elu	40	40	0.0007694	12.8	1.54	2.68	4237	4000	12.72	5.825	True	1e+06		
2574	25	2	1.0	elu	120	40	0.0007579	17.4	1.49	2.25	798	4000	2.202	2.153	True	1e+06		
2581	28	2	1.0	elu	120	80	0.000831	11.1	3.47	3.93	1787	1500	3.654	3.434	True	1e+06		
2575	28	2	1.0	elu	120	40	0.0006647	15.4	2.69	2.68	3599	4000	2.291	2.396	True	1e+06		
2576	30	2	1.0	elu	120	40	0.0007391	13.5	1.22	2.32	4607	4000	2.387	2.531	True	1e+06		
2578	30	2	0.5	elu	120	40	0.0006429	13.4	3.47	3.47	984	4000	4.363	3.741	True	1e+06		
2585	31	2	1.0	elu	20	40	0.0009268	9.94	2.72	4.43	1324	4000	6.181	6.617	True	1e+06		
2583	30	2	1.0	elu	120	40	0.000773	8.39	4.87	4.45	249	1500	3.556	3.175	True	1e+06		
2579	31	2	1.0	elu	120	40	0.0007786	10.9	5.38	4.57	1744	4000	2.363	2.145	True	1e+06		
2590	27	2	1.0	elu	120	160	0.000911	13.1	2.25	2.62	4482	1500	4.156	3.382	True	1e+06		
2582	31	2	1.0	elu	120	40	0.0008573	9.95	2.7	4.54	76	4000	2.464	2.208	True	1e+06		
2584	28	2	1.0	elu	120	80	0.0007412	12.5	2.58	1.92	1296	4000	2.322	2.303	True	1e+06		
2587	32	2	1.0	relu	120	40	0.0006985	9.59	4.42	4.51	2083	4000	2.496	2.579	True	1e+06		
2586	30	2	1.0	gelu	120	40	0.0008749	8.97	4.01	3.56	1864	4000	2.343	2.459	True	1e+06		
2588	30	2	1.0	elu	120	40	0.0009495	13	3.7	4.71	1540	4000	2.194	2.186	True	1e+06		
2589	27	2	0.5	elu	120	40	0.0009007	19.2	1.63	2.16	4032	4000	2.958	2.774	True	1e+06		
2595	29	2	1.0	elu	120	40	0.0008694	12	3.39	4.23	756	1000	3.716	3.192	True	1e+06		
2592	26	2	1.0	elu	120	40	0.001236	8.51	2.74	1.89	2929	3000	2.589	2.621	True	1e+06		
2591	30	2	1.0	elu	120	160	0.0008297	9.84	3.11	4.6	1089	4000	2.548	2.565	True	1e+06		
2597	28	2	1.0	elu	120	80	0.0006375	12	2.58	4.38	1922	1500	3.8	3.48	True	1e+06		
2598	26	2	1.0	elu	40	40	0.0008704	12.6	2.84	4.64	1039	4000	4.514	3.951	True	1e+06		
2596	30	2	1.0	elu	120	40	0.0007867	13.7	4.36	4.83	604	4000	3.678	3.289	True	1e+06		
2594	25	2	1.0	elu	120	40	0.0008117	9.64	2.36	4.01	3235	4000	2.632	2.443	True	1e+06		
2593	27	2	1.0	elu	120	40	0.0009681	13.3	3.19	2.33	2393	4000	2.357	2.517	True	1e+06		
2601	29	2	1.0	elu	120	40	0.0007757	5.97	3.95	4.01	1648	2000	3.118	3.222	True	1e+06		
2600	29	2	1.0	elu	120	40	0.0007865	7.68	3.67	4.17	856	3000	2.518	2.448	True	1e+06		
2602	29	2	1.0	relu	120	40	0.0007375	10.9	3.84	4.35	35	4000	2.707	2.945	True	1e+06		
2599	29	2	2.0	elu	120	40	0.0008427	13.1	1.14	2.22	3972	4000	2.358	2.451	True	1e+06		
2604	28	2	1.0	elu	120	80	0.0007706	11.9	3.82	3.49	1763	4000	2.463	2.653	True	1e+06		
2603	25	2	1.0	elu	120	40	0.0006687	8.9	2.96	4.14	2115	4000	2.226	2.354	True	1e+06		
2609	26	2	1.0	elu	20	40	0.0007963	18.4	1.82	2.33	4566	4000	7.778	6.656	True	1e+06		
2605	29	2	2.0	elu	120	40	0.001008	10	2.22	1.89	3921	4000	2.045	2.252	True	1e+06		
2606	24	2	1.0	elu	120	40	0.0006147	16.7	1.37	2.21	4182	4000	2.255	2.425	True	1e+06		
2610	30	2	1.0	elu	120	40	0.0006486	7.84	4.85	4.32	668	1500	3.4	3.014	True	1e+06		
2607	26	2	1.0	elu	120	40	0.000713	14.7	3.2	3.98	1435	4000	2.039	2.022	True	1e+06		
2608	31	2	1.0	elu	120	40	0.0006793	14.3	2.81	4.9	961	4000	2.32	2.058	True	1e+06		
2611	26	2	1.0	elu	120	40	0.0009155	19.4	1.29	2.81	2966	4000	2.13	2.146	True	1e+06		
2612	26	2	1.0	elu	120	40	0.0008649	8.87	3.07	4.67	1017	4000	2.353	2.524	True	1e+06		
2613	25	2	1.0	elu	120	40	0.000683	14.2	1.76	2.45	3546	4000	2.29	2.257	True	1e+06		
2615	27	2	1.0	elu	120	40	0.0009955	9.37	1.97	2.32	2985	3000	2.201	2.127	True	1e+06		
2614	28	2	1.0	elu	120	40	0.0007971	7.32	3.16	4.84	442	4000	2.731	2.474	True	1e+06		
2616	30	2	1.0	elu	120	40	0.0007677	11.6	2.46	4.92	1006	3000	2.944	2.557	True	1e+06		
2620	30	2	1.0	elu	120	40	0.000983	5.95	3.84	4.26	626	1000	3.878	3.321	True	1e+06		
2617	29	2	1.0	elu	120	40	0.0007048	18.5	1.68	2.55	4982	4000	2.459	2.759	True	1e+06		
2618	24	2	1.0	elu	120	80	0.0008605	11	1.71	4.01	3577	3000	2.763	2.845	True	1e+06		
2622	28	2	1.0	relu	120	40	0.0006485	9.37	2.51	4.33	1727	4000	3.463	3.631	True	1e+06		
2619	27	2	1.0	elu	120	40	0.0008471	12	4.72	4.03	2559	4000	2.451	2.479	True	1e+06		
2621	25	2	1.0	elu	120	40	0.0006519	16.1	1.55	1.86	3770	4000	2.361	2.513	True	1e+06		
2626	31	2	1.0	elu	80	40	0.0008729	13.7	1.01	2.48	3779	4000	2.928	2.693	True	1e+06		
2625	30	2	1.0	elu	120	160	0.0008276	16.2	1.66	2.3	3684	4000	2.732	2.318	True	1e+06		
2624	27	2	1.0	elu	120	40	0.0008296	9.03	2.6	4.49	2303	4000	2.422	2.374	True	1e+06		
2623	31	2	1.0	elu	120	40	0.0008589	15.1	3.81	2.89	1843	4000	2.009	1.96	True	1e+06		
2630	24	2	1.0	elu	20	40	0.0007568	10.3	3.31	3.74	896	4000	17.61	8.465	True	1e+06		
2633	24	2	1.0	elu	40	40	0.000879	10.4	1.74	3.85	3308	2000	7.026	4.786	True	1e+06		
2627	25	2	1.0	elu	120	40	0.0006814	14.5	1.59	2.89	1941	4000	2.29	2.116	True	1e+06		
2635	27	2	1.0	elu	20	40	0.0006852	7.51	3.12	4.07	791	500	6.112	5.114	True	1e+06		
2634	29	2	1.0	elu	120	80	0.001037	8.36	2.45	2.1	3511	1500	3.887	3.396	True	1e+06		
2629	31	2	1.0	relu	120	40	0.0008855	14.8	2.1	1.7	1859	4000	2.507	2.459	True	1e+06		
2628	26	2	1.0	elu	120	40	0.0007504	10.2	4.63	4.84	1926	4000	2.271	2.299	True	1e+06		
2632	25	2	1.0	elu	120	40	0.0009383	15	2.02	1.92	3995	4000	2.273	2.493	True	1e+06		
2638	30	2	1.0	elu	40	40	0.0008834	6.69	4.26	4.88	872	4000	4.643	4.282	True	1e+06		
2631	32	2	1.0	elu	120	40	0.0008315	17.1	1.16	2.52	4136	3000	2.57	2.458	True	1e+06		
2641	30	2	2.0	elu	120	40	0.0008283	12	3.57	4.38	1145	500	4.712	3.699	True	1e+06		
2636	25	2	1.0	elu	120	40	0.0009579	18.6	1.7	2.31	3559	1500	4.32	3.629	True	1e+06		
2637	26	2	2.0	elu	120	160	0.0007021	11.7	3.76	4.07	2100	4000	2.412	2.312	True	1e+06		
2639	32	2	1.0	elu	120	40	0.0008141	11.4	1.4	2.96	4539	4000	2.208	2.216	True	1e+06		
2643	28	2	2.0	elu	120	40	0.000807	10.6	3.43	4.59	2309	4000	2.104	2.035	True	1e+06		
2646	27	2	1.0	relu	120	40	0.001163	8.87	2.49	2.15	3374	2000	4.635	3.934	True	1e+06		
2645	30	2	1.0	gelu	120	40	0.0008835	14.8	2.12	2.11	4221	4000	2.364	2.363	True	1e+06		
2640	25	2	1.0	elu	120	40	0.0007708	8.7	1.72	4.48	2636	4000	2.45	2.457	True	1e+06		
2644	24	2	1.0	elu	120	40	0.0007786	8.53	1.45	3.77	3512	4000	1.988	1.96	True	1e+06		
2642	28	2	1.0	elu	120	40	0.0007349	13.9	1.71	2.53	2580	4000	2.16	2.282	True	1e+06		
2651	28	2	1.0	elu	40	40	0.0008357	12.2	3.26	3.51	895	4000	4.398	4.082	True	1e+06		
2647	29	2	2.0	relu	120	40	0.0007327	11.2	4.15	4.31	1485	4000	2.996	2.886	True	1e+06		
2649	27	2	1.0	elu	120	40	0.0009938	7.51	2.83	1.94	4635	3000	3.243	3.16	True	1e+06		
2648	30	2	2.0	elu	120	40	0.0008604	9.64	3.36	4.62	357	4000	2.192	2.159	True	1e+06		
2650	27	2	1.0	elu	120	40	0.001021	11.6	2.35	3.83	2053	4000	2.539	2.735	True	1e+06		
2653	28	2	1.0	elu	120	160	0.0008602	10.1	1.76	2.8	3719	4000	2.934	2.808	True	1e+06		
2657	29	2	1.0	elu	120	40	0.0009567	10.8	2.39	4.09	1474	1000	3.916	3.17	True	1e+06		
2654	31	2	2.0	elu	120	40	0.0008621	15.7	1.68	2.3	4454	4000	1.98	2.129	True	1e+06		
2652	31	2	1.0	elu	120	40	0.0007068	13.5	1.63	2.05	3136	4000	1.996	1.957	True	1e+06		
2656	27	2	1.0	relu	120	40	0.000748	9.29	1.89	3.49	3435	2000	3.515	3.038	True	1e+06		
2655	29	2	1.0	gelu	120	160	0.0007969	10.6	4.63	4.47	1055	4000	2.455	2.494	True	1e+06		
2662	28	2	1.0	elu	20	40	0.0006893	9.8	3.52	2.67	3032	4000	137.1	38.26	True	1e+06		
2661	30	2	1.0	elu	120	160	0.0008092	12.6	1.49	2.17	4051	4000	3.676	3.2	True	1e+06		
2663	26	2	1.0	elu	120	40	0.0008668	13.9	3.93	4.68	1278	3000	2.605	2.709	True	1e+06		
2659	26	2	2.0	elu	120	80	0.0008248	10.2	1.63	4.14	3006	4000	2.079	2.213	True	1e+06		
2658	24	2	1.0	elu	120	40	0.0007686	9.97	3.16	4.92	972	4000	2.258	2.131	True	1e+06		
2660	24	2	1.0	elu	120	40	0.0007877	6.68	5.12	4.01	985	4000	2.657	2.497	True	1e+06		
2664	29	2	1.0	elu	120	160	0.000807	11.2	3.31	4.36	2113	4000	2.638	2.65	True	1e+06		
2669	27	2	0.5	elu	40	40	0.0007761	9.87	4.05	3.69	1676	4000	5.122	4.222	True	1e+06		
2665	27	2	2.0	elu	120	40	0.000856	10.2	3.28	3.38	1525	4000	2.173	2.463	True	1e+06		
2671	28	2	1.0	elu	120	40	0.001064	13.8	2.04	2.21	4554	4000	2.678	2.784	True	1e+06		
2670	25	2	2.0	elu	120	40	0.0009465	16.3	1.59	2.24	3061	4000	2.018	2.028	True	1e+06		
2668	31	2	2.0	elu	120	80	0.0006879	9.54	3.56	4.67	913	4000	2.398	2.318	True	1e+06		
2666	29	2	1.0	elu	120	40	0.0007289	13.6	2.97	2.27	1324	4000	2.081	1.995	True	1e+06		
2673	29	2	1.0	elu	120	40	0.0007337	12.9	3.51	2.82	2809	1000	3.631	3.029	True	1e+06		
2667	29	2	1.0	gelu	120	40	0.0007044	12.1	3.62	4.59	1326	4000	2.241	2.24	True	1e+06		
2672	28	2	1.0	elu	120	40	0.0007446	13.6	3.76	2.25	4195	4000	2.546	2.542	True	1e+06		
2676	26	2	1.0	elu	120	40	0.000698	8.3	1.82	4.96	3806	4000	2.258	2.335	True	1e+06		
2674	28	2	1.0	elu	120	40	0.0009892	14.8	3.35	4.33	1751	4000	2.208	2.326	True	1e+06		
2677	31	2	1.0	elu	80	40	0.000734	9.08	3.23	3.68	1926	4000	2.678	2.678	True	1e+06		
2678	24	2	1.0	elu	120	40	0.0007075	11.4	1.78	4.73	3028	4000	2.076	2.153	True	1e+06		
2675	29	2	1.0	elu	120	40	0.0006809	13.1	2.78	1.6	2296	4000	2.371	2.298	True	1e+06		
2683	31	2	1.0	elu	40	40	0.0008454	7.42	3.52	4.19	1172	500	4.858	4.292	True	1e+06		
2679	26	2	1.0	elu	120	40	0.0007887	12.4	4.32	2.98	3423	4000	2.626	2.594	True	1e+06		
2686	32	2	1.0	elu	120	40	0.0008005	14.5	1.69	2.43	4785	1000	4.223	3.574	True	1e+06		
2680	28	2	1.0	elu	120	40	0.0008608	14.6	4.13	2.94	2919	4000	2.227	2.205	True	1e+06		
2682	26	2	1.0	relu	120	160	0.000778	15.1	1.76	2.54	2829	4000	2.741	2.452	True	1e+06		
2689	28	2	0.5	elu	120	40	0.0007615	6.66	3.26	4.42	740	1000	5.898	4.915	True	1e+06		
2684	29	2	1.0	elu	120	40	0.001005	11.3	1.74	2.41	4265	3000	2.347	2.661	True	1e+06		
2681	27	2	1.0	elu	120	40	0.0006289	10.2	2.66	4.25	1474	4000	2.328	2.283	True	1e+06		
2685	28	2	1.0	elu	120	40	0.0008165	8.89	4.31	3.76	226	4000	2.22	2.285	True	1e+06		
2688	26	2	1.0	relu	120	160	0.0007203	14.3	1.71	2.81	3940	4000	2.58	2.475	True	1e+06		
2687	26	2	1.0	elu	120	40	0.0007683	7	4.1	4.43	2603	4000	2.835	2.556	True	1e+06		
2690	25	2	1.0	elu	120	40	0.0006036	18.1	1.47	1.88	3159	4000	2.347	2.076	True	1e+06		
2692	28	2	1.0	elu	120	40	0.0007986	15.3	4.42	2.09	2485	4000	2.652	2.563	True	1e+06		
2691	28	2	1.0	elu	120	40	0.000584	11.2	3.93	3.7	2048	4000	2.365	2.615	True	1e+06		
2693	32	2	1.0	elu	120	40	0.0008158	15.9	3.4	1.94	2467	4000	2.316	2.629	True	1e+06		
2694	29	2	1.0	gelu	120	40	0.0007157	7.73	3.38	4.56	1199	4000	2.497	2.437	True	1e+06		
2695	27	2	1.0	elu	120	40	0.0006704	11.2	2.28	2.81	4077	4000	2.536	2.844	True	1e+06		
2696	29	2	1.0	elu	120	40	0.0009713	10.2	1.79	2.87	3480	4000	2.175	2.349	True	1e+06		
2701	31	2	2.0	elu	20	40	0.0007363	15.4	1.74	2.48	4368	4000	487.1	9.486	True	1e+06		
2697	29	2	1.0	elu	120	40	0.0009188	10.7	2.96	4.38	2321	4000	2.931	2.76	True	1e+06		
2698	28	2	1.0	gelu	120	40	0.0007418	13.8	1.28	2.13	3784	4000	2.1	2.17	True	1e+06		
2699	28	2	1.0	elu	120	40	0.0009571	9.03	2.12	4.75	2025	4000	2.667	2.493	True	1e+06		
2700	27	2	1.0	elu	120	40	0.0007227	11.6	3.71	3.11	958	4000	2.187	2.452	True	1e+06		
2702	25	2	1.0	elu	120	160	0.0007496	16.6	1.73	2.19	1526	4000	2.563	2.547	True	1e+06		
2706	28	2	1.0	elu	120	40	0.0007359	10.2	4.02	4.03	1147	2000	3.014	2.888	True	1e+06		
2703	27	2	1.0	gelu	120	40	0.0009127	11.2	3.73	3.81	886	4000	2.238	2.183	True	1e+06		
2708	30	2	1.0	relu	120	40	0.0006741	6.97	3.88	4.55	1352	4000	3.675	3.864	True	1e+06		
2704	30	2	1.0	elu	120	40	0.0008952	11.6	4.22	4.34	2092	4000	2.228	2.16	True	1e+06		
2705	30	2	1.0	elu	120	40	0.000756	12.6	1.11	1.88	3998	4000	2.375	2.479	True	1e+06		
2710	28	2	1.0	elu	120	160	0.0007797	10.6	1.78	3.53	3797	3000	3.608	3.55	True	1e+06		
2707	24	2	0.5	elu	120	40	0.0007656	14.4	1.64	2.57	3179	4000	3.07	2.532	True	1e+06		
2714	26	2	1.0	elu	20	40	0.0008771	10.6	1.69	4.07	3299	4000	34.7	12.84	True	1e+06		
2709	26	2	1.0	gelu	120	40	0.0008138	12	3.18	2.16	2640	4000	2.304	2.503	True	1e+06		
2713	29	2	1.0	elu	120	160	0.0007885	16.5	4.43	4.72	1312	4000	3.677	3.08	True	1e+06		
2711	29	2	1.0	elu	120	40	0.0006865	17.2	1.54	2.41	4129	3000	2.481	2.361	True	1e+06		
2717	29	2	1.0	elu	40	40	0.000694	14.7	3.81	4.3	2275	4000	5.179	4.002	True	1e+06		
2712	32	2	1.0	elu	120	40	0.0009168	12.9	3.86	3.44	1262	4000	2.815	2.828	True	1e+06		
2718	32	2	1.0	gelu	120	40	0.0008504	8.51	3.47	4.95	768	1000	3.788	3.781	True	1e+06		
2720	28	2	1.0	elu	120	40	0.0006536	12.4	3.16	2.33	2025	500	5.286	4.173	True	1e+06		
2719	30	2	1.0	elu	40	40	0.0007135	8.11	4.19	4.48	662	4000	3.674	3.415	True	1e+06		
2722	30	2	1.0	elu	40	160	0.0008848	16.1	1.45	2.4	4052	4000	115	6.935	True	1e+06		
2715	27	2	1.0	elu	120	40	0.0007207	8.04	3.27	4.89	1716	4000	2.33	2.352	True	1e+06		
2725	31	2	1.0	elu	80	80	0.0007002	9.34	3.58	4.09	1210	4000	4.598	4.186	True	1e+06		
2716	25	2	0.5	elu	120	40	0.0007306	17.1	1.27	2.19	2494	4000	2.649	2.688	True	1e+06		
2724	32	2	1.0	elu	120	40	0.0008218	14.1	4.4	3.61	2090	2000	2.591	2.884	True	1e+06		
2721	28	2	1.0	elu	120	40	0.0009238	7.22	2.18	1.87	4575	3000	2.491	2.462	True	1e+06		
2723	28	2	0.5	elu	120	40	0.0008129	10.9	1.95	2.77	3389	4000	2.681	2.578	True	1e+06		
2731	27	2	1.0	elu	120	80	0.0005719	9.17	2.48	3.86	1690	1500	4.375	3.809	True	1e+06		
2726	28	2	1.0	elu	120	40	0.0007786	16	4.15	1.83	2105	4000	2.142	2.229	True	1e+06		
2729	26	2	1.0	elu	120	40	0.001042	9.56	2.29	1.77	4514	3000	2.567	2.622	True	1e+06		
2727	26	2	1.0	elu	120	40	0.0007262	11.3	1.61	3.69	3480	4000	2.205	2.18	True	1e+06		
2728	26	2	1.0	elu	120	40	0.0007989	14.8	2.99	2.99	1250	4000	2.311	2.533	True	1e+06		
2730	31	2	1.0	elu	120	40	0.001021	11.6	1.08	2.34	3089	4000	2.228	2.424	True	1e+06		
2734	25	2	1.0	elu	120	40	0.000934	16.2	2.17	2.35	4102	4000	2.249	2.228	True	1e+06		
2733	29	2	1.0	elu	120	40	0.0006707	17.5	3.31	2.76	1613	4000	2.339	2.311	True	1e+06		
2732	31	2	1.0	elu	120	40	0.0007836	14.9	4.09	4.97	1645	4000	2.435	2.612	True	1e+06		
2736	28	2	1.0	elu	120	160	0.001235	7.75	2.67	2.07	3360	3000	2.751	2.476	True	1e+06		
2735	30	2	1.0	relu	120	40	0.0007624	9.2	4.13	4.16	1704	4000	2.563	2.794	True	1e+06		
2737	28	2	2.0	elu	120	40	0.0008716	12.2	1.88	2.36	4349	4000	2.091	1.96	True	1e+06		
2738	25	2	1.0	elu	120	80	0.0008953	10.3	2.1	4.59	2671	4000	2.203	2.528	True	1e+06		
2745	26	2	1.0	elu	20	40	0.0008655	13.7	1.61	2.44	3858	500	17.37	8.961	True	1e+06		
2744	27	2	2.0	elu	20	40	0.0007764	8.43	1.8	3.1	3856	4000	9.792	7.003	True	1e+06		
2739	27	2	1.0	elu	120	160	0.0007723	14.4	1.79	2.13	4131	4000	2.464	2.271	True	1e+06		
2746	27	2	1.0	elu	40	40	0.0008575	16.9	1.62	2.39	3514	4000	5.634	4.745	True	1e+06		
2742	31	2	1.0	elu	120	40	0.0008903	15.6	2.59	1.92	1715	4000	2.039	1.939	True	1e+06		
2740	28	2	1.0	elu	120	40	0.000702	15.1	1.5	1.88	3842	4000	2.02	2.13	True	1e+06		
2741	30	2	1.0	elu	120	40	0.0006059	10.8	2.28	3.87	1627	4000	2.424	2.249	True	1e+06		
2743	28	2	0.5	elu	120	40	0.0006121	9.5	3.25	4.29	2019	4000	3.096	3.186	True	1e+06		
2749	27	2	1.0	elu	120	40	0.0008144	15.5	1.95	1.87	2396	1500	3.836	3.641	True	1e+06		
2750	29	2	1.0	elu	120	40	0.0006052	10.6	4.81	4.56	1421	2000	2.876	2.709	True	1e+06		
2747	25	2	1.0	elu	120	40	0.001008	8.93	1.89	2.93	3803	4000	2.423	2.487	True	1e+06		
2753	24	2	1.0	elu	120	160	0.0008597	16.7	1.94	2.59	3435	3000	2.765	2.561	True	1e+06		
2748	27	2	1.0	elu	120	40	0.0008427	11.6	1.57	3.26	3133	4000	2.095	2.023	True	1e+06		
2755	30	2	1.0	elu	120	40	0.0009267	9.38	4.88	4.65	1572	4000	4.167	3.64	True	1e+06		
2758	30	2	1.0	elu	120	40	0.0008925	10.5	2.79	4.64	764	500	5.073	4.148	True	1e+06		
2751	27	2	1.0	elu	120	40	0.0006771	11	3.94	3.59	2672	4000	2.372	2.224	True	1e+06		
2756	31	2	1.0	elu	120	40	0.0009317	17	1.03	2.05	3077	4000	2.595	2.788	True	1e+06		
2752	31	2	1.0	elu	120	40	0.0007955	10.9	3.92	4.16	1182	4000	2.282	2.024	True	1e+06		
2754	29	2	1.0	gelu	120	40	0.0008377	11.9	4.32	4.94	1093	4000	2.147	2.272	True	1e+06		
2763	29	2	1.0	elu	20	40	0.0008233	10.7	3.09	4.13	1709	500	1738	43.94	True	1e+06		
2757	24	2	1.0	elu	120	40	0.0008171	9.95	4.32	3.54	1584	4000	2.425	2.289	True	1e+06		
2760	28	2	1.0	elu	120	80	0.0006865	10.3	3.92	3.5	1371	4000	2.555	2.575	True	1e+06		
2761	29	2	1.0	elu	120	40	0.0008392	15	3.53	2.59	550	4000	2.111	2.193	True	1e+06		
2759	31	2	1.0	elu	120	40	0.0007023	13.6	4.13	1.95	1463	4000	2.268	2.307	True	1e+06		
2767	27	2	1.0	elu	120	40	0.0008264	10.8	1.94	2.59	3899	500	4.143	3.681	True	1e+06		
2766	27	2	1.0	elu	120	40	0.0007325	10.7	4.74	4.21	1752	3000	2.559	2.752	True	1e+06		
2762	31	2	1.0	elu	120	40	0.0007879	18.9	1.54	2.27	4465	4000	2.138	2.274	True	1e+06		
2765	27	2	1.0	relu	120	40	0.0007871	8.85	1.7	2.59	3468	4000	2.586	2.808	True	1e+06		
2764	30	2	2.0	elu	120	40	0.0007084	14.2	1.46	2.24	4800	4000	2.113	2.423	True	1e+06		
2774	29	2	0.5	elu	120	40	0.0007809	11.8	1.13	2.64	4879	4000	5.86	4.79	True	1e+06		
2775	30	2	1.0	elu	40	40	0.000749	16.4	3.2	3.25	1636	1500	4.56	4.403	True	1e+06		
2768	27	2	1.0	elu	120	40	0.0008796	16.5	3.7	3.12	1626	4000	2.593	2.575	True	1e+06		
2769	26	2	1.0	elu	120	160	0.0006738	16.4	1.7	2.55	3434	4000	2.668	2.48	True	1e+06		
2770	25	2	1.0	elu	120	40	0.0009345	11.7	3.15	4.97	1067	4000	2.356	2.712	True	1e+06		
2771	25	2	1.0	elu	120	40	0.0008	12.3	2.54	2.23	4255	4000	2.249	2.14	True	1e+06		
2772	26	2	1.0	elu	120	40	0.0008543	12.1	3.77	2.85	3867	4000	2.341	2.221	True	1e+06		
2773	30	2	1.0	elu	120	40	0.000633	6.97	5.19	4.52	1245	4000	2.313	2.431	True	1e+06		
2776	27	2	1.0	elu	120	40	0.000869	15.8	2.71	2.42	4706	4000	2.417	2.7	True	1e+06		
2777	28	2	2.0	elu	120	80	0.0008634	13.6	4.13	4.57	1857	4000	2.437	2.345	True	1e+06		
2778	28	2	1.0	elu	80	40	0.0008126	12.8	3.35	2.79	2214	4000	2.538	2.677	True	1e+06		
2779	27	2	1.0	elu	120	40	0.0009455	10.3	1.7	3.23	3830	4000	2.078	2.045	True	1e+06		
2780	28	2	1.0	elu	120	40	0.0007698	10.1	3.28	1.88	2185	4000	2.385	2.399	True	1e+06		
2784	31	2	1.0	gelu	120	40	0.0007625	8.98	3.11	4.53	531	2000	2.639	2.609	True	1e+06		
2781	26	2	1.0	gelu	120	40	0.0007991	11.8	3.91	3.99	1963	4000	2.101	2.138	True	1e+06		
2785	26	2	1.0	elu	120	80	0.0009069	10.2	2.54	1.97	3640	3000	3.904	3.321	True	1e+06		
2782	28	2	1.0	elu	120	40	0.0009208	11	1.74	4.17	1337	4000	2.202	2.166	True	1e+06		
2783	31	2	1.0	elu	120	160	0.0006485	15.8	1.59	2.71	4189	4000	2.572	2.444	True	1e+06		
2788	27	2	1.0	elu	120	40	0.0006882	9.97	1.96	3.91	4416	1500	3.829	2.979	True	1e+06		
2786	30	2	1.0	elu	120	40	0.001082	7.01	2.07	2.13	3463	3000	2.627	2.821	True	1e+06		
2789	29	2	1.0	elu	120	40	0.0007554	12.5	1.37	2.71	4168	2000	3.045	2.713	True	1e+06		
2795	30	2	1.0	elu	40	40	0.0007914	16	1.17	2.41	4388	4000	5.061	4.04	True	1e+06		
2787	32	2	1.0	elu	120	40	0.0006852	9.28	3.05	4.98	262	4000	2.286	2.307	True	1e+06		
2791	28	2	1.0	relu	120	40	0.0009722	15.9	1.13	2.75	3328	4000	2.394	2.244	True	1e+06		
2797	28	2	1.0	elu	40	40	0.0009876	8.8	2.1	1.71	3532	3000	4.128	4.01	True	1e+06		
2790	30	2	1.0	elu	120	40	0.0008172	5.22	3.29	4.86	805	4000	2.596	2.729	True	1e+06		
2794	28	2	0.5	elu	120	40	0.0007666	6.83	4.03	4.69	1069	3000	4.927	4.07	True	1e+06		
2792	27	2	1.0	elu	120	40	0.001069	13.8	2.05	2.77	4203	4000	2.246	2.294	True	1e+06		
2793	30	2	1.0	elu	120	40	0.0007571	15.4	1.36	2.86	4786	4000	2.095	2.156	True	1e+06		
2802	27	2	1.0	elu	120	40	0.0007538	10.9	3.79	4.03	1617	1500	3.472	3.432	True	1e+06		
2796	25	2	1.0	elu	120	40	0.0008147	9.68	3.47	4.28	184	4000	2.418	2.508	True	1e+06		
2801	28	2	1.0	elu	120	40	0.0007773	14.5	1.39	2.2	3984	1500	3.464	3.186	True	1e+06		
2803	29	2	1.0	relu	120	40	0.0008598	14.9	3.42	2.17	1790	1000	3.649	3.416	True	1e+06		
2798	27	2	1.0	relu	120	40	0.0006806	10.3	3.46	4.51	1864	4000	3.025	3.026	True	1e+06		
2799	28	2	2.0	elu	120	40	0.0006998	10.9	2.14	4.82	1573	3000	2.125	2.181	True	1e+06		
2807	25	2	1.0	elu	120	40	0.0007521	8.06	1.83	3.91	3582	500	4.947	4.847	True	1e+06		
2808	26	2	1.0	elu	40	40	0.000738	11.6	3.6	3.47	2287	4000	4.667	4.078	True	1e+06		
2804	25	2	1.0	elu	120	40	0.0008402	12.4	3.77	4.67	2017	2000	2.694	2.799	True	1e+06		
2805	27	2	1.0	elu	40	40	0.0008095	14.9	1.96	2.62	4539	4000	4.48	4.285	True	1e+06		
2800	32	2	1.0	elu	120	40	0.0007645	15	4.36	3.07	898	4000	2.255	2.113	True	1e+06		
2813	28	2	1.0	elu	120	40	0.0007442	7.43	4.04	3.62	1471	500	4.854	4.018	True	1e+06		
2812	28	2	0.5	elu	40	40	0.0007363	9.41	4.17	4.63	1739	3000	5.808	8.717	True	1e+06		
2816	29	2	1.0	elu	120	40	0.0008738	15	1.96	2.76	3477	1000	4.443	3.751	True	1e+06		
2809	29	2	1.0	elu	120	40	0.0007093	13.8	1.6	2.62	5460	3000	2.292	2.335	True	1e+06		
2806	30	2	1.0	elu	120	40	0.0006469	15	4.03	4.39	1865	4000	2.252	2.152	True	1e+06		
2814	27	2	1.0	elu	80	40	0.0006705	13.2	2.19	1.88	1885	4000	2.395	2.344	True	1e+06		
2810	31	2	0.5	elu	120	40	0.0007606	18.8	4.15	3.63	1851	4000	2.58	2.702	True	1e+06		
2819	29	2	1.0	elu	20	40	0.0008499	14.3	1.53	2.16	4852	4000	19.16	9.464	True	1e+06		
2817	28	2	1.0	relu	120	40	0.00081	8.82	2.86	2	3598	3000	3.305	3.12	True	1e+06		
2811	31	2	1.0	elu	120	40	0.0007666	12	2.09	2.37	4404	4000	2.282	2.118	True	1e+06		
2815	27	2	1.0	elu	120	40	0.0008087	6.27	3.48	3.81	1765	4000	2.272	2.576	True	1e+06		
2821	27	2	1.0	elu	120	40	0.0007778	10.1	1.99	3.31	4393	1500	3.105	3.152	True	1e+06		
2818	26	2	1.0	elu	120	40	0.000675	9.43	3.33	4.8	681	4000	2.489	2.487	True	1e+06		
2823	27	2	1.0	elu	80	40	0.0009191	12.3	3.19	4.58	2024	4000	2.549	2.69	True	1e+06		
2820	25	2	1.0	elu	120	40	0.0009556	12.8	2.2	4.45	3884	4000	2.091	2.101	True	1e+06		
2822	32	2	1.0	elu	120	80	0.0007846	9.03	3.64	4.03	368	4000	2.639	2.649	True	1e+06		
2824	26	2	1.0	elu	120	40	0.0009386	10.3	1.95	2.65	3604	4000	2.13	2.239	True	1e+06		
2825	23	2	1.0	elu	120	40	0.0008171	8.14	1.83	4.66	3771	4000	2.445	2.438	True	1e+06		
2832	28	2	1.0	elu	120	40	0.0007865	9.86	2.07	3.97	2033	500	5.62	4.185	True	1e+06		
2826	26	2	1.0	gelu	120	40	0.0007563	10.8	4	4.62	1495	4000	2.327	2.316	True	1e+06		
2827	25	2	1.0	elu	120	80	0.0005903	11	2.62	4.71	1760	4000	2.591	2.527	True	1e+06		
2830	27	2	1.0	elu	120	40	0.0007619	15	1.75	2.16	2606	2000	2.652	2.994	True	1e+06		
2828	27	2	1.0	elu	120	40	0.0006851	8.96	1.44	2.87	3223	4000	2.093	1.875	True	1e+06		
2829	29	2	1.0	elu	120	40	0.0007221	10.1	3.76	4.35	1111	4000	2.292	2.259	True	1e+06		
2831	27	2	1.0	elu	120	80	0.0007776	18.2	1.26	2.03	3684	4000	2.338	2.354	True	1e+06		
2834	25	2	1.0	elu	120	80	0.0008419	6.66	3.33	4.6	938	4000	2.4	2.441	True	1e+06		
2836	28	2	1.0	elu	80	40	0.001006	9.52	2.36	4.17	1429	4000	2.49	2.481	True	1e+06		
2835	27	2	1.0	elu	120	160	0.0007634	9.08	4.39	3.4	1688	4000	2.943	2.649	True	1e+06		
2833	27	2	1.0	elu	120	40	0.000635	15	1.45	2.63	4422	4000	2.431	2.393	True	1e+06		
2838	29	2	1.0	relu	120	40	0.0008274	18.1	1.3	2.69	4128	4000	2.59	2.544	True	1e+06		
2837	27	2	1.0	relu	120	40	0.0007931	12.9	1.83	2.49	4563	4000	2.705	2.496	True	1e+06		
2839	26	2	1.0	elu	120	40	0.0007901	10.7	4.46	3.67	1448	3000	2.544	2.726	True	1e+06		
2841	28	2	1.0	elu	120	40	0.0009539	7.07	4.69	4.98	673	4000	2.44	2.571	True	1e+06		
2844	26	2	1.0	elu	120	40	0.000756	10.9	3.96	4.45	1051	1500	4.453	3.653	True	1e+06		
2842	26	2	1.0	elu	120	40	0.0007668	8.88	1.95	2.04	4164	3000	2.439	2.362	True	1e+06		
2847	25	2	1.0	elu	40	40	0.0008625	10.2	2.09	4.06	3448	1000	4.318	3.799	True	1e+06		
2845	30	2	1.0	gelu	120	40	0.0008526	8.98	4.17	4.73	1762	2000	2.814	2.784	True	1e+06		
2840	28	2	1.0	elu	120	40	0.001044	17.2	1.93	2.91	3065	4000	2.205	2.257	True	1e+06		
2843	29	2	1.0	elu	120	40	0.0007159	8.9	3.22	4.44	916	4000	2.198	2.261	True	1e+06		
2850	25	2	1.0	elu	20	40	0.0006994	7.3	3.87	3.8	671	4000	10.99	8.26	True	1e+06		
2853	30	2	0.5	elu	120	40	0.0008163	13.1	1.33	2.29	4673	500	4.696	4.161	True	1e+06		
2851	28	2	2.0	elu	40	40	0.0008489	6.66	3.84	4.65	448	4000	3.861	3.863	True	1e+06		
2848	29	2	1.0	elu	120	40	0.0008767	11	3.62	3.45	1199	4000	2.551	2.622	True	1e+06		
2846	26	2	1.0	elu	120	160	0.0008922	6.91	1.83	4.57	3199	4000	2.966	2.623	True	1e+06		
2852	27	2	1.0	elu	80	40	0.0007133	15.4	1.41	2.84	3662	4000	2.521	2.534	True	1e+06		
2856	26	2	1.0	relu	120	40	0.0008745	13.9	1.97	4.24	4120	4000	2.889	3.437	True	1e+06		
2849	31	2	1.0	elu	120	40	0.0008033	14.5	4.3	3.31	2576	4000	2.405	2.694	True	1e+06		
2854	26	2	1.0	elu	120	40	0.001031	15.4	1.5	2.27	1764	4000	2.061	2.363	True	1e+06		
2855	29	2	1.0	gelu	120	80	0.0007616	14	1.04	2.8	3941	4000	2.374	2.263	True	1e+06		
2860	25	2	1.0	elu	120	160	0.0007527	8.46	3.97	4.6	1584	4000	3.371	2.948	True	1e+06		
2857	30	2	1.0	elu	120	40	0.0008896	11.3	4.17	4.18	762	4000	2.39	2.403	True	1e+06		
2859	27	2	1.0	elu	120	160	0.0008139	14.2	3.59	4.28	1673	4000	2.723	2.456	True	1e+06		
2858	28	2	1.0	elu	120	40	0.001097	15.9	1.46	2.17	4528	4000	2.146	1.985	True	1e+06		
2861	27	2	1.0	elu	120	40	0.001034	10	2.72	1.91	3694	3000	2.379	2.597	True	1e+06		
2862	24	2	1.0	elu	120	40	0.0007736	16.1	2.09	2.26	2482	4000	2.469	2.522	True	1e+06		
2864	31	2	1.0	elu	120	80	0.0007082	15.5	1.44	2.72	4104	3000	3.133	2.749	True	1e+06		
2869	28	2	1.0	elu	120	40	0.0007439	9.7	3.54	4.19	1787	500	5.947	4.593	True	1e+06		
2868	27	2	1.0	elu	80	40	0.0006887	13	1.5	2.34	3370	4000	2.67	2.529	True	1e+06		
2863	29	2	2.0	elu	120	40	0.0007573	8.84	3.91	4.73	551	4000	2.071	2.143	True	1e+06		
2866	30	2	1.0	elu	120	40	0.001003	12.7	3.6	2.78	2961	4000	2.198	2.127	True	1e+06		
2865	31	2	1.0	elu	120	40	0.0007365	16.1	4.24	3.87	2766	4000	2.114	2.172	True	1e+06		
2867	28	2	1.0	elu	120	40	0.0008188	11.3	3.18	2.73	2584	4000	2.644	2.597	True	1e+06		
2873	26	2	1.0	elu	20	80	0.0007288	15.2	1.81	2.72	3401	4000	83.68	14.01	True	1e+06		
2874	27	2	1.0	elu	120	40	0.0007735	6.01	3.46	4.77	1602	2000	2.784	2.983	True	1e+06		
2875	26	2	1.0	elu	80	160	0.0008387	15.3	1.82	2.32	3651	4000	3.627	3.496	True	1e+06		
2871	24	2	0.5	elu	120	40	0.0008911	17.9	1.74	1.89	2930	4000	2.527	2.281	True	1e+06		
2870	31	2	1.0	elu	120	80	0.0008486	14.5	1.36	2.43	3747	4000	2.261	2.267	True	1e+06		
2872	28	2	1.0	elu	120	40	0.0009796	17	1.28	2.66	3893	4000	1.983	2.214	True	1e+06		
2876	25	2	1.0	gelu	120	40	0.0007249	14.1	1.93	2.31	4971	4000	2.237	2.346	True	1e+06		
2877	28	2	1.0	elu	120	40	0.0007411	15.4	2.6	2.47	1645	4000	2.328	2.841	True	1e+06		
2878	29	2	1.0	elu	120	40	0.000862	8.41	2.76	3.72	1050	4000	2.476	2.543	True	1e+06		
2882	28	2	1.0	elu	80	40	0.0007029	13.8	1.78	2.52	4576	4000	2.332	2.088	True	1e+06		
2879	27	2	1.0	elu	120	40	0.0005428	11	3.57	4.01	2746	4000	2.385	2.419	True	1e+06		
2880	24	2	1.0	elu	120	40	0.000714	16.2	1.4	2.72	3522	4000	2.074	2.23	True	1e+06		
2881	24	2	1.0	elu	120	40	0.0007893	19.8	1.33	2.43	1605	4000	2.111	2.145	True	1e+06		
2889	30	2	1.0	relu	20	40	0.0007868	6.53	4.02	4.43	797	4000	6.496	6.035	True	1e+06		
2884	30	2	1.0	elu	120	160	0.0007918	10.5	2.19	4.98	1823	4000	2.887	2.488	True	1e+06		
2883	28	2	1.0	elu	120	40	0.000864	17.5	1.73	2.8	1882	4000	2.123	2.236	True	1e+06		
2888	28	2	1.0	elu	120	160	0.0007929	13.6	2.06	1.99	4423	4000	2.313	2.335	True	1e+06		
2885	31	2	1.0	elu	120	160	0.0006691	12.8	3.11	3.9	1755	4000	2.883	2.551	True	1e+06		
2886	28	2	1.0	gelu	120	40	0.000722	17.6	1.59	2.53	3290	4000	2.048	2.103	True	1e+06		
2893	27	2	1.0	gelu	120	40	0.0008852	9.91	3.65	4.47	1546	500	3.713	3.721	True	1e+06		
2887	29	2	1.0	elu	120	40	0.0008682	13.7	3.47	1.86	736	4000	2.47	2.434	True	1e+06		
2897	24	2	1.0	elu	40	40	0.0009519	12.3	2.07	4.48	3242	4000	3.882	3.582	True	1e+06		
2890	28	2	2.0	elu	120	40	0.0006208	12.6	3.07	4.36	1381	4000	1.958	1.967	True	1e+06		
2892	28	2	0.5	elu	120	40	0.00109	14.1	1.66	2.31	3960	4000	3.001	2.993	True	1e+06		
2891	26	2	1.0	elu	120	40	0.0008323	9.21	4.43	3.98	1551	4000	2.537	2.819	True	1e+06		
2899	28	2	1.0	elu	40	40	0.0008442	12.6	3.41	4.71	1283	3000	3.586	3.022	True	1e+06		
2896	28	2	1.0	elu	120	160	0.0006804	11.7	1.89	3.34	3913	4000	3.592	2.863	True	1e+06		
2894	30	2	1.0	elu	120	40	0.0008132	12.5	2.43	2.21	3357	4000	2.53	2.463	True	1e+06		
2902	25	2	0.5	elu	120	40	0.0007885	9.92	3.66	3.91	1117	1500	4.188	3.57	True	1e+06		
2895	29	2	1.0	elu	120	40	0.0007748	7.59	3.76	3.57	228	4000	2.412	2.499	True	1e+06		
2906	28	2	1.0	elu	120	40	0.0007341	16.9	3.77	1.97	2888	1000	3.649	3.127	True	1e+06		
2898	26	2	1.0	elu	120	40	0.0008859	9.89	4.32	4.32	202	4000	2.465	2.67	True	1e+06		
2901	25	2	1.0	elu	120	40	0.0008868	15.4	1.89	2.52	1483	4000	2.297	2.387	True	1e+06		
2903	25	2	1.0	elu	120	40	0.0006543	9.58	3.55	4.01	1103	4000	2.278	2.247	True	1e+06		
2904	29	2	1.0	elu	120	40	0.001241	14.4	1.43	2.57	4291	4000	2.308	2.502	True	1e+06		
2900	29	2	1.0	elu	120	40	0.0009069	10.6	3.77	3.84	2648	4000	2.215	2.476	True	1e+06		
2905	28	2	1.0	gelu	120	40	0.000884	13.8	1.27	2.12	3761	4000	2.027	2.188	True	1e+06		
2910	28	2	1.0	elu	20	40	0.0008831	8.67	3.92	4.32	1711	4000	26.17	32.88	True	1e+06		
2907	32	2	1.0	elu	120	40	0.0009188	12.1	3.16	4.15	1030	4000	2.315	2.252	True	1e+06		
2912	29	2	1.0	elu	120	80	0.0007209	13	3.37	4.45	1558	4000	4.463	3.754	True	1e+06		
2908	28	2	1.0	elu	120	80	0.000925	15.4	1.19	2.22	3735	4000	2.26	2.279	True	1e+06		
2909	26	2	1.0	elu	120	40	0.0008605	7.73	3.54	3.55	849	4000	2.493	2.432	True	1e+06		
2914	28	2	1.0	elu	120	40	0.001073	8.87	2.8	2.06	3651	2000	2.841	2.619	True	1e+06		
2911	26	2	1.0	elu	120	160	0.0008053	14.7	1.85	2.81	3242	4000	2.713	2.544	True	1e+06		
2917	26	2	1.0	gelu	120	40	0.00075	7.7	4.74	4.18	1085	1500	3.005	3.301	True	1e+06		
2918	28	2	1.0	elu	20	40	0.0007822	15.4	2.1	2.5	4490	1500	20.89	12.58	True	1e+06		
2915	27	2	1.0	elu	120	40	0.0006728	4.69	3.95	3.97	1113	4000	3.724	3.613	True	1e+06		
2919	31	2	1.0	elu	120	40	0.0007562	9.2	2.82	3.85	1398	1500	2.881	2.723	True	1e+06		
2913	29	2	1.0	elu	120	40	0.0006578	11.4	1.72	2.75	3287	4000	2.233	2.291	True	1e+06		
2916	26	2	1.0	elu	120	40	0.0008531	8.16	2.19	4.54	2945	4000	2.527	2.356	True	1e+06		
2922	29	2	1.0	elu	80	80	0.0008109	9.45	3.25	4.11	385	4000	3.148	3.218	True	1e+06		
2924	27	2	1.0	relu	120	40	0.0009217	7.94	2.56	4.12	1860	1500	3.109	3.234	True	1e+06		
2920	31	2	1.0	elu	120	40	0.0008535	8.93	3.67	3.37	585	4000	2.24	2.445	True	1e+06		
2921	31	2	1.0	elu	120	40	0.0009088	8.06	4.55	4.41	1205	3000	2.942	2.868	True	1e+06		
2925	24	2	2.0	elu	120	40	0.0007266	17.5	1.9	2.78	3546	4000	2.22	2.394	True	1e+06		
2923	29	2	1.0	elu	120	40	0.0007897	16.1	1.43	2.19	1534	4000	2.294	2.217	True	1e+06		
2932	25	2	1.0	elu	120	40	0.0008898	9.37	1.51	3.84	3905	500	3.912	3.667	True	1e+06		
2927	27	2	1.0	elu	120	40	0.001187	10.1	2.15	2.07	3320	3000	2.485	2.349	True	1e+06		
2926	32	2	1.0	elu	120	40	0.0006893	13.2	1.3	2.12	4564	4000	2.107	2.238	True	1e+06		
2928	30	2	1.0	elu	120	40	0.0009346	14.9	1.26	1.9	3772	4000	2.132	2.451	True	1e+06		
2930	26	2	1.0	elu	120	40	0.0009681	12.6	1.08	2.33	3988	4000	2.153	2.351	True	1e+06		
2929	24	2	1.0	elu	120	40	0.0007144	19	1.7	1.88	3753	4000	2.233	2.287	True	1e+06		
2936	28	2	1.0	elu	40	40	0.0009442	10.3	3.71	3.87	896	4000	5.178	4.087	True	1e+06		
2938	25	2	1.0	elu	40	40	0.0008608	17	1.47	2.16	3539	4000	3.829	3.451	True	1e+06		
2934	30	2	1.0	elu	80	40	0.0007559	15.7	3.99	3.68	1652	4000	2.41	2.286	True	1e+06		
2931	31	2	1.0	elu	120	40	0.0007705	10.6	1.52	2.48	3259	4000	2.212	2.276	True	1e+06		
2939	30	2	1.0	elu	120	40	0.0007315	8.61	3.26	4.63	401	1000	3.528	3.048	True	1e+06		
2942	27	2	1.0	elu	40	40	0.0007268	9.61	3.65	4.22	903	3000	5.572	5.165	True	1e+06		
2933	30	2	0.5	elu	120	40	0.0007163	9.39	4.11	4.26	2032	4000	2.772	2.605	True	1e+06		
2935	25	2	1.0	elu	120	40	0.000724	6.71	3.3	4.17	289	4000	2.367	2.471	True	1e+06		
2944	30	2	1.0	elu	120	40	0.0008658	15.9	1.63	2.06	3534	1000	3.516	3.508	True	1e+06		
2943	29	2	1.0	elu	120	40	0.0008696	13.7	3.6	2.61	2680	1500	3.233	2.806	True	1e+06		
2937	31	2	0.5	elu	120	40	0.0006184	16.6	3.72	3.65	1235	4000	3.963	3.428	True	1e+06		
2948	27	2	1.0	elu	120	40	0.000816	14.9	3.01	2.19	2404	500	6.146	4.681	True	1e+06		
2947	27	2	1.0	elu	20	40	0.0009271	14.9	2.53	2.13	4783	4000	12.2	9.849	True	1e+06		
2940	28	2	1.0	elu	120	40	0.0009098	10.9	2.25	2.04	1875	4000	2.36	2.413	True	1e+06		
2941	29	2	2.0	elu	120	40	0.0009182	5.77	4.31	3.81	1387	4000	2.295	2.428	True	1e+06		
2945	30	2	0.5	elu	120	40	0.0008624	9.52	3.5	4.8	1771	4000	3.017	3.027	True	1e+06		
2946	29	2	1.0	relu	120	40	0.0007699	9.06	3.2	3.74	1755	4000	2.547	2.743	True	1e+06		
2951	28	2	1.0	elu	120	40	0.0008944	18.9	1.41	2.85	3760	2000	2.39	2.176	True	1e+06		
2950	25	2	1.0	elu	120	40	0.001057	7.69	1.65	4.2	2926	4000	2.445	2.415	True	1e+06		
2952	25	2	1.0	gelu	120	40	0.0007775	7.33	3.34	4.26	716	3000	2.553	2.524	True	1e+06		
2949	30	2	1.0	relu	120	40	0.0008674	11.6	3.3	4.42	912	4000	2.662	2.989	True	1e+06		
2953	26	2	1.0	relu	120	40	0.0009959	9.89	1.82	4.48	3376	4000	2.544	2.591	True	1e+06		
2956	25	2	1.0	elu	120	40	0.0007235	13.9	2.51	2.5	3782	1500	4.611	3.797	True	1e+06		
2958	29	2	1.0	relu	120	40	0.0008528	13.1	3.09	2.92	1737	4000	4.461	4.502	True	1e+06		
2955	30	2	1.0	elu	120	40	0.0009449	10	3.97	4.9	1705	4000	3.146	2.922	True	1e+06		
2960	31	2	1.0	elu	120	40	0.0009595	8.28	3.51	4.25	1307	1500	3.268	2.826	True	1e+06		
2954	29	2	2.0	elu	120	40	0.0006792	7.58	4.27	3.82	1966	4000	2.077	2.141	True	1e+06		
2957	25	2	1.0	elu	120	40	0.0007387	12.6	2.07	2.18	4339	4000	2.351	2.369	True	1e+06		
2964	27	2	1.0	elu	20	40	0.0007411	7.12	3.3	3.84	1462	4000	1.701e+04	242.2	True	1e+06		
2959	29	2	1.0	elu	120	40	0.0008635	10.8	1.08	2.19	3359	4000	2.425	2.562	True	1e+06		
2963	30	2	2.0	relu	120	40	0.0007176	13	3.8	3.36	1003	4000	2.718	2.703	True	1e+06		
2961	27	2	1.0	elu	120	40	0.0008628	9.79	1.39	3.55	4494	4000	2.424	2.383	True	1e+06		
2962	28	2	1.0	elu	120	40	0.000931	9.32	3.59	4.65	1325	4000	2.376	2.431	True	1e+06		
2966	28	2	1.0	elu	120	40	0.0008037	9.15	2.55	1.63	3825	3000	2.596	2.535	True	1e+06		
2970	27	2	1.0	elu	20	40	0.0006748	7.69	4.24	3.74	1568	4000	39.87	10.84	True	1e+06		
2965	26	2	1.0	elu	120	40	0.0008299	13.1	1.38	1.98	3727	4000	2.098	2.093	True	1e+06		
2969	27	2	1.0	elu	120	40	0.0006639	15	1.61	2.61	3893	3000	2.473	2.537	True	1e+06		
2967	29	2	1.0	elu	120	40	0.0008662	17	4.44	3.15	1659	4000	2.203	2.261	True	1e+06		
2968	27	2	1.0	elu	120	40	0.0007437	9.27	1.36	3.49	3582	4000	2.133	2.325	True	1e+06		
2971	29	2	1.0	elu	120	40	0.0007003	11.7	1.23	2.28	3317	4000	2.157	2.511	True	1e+06		
2972	29	2	1.0	elu	120	40	0.0008093	8.28	2.04	4.83	913	4000	2.221	2.45	True	1e+06		
2976	31	2	1.0	gelu	120	40	0.0008105	9.85	3.58	4.78	90	1000	3.318	3.317	True	1e+06		
2973	23	2	1.0	elu	120	40	0.0007045	20	1.24	2.33	3146	4000	2.327	2.361	True	1e+06		
2974	29	2	2.0	elu	120	40	0.001014	11.5	1.27	2.42	3704	4000	2.092	2.039	True	1e+06		
2979	29	2	1.0	elu	40	40	0.0007245	8.15	3.92	4.06	1989	4000	3.738	3.169	True	1e+06		
2975	28	2	1.0	elu	120	40	0.0007618	7.94	2.96	3.77	801	4000	2.218	2.218	True	1e+06		
2977	28	2	1.0	elu	120	80	0.0007813	10.5	1.72	3.91	4021	4000	2.488	2.434	True	1e+06		
2980	27	2	1.0	relu	120	40	0.0007023	9.83	2.2	3.65	3417	4000	2.929	2.498	True	1e+06		
2981	23	2	1.0	elu	120	40	0.0006792	9.03	1.65	4.22	3275	4000	2.358	2.73	True	1e+06		
2978	32	2	1.0	elu	120	40	0.0008128	16.7	3.84	3.22	2265	4000	2.285	2.38	True	1e+06		
2986	30	2	1.0	elu	80	40	0.0006674	10.7	3.32	4.3	2022	500	6.3	4.769	True	1e+06		
2985	29	2	1.0	elu	120	40	0.0007591	6.03	5.13	3.96	1134	2000	3.487	3.346	True	1e+06		
2982	29	2	1.0	elu	120	80	0.0007745	9.73	2.86	4.9	70	4000	2.534	2.568	True	1e+06		
2984	29	2	1.0	elu	80	40	0.0007591	9.92	3.59	4.62	1650	4000	2.709	2.637	True	1e+06		
2983	31	2	1.0	relu	120	40	0.0007192	12.2	3.13	4.9	711	4000	2.441	2.678	True	1e+06		
2987	27	2	1.0	elu	120	40	0.0006837	8.37	3.74	3.16	1029	2000	3.292	3.048	True	1e+06		
2989	27	2	1.0	elu	120	40	0.0009997	6.74	2.49	2.43	4086	3000	2.3	2.35	True	1e+06		
2990	28	2	1.0	elu	120	80	0.0006431	6.55	3.88	4.62	830	4000	2.932	2.973	True	1e+06		
2988	26	2	1.0	elu	120	40	0.0007447	13.1	1.65	2.2	1908	4000	2.038	1.947	True	1e+06		
2991	30	2	1.0	gelu	120	80	0.000804	13.4	1.62	2.25	4559	4000	2.424	2.267	True	1e+06		
2992	24	2	0.5	elu	120	40	0.0007864	10.9	1.73	4.07	4350	4000	2.394	2.643	True	1e+06		
2996	27	2	1.0	elu	120	40	0.001037	10.8	4.07	3.6	1377	500	4.442	3.618	True	1e+06		
2993	29	2	1.0	elu	120	40	0.0007486	16.4	1.54	2.13	2372	4000	2.074	1.989	True	1e+06		
2997	26	2	1.0	elu	20	40	0.0007861	7.58	2.49	1.9	3957	3000	7.196	5.371	True	1e+06		
2999	31	2	2.0	elu	120	40	0.0007719	11.8	3.64	4.16	415	500	4.951	3.986	True	1e+06		
2994	28	2	1.0	elu	120	40	0.0008084	12.9	3.6	4.72	3082	4000	3.108	2.819	True	1e+06		
3000	27	2	0.5	elu	120	40	0.0009935	9.11	2.51	2.23	3735	2000	3.447	3.298	True	1e+06		
2995	28	2	1.0	elu	120	40	0.0008908	7.88	4.12	3.2	769	4000	2.213	2.161	True	1e+06		
2998	27	2	1.0	elu	120	80	0.0006983	12.2	2.95	2.61	2618	4000	2.569	2.657	True	1e+06		
3003	25	2	0.5	elu	80	40	0.0007259	7.9	3.47	4.57	1195	4000	3.117	2.906	True	1e+06		
3005	30	2	1.0	elu	120	40	0.001099	16	1.41	2.37	3224	2000	2.824	2.793	True	1e+06		
3002	25	2	1.0	elu	120	40	0.0006638	13	1.59	2.42	2373	4000	2.32	2.219	True	1e+06		
3001	30	2	1.0	elu	120	40	0.0006931	12.7	1.14	2.36	2709	4000	2.17	2.301	True	1e+06		
3004	28	2	1.0	elu	120	160	0.001056	8.87	2.24	1.93	3224	3000	2.691	2.432	True	1e+06		
3006	30	2	1.0	elu	80	160	0.0007127	13.7	1.28	2.46	3612	4000	4.977	4.354	True	1e+06		
3007	26	2	1.0	elu	120	40	0.0007519	12.1	2.37	2.54	4049	4000	2.339	2.184	True	1e+06		
3009	24	2	1.0	elu	120	40	0.0007487	8.55	4.75	4.43	803	4000	2.491	2.6	True	1e+06		
3008	32	2	1.0	elu	120	40	0.0008438	12.5	3.25	3.73	2019	4000	2.409	2.542	True	1e+06		
3012	22	2	1.0	elu	120	40	0.0008792	12.9	1.71	4.33	3229	4000	2.269	2.075	True	1e+06		
3010	30	2	1.0	elu	120	40	0.0006438	10.3	4.69	3.68	1313	4000	2.343	2.473	True	1e+06		
3011	32	2	0.5	elu	120	40	0.0007442	10.7	2.48	4.97	833	4000	2.762	2.824	True	1e+06		
3013	29	2	1.0	elu	120	40	0.0007067	9.6	2.71	4.09	2356	4000	2.381	2.029	True	1e+06		
3019	28	2	1.0	elu	120	40	0.000905	13.4	3.2	2.36	804	4000	4.699	3.826	True	1e+06		
3014	27	2	0.5	elu	120	40	0.0008621	12.2	1.71	3.02	3918	4000	2.814	2.42	True	1e+06		
3016	27	2	1.0	elu	120	160	0.0008798	6.2	4.13	4.33	579	4000	2.731	2.619	True	1e+06		
3015	31	2	1.0	elu	120	160	0.0007831	8.13	3.89	4.28	647	4000	3.623	2.716	True	1e+06		
3021	31	2	1.0	elu	120	40	0.0008066	13.2	3.29	3.07	1491	1500	3.578	2.905	True	1e+06		
3023	27	2	0.5	elu	120	40	0.0008026	14.2	2.3	1.71	1854	1000	3.748	3.216	True	1e+06		
3018	29	2	0.5	gelu	120	40	0.0008143	10.5	4.27	4.07	1755	4000	2.39	2.395	True	1e+06		
3017	28	2	1.0	elu	120	40	0.0006414	11.6	5.05	4.29	2494	4000	2.389	2.515	True	1e+06		
3022	28	2	1.0	elu	120	40	0.0008528	16.8	1.49	2.13	2170	2000	3.269	2.932	True	1e+06		
3020	26	2	1.0	elu	120	40	0.0007111	9.83	3.02	3.77	1145	4000	2.337	2.222	True	1e+06		
3028	32	2	0.5	elu	120	40	0.0009229	9.52	3.63	4.47	1338	4000	4.044	3.624	True	1e+06		
3029	28	2	1.0	elu	40	160	0.0006833	6.78	3.77	4.05	1567	4000	4.666	4.435	True	1e+06		
3026	28	2	1.0	elu	120	40	0.0007664	8.95	2.7	2.34	3853	3000	2.586	2.704	True	1e+06		
3025	24	2	1.0	elu	120	40	0.0007284	11.6	4.79	4.71	1036	4000	2.38	2.266	True	1e+06		
3024	28	2	1.0	elu	120	40	0.0007633	11.2	1.64	2.75	3476	4000	2.079	2.252	True	1e+06		
3035	30	2	1.0	elu	40	40	0.0008352	10.1	3.19	4.58	559	1500	11.74	11.03	True	1e+06		
3027	31	2	1.0	elu	120	40	0.0006863	14.4	3.2	3.58	1509	4000	2.315	2.357	True	1e+06		
3030	30	2	1.0	elu	120	40	0.000797	15.5	5.25	3.56	1575	4000	2.164	2.204	True	1e+06		
3032	31	2	1.0	elu	120	40	0.0007088	6.34	3.31	4.66	271	4000	2.683	2.715	True	1e+06		
3037	27	2	1.0	elu	120	40	0.0008267	15.1	2.02	2.16	4738	1000	4.123	3.776	True	1e+06		
3039	26	2	1.0	elu	40	40	0.0007696	12.8	3.06	3.98	3172	4000	4.195	4.248	True	1e+06		
3038	27	2	1.0	relu	120	40	0.00101	12	3.6	4.27	1897	4000	3.11	3.403	True	1e+06		
3033	28	2	1.0	elu	120	40	0.0007855	12.9	4.34	2.39	1346	4000	2.207	2.105	True	1e+06		
3031	30	2	1.0	elu	120	40	0.0009132	8.16	3.41	4.69	1243	4000	2.398	2.705	True	1e+06		
3034	29	2	1.0	elu	120	40	0.000918	10.3	2.95	4.64	1613	4000	2.308	2.522	True	1e+06		
3036	26	2	0.5	elu	120	40	0.0007833	13.1	3.2	3.18	2983	4000	2.46	2.379	True	1e+06		
3042	29	2	1.0	elu	80	80	0.0008853	12.3	3.58	4.08	1473	4000	4.061	3.955	True	1e+06		
3043	28	2	1.0	elu	80	40	0.0008006	8.74	5.16	4.25	1130	4000	2.845	3.493	True	1e+06		
3041	26	2	1.0	elu	120	160	0.0007976	11.5	2.86	4.4	1636	4000	2.663	2.455	True	1e+06		
3047	28	2	1.0	elu	120	40	0.0007182	14.3	1.48	2.76	3972	1500	3.768	2.971	True	1e+06		
3040	30	2	2.0	elu	120	40	0.0006891	10.5	2.63	4.79	979	4000	2.091	2.192	True	1e+06		
3044	29	2	1.0	elu	120	40	0.0007643	8.8	2.02	4.12	1450	4000	2.324	2.346	True	1e+06		
3045	27	2	1.0	elu	120	40	0.0008196	11.3	1.59	2.44	4505	4000	2.183	2.165	True	1e+06		
3046	26	2	1.0	elu	120	160	0.0006499	11.6	2.51	4.31	1687	4000	2.93	2.385	True	1e+06		
3051	29	2	1.0	elu	120	40	0.000773	14.2	3.54	3.7	729	1500	3.333	3.088	True	1e+06		
3054	26	2	1.0	elu	20	40	0.0007952	12.2	2.33	2.93	3576	4000	15.22	9.767	True	1e+06		
3048	30	2	1.0	elu	120	40	0.0007391	12	2.39	4.9	2018	3000	2.28	2.254	True	1e+06		
3050	26	2	1.0	gelu	120	40	0.0009478	12.5	3.93	3.29	1731	4000	2.283	2.265	True	1e+06		
3049	29	2	1.0	elu	120	40	0.0007525	15.5	3.71	2.61	2019	4000	2.449	2.686	True	1e+06		
3052	25	2	1.0	elu	120	80	0.00078	12	2.07	4.36	3269	4000	2.861	2.721	True	1e+06		
3056	30	2	1.0	elu	120	160	0.0008374	9.01	4.26	4.57	1222	1500	4.541	3.668	True	1e+06		
3058	29	2	1.0	elu	40	40	0.0007446	13.8	1.27	2.42	3084	4000	8.574	4.835	True	1e+06		
3055	27	2	1.0	elu	120	160	0.0008282	8.19	1.88	3.97	4292	4000	2.542	2.188	True	1e+06		
3053	29	2	1.0	gelu	120	40	0.0007453	8.72	1.55	3.12	3619	4000	2.273	2.296	True	1e+06		
3060	26	2	1.0	relu	80	40	0.0009204	12.1	1.68	4.24	3482	4000	2.725	3.016	True	1e+06		
3057	23	2	2.0	elu	120	40	0.00082	11.2	2.21	3.53	4175	4000	2.063	2.122	True	1e+06		
3065	26	2	1.0	elu	40	40	0.0007694	13.8	1.94	2.45	3445	4000	5.276	4.668	True	1e+06		
3059	25	2	1.0	elu	120	40	0.0007856	9.29	2.34	2.93	4179	4000	2.563	2.479	True	1e+06		
3067	28	2	1.0	elu	120	40	0.0008243	14.4	1.55	2.36	3592	500	5.082	3.819	True	1e+06		
3061	24	2	1.0	elu	120	40	0.0007004	15.6	3.9	3.61	1533	4000	2.302	2.276	True	1e+06		
3068	29	2	1.0	relu	120	40	0.0006999	15.5	3.54	4.04	1900	500	4.339	4.45	True	1e+06		
3064	31	2	1.0	elu	120	160	0.0007224	16.5	2.65	2.19	1986	4000	2.563	2.415	True	1e+06		
3063	28	2	1.0	elu	120	160	0.0006821	8.25	3.64	4.23	1698	4000	3.014	2.717	True	1e+06		
3062	28	2	1.0	elu	120	40	0.0008401	15.2	4.83	3.95	1295	4000	2.097	2.304	True	1e+06		
3069	25	2	1.0	elu	120	40	0.0006685	16.4	1.62	2.73	4231	4000	3.377	2.934	True	1e+06		
3075	26	2	1.0	elu	120	40	0.0007639	8.08	1.85	2.76	3483	1000	4.325	3.991	True	1e+06		
3066	29	2	0.5	elu	120	40	0.0007461	9.65	3.1	3.14	2364	4000	3.337	3.204	True	1e+06		
3071	28	2	1.0	elu	120	40	0.0007252	8.43	4.33	4.02	1059	4000	2.231	2.001	True	1e+06		
3070	28	2	1.0	elu	120	40	0.0008731	15	3.88	4.77	751	4000	2.21	2.177	True	1e+06		
3073	29	2	1.0	elu	120	40	0.0005837	10	2.77	4.59	1020	4000	2.54	2.461	True	1e+06		
3078	28	2	1.0	elu	120	40	0.0007564	18.9	1.81	2.54	3370	500	4.949	4.087	True	1e+06		
3072	24	2	0.5	elu	120	40	0.0007997	12.5	3.97	4.93	1370	4000	3.139	2.965	True	1e+06		
3074	24	2	1.0	elu	120	40	0.0007934	13.7	2.38	3.79	4262	4000	2.393	2.371	True	1e+06		
3079	28	2	1.0	elu	40	40	0.0008118	13.8	1.88	2.25	3015	4000	272.5	11.18	True	1e+06		
3082	27	2	1.0	elu	20	40	0.0008767	10.9	2.38	3.97	1425	500	12.39	9.875	True	1e+06		
3076	29	2	2.0	elu	120	40	0.0007359	16.8	4.71	3.77	1612	4000	2.155	2.087	True	1e+06		
3080	26	2	1.0	relu	120	40	0.001112	7.79	1.97	1.89	3588	3000	2.494	2.496	True	1e+06		
3081	27	2	1.0	elu	120	40	0.001025	14.2	2.02	2.02	3991	2000	3.805	2.594	True	1e+06		
3077	27	2	1.0	elu	120	40	0.0007712	15.2	1.68	2.07	3639	4000	1.974	1.901	True	1e+06		
3084	29	2	1.0	elu	120	80	0.0008318	10.1	2.74	4.05	2533	4000	3.54	3.269	True	1e+06		
3087	27	2	1.0	elu	40	40	0.0008197	10.3	3.12	4.08	1288	2000	3.884	3.829	True	1e+06		
3089	30	2	1.0	elu	20	40	0.0007774	16.5	3.57	2.12	1299	4000	15.54	7.7	True	1e+06		
3083	28	2	1.0	elu	120	160	0.000787	12.3	2.53	1.94	2627	4000	2.73	2.566	True	1e+06		
3085	28	2	1.0	gelu	120	40	0.0007742	9.83	1.94	4.38	2198	4000	2.099	2.273	True	1e+06		
3086	29	2	1.0	elu	120	40	0.0006321	5.91	4.18	3.96	1086	4000	2.361	2.381	True	1e+06		
3088	30	2	1.0	gelu	120	40	0.0008165	17.6	1.28	2.36	4452	4000	2.172	2.115	True	1e+06		
3090	26	2	1.0	elu	120	40	0.0007568	10.5	2.04	4.87	4110	4000	2.352	2.471	True	1e+06		
3092	26	2	1.0	relu	120	40	0.000789	7.48	1.97	3.84	4214	4000	2.546	2.722	True	1e+06		
3091	29	2	1.0	elu	120	40	0.0008025	5.59	4.92	3.76	387	4000	2.31	2.271	True	1e+06		
3093	25	2	1.0	elu	120	40	0.0007431	11.5	2.46	4.03	3773	4000	2.726	2.878	True	1e+06		
3095	27	2	1.0	gelu	80	40	0.000701	12.2	3.8	4.03	1772	4000	2.681	2.691	True	1e+06		
3094	31	2	0.5	elu	120	40	0.0008827	12.4	1	2.21	4225	4000	2.859	2.899	True	1e+06		
3096	25	2	1.0	elu	80	40	0.0007475	15.6	1.6	2.09	2442	4000	2.733	2.682	True	1e+06		
3100	25	2	1.0	elu	120	40	0.0008371	12.2	1.94	3.01	3495	1000	3.656	3.179	True	1e+06		
3104	27	2	1.0	elu	120	40	0.001014	10.3	2.42	2.03	3190	1500	2.665	2.489	True	1e+06		
3097	32	2	1.0	elu	120	40	0.0008093	7.58	3.77	4.6	984	4000	2.398	2.458	True	1e+06		
3098	27	2	1.0	elu	120	40	0.0008904	9.2	2	3.98	2084	4000	2.21	2.482	True	1e+06		
3106	25	2	1.0	elu	80	40	0.0006764	19.7	1.86	2.31	3627	1000	3.799	3.256	True	1e+06		
3099	27	2	1.0	gelu	120	40	0.0007626	12.2	2.77	3.91	1818	4000	2.227	2.322	True	1e+06		
3101	29	2	1.0	elu	120	40	0.0008074	12.3	2.85	3.34	821	4000	2.232	2.244	True	1e+06		
3103	27	2	1.0	elu	120	40	0.0008204	10.7	1.83	3.37	3633	4000	2.623	2.392	True	1e+06		
3102	27	2	1.0	elu	120	40	0.0006979	12.2	2.03	4.33	978	4000	2.094	2.204	True	1e+06		
3105	30	2	2.0	elu	120	40	0.0007414	11	3.27	4.74	1492	3000	2.298	2.601	True	1e+06		
3110	28	2	1.0	elu	120	40	0.0009699	7.05	1.83	2.23	4527	3000	2.414	2.371	True	1e+06		
3107	27	2	1.0	elu	120	40	0.0008518	9.4	3.18	3.89	2431	4000	2.255	2.107	True	1e+06		
3114	29	2	1.0	elu	120	40	0.000872	15.1	2.48	2.15	3997	500	4.012	3.302	True	1e+06		
3109	28	2	1.0	elu	120	40	0.0008985	9.84	3.67	2.34	2594	4000	2.405	2.385	True	1e+06		
3108	31	2	1.0	gelu	120	40	0.0007588	8.21	3.74	4.79	575	4000	2.283	2.423	True	1e+06		
3112	26	2	1.0	elu	120	40	0.0009028	14.6	1.39	2.17	2050	4000	2.221	2.474	True	1e+06		
3111	29	2	1.0	elu	120	40	0.0007513	10.9	1.74	4.45	3950	4000	2.383	2.278	True	1e+06		
3115	27	2	1.0	elu	80	40	0.001102	7.23	1.84	2.31	3396	3000	2.905	2.802	True	1e+06		
3113	32	2	1.0	elu	120	40	0.000716	11.6	1.29	2.08	3756	4000	2.147	2.219	True	1e+06		
3117	30	2	1.0	relu	120	40	0.001037	14.3	1.47	2.63	3121	4000	2.587	2.537	True	1e+06		
3116	28	2	1.0	elu	120	40	0.0008663	14.3	3.34	2.79	1013	3000	2.455	2.387	True	1e+06		
3118	29	2	1.0	elu	120	40	0.0009632	12.5	3.81	4.09	1287	4000	2.55	2.494	True	1e+06		
3119	27	2	1.0	elu	120	40	0.000682	12.2	3.78	3.49	4447	4000	2.219	2.139	True	1e+06		
3120	27	2	1.0	gelu	120	40	0.0007998	10.8	2.1	3.89	1635	4000	2.204	2.086	True	1e+06		
3121	30	2	1.0	elu	120	40	0.0008304	8.7	3.2	3.81	1876	3000	2.76	2.744	True	1e+06		
3124	28	2	1.0	elu	120	40	0.0009207	10.8	2.23	2.52	4504	4000	2.499	2.529	True	1e+06		
3122	29	2	1.0	elu	120	40	0.0007801	14.8	2.24	2.27	1508	4000	2.118	2.172	True	1e+06		
3126	27	2	1.0	elu	120	160	0.000877	11.6	2.18	2.79	3554	2000	4.259	3.183	True	1e+06		
3123	28	2	1.0	elu	120	40	0.0006155	16.5	2.01	2.19	2186	4000	2.28	2.092	True	1e+06		
3129	26	2	1.0	elu	120	40	0.0008539	12.2	1.81	4.54	3195	1500	3.594	3.135	True	1e+06		
3131	25	2	1.0	elu	20	40	0.001095	11.1	1.81	3.78	4198	4000	15.87	10.63	True	1e+06		
3127	26	2	1.0	relu	120	40	0.0009443	14.7	1.48	2.43	3886	4000	2.752	3.032	True	1e+06		
3125	30	2	1.0	elu	120	40	0.0007711	10.2	4	3.39	1175	4000	2.426	2.551	True	1e+06		
3128	28	2	1.0	elu	120	40	0.0008559	11.9	3.29	2.89	4717	4000	2.558	2.581	True	1e+06		
3130	27	2	1.0	elu	120	40	0.001078	7.57	2.94	2.2	4092	3000	2.719	2.876	True	1e+06		
3132	27	2	1.0	elu	120	40	0.0006922	12.1	1.49	2.45	4325	4000	2.566	2.622	True	1e+06		
3134	29	2	1.0	relu	120	40	0.0008463	16.4	3.74	3.71	915	4000	2.756	3.004	True	1e+06		
3133	25	2	1.0	elu	120	40	0.000631	10.5	3.48	3.81	2116	4000	2.304	2.356	True	1e+06		
3138	26	2	1.0	elu	120	160	0.0006992	11.8	1.68	2.99	3826	4000	3.994	3.43	True	1e+06		
3135	26	2	1.0	gelu	120	80	0.0006526	9.88	3.06	4.17	1926	4000	2.602	2.63	True	1e+06		
3136	30	2	1.0	elu	120	40	0.001117	7.29	2.75	2.49	3505	3000	2.346	2.591	True	1e+06		
3137	25	2	1.0	gelu	120	40	0.0008767	8.9	2.13	3.2	3417	4000	2.294	2.274	True	1e+06		
3139	25	2	1.0	elu	120	40	0.0008176	10.9	2.64	2.33	3647	4000	2.358	2.372	True	1e+06		
3145	28	2	1.0	elu	40	160	0.000834	7.27	4.46	3.98	1037	4000	4.378	3.879	True	1e+06		
3140	30	2	1.0	elu	120	40	0.0006731	12.7	2.07	2.85	3419	4000	2.153	2.143	True	1e+06		
3142	25	2	1.0	elu	120	40	0.0006066	12.5	3	4.91	1752	4000	2.33	2.244	True	1e+06		
3143	27	2	1.0	elu	120	40	0.0007296	9.93	3.13	3.02	1755	4000	2.471	2.509	True	1e+06		
3141	30	2	1.0	elu	120	40	0.0007755	10.1	1.45	2.41	4929	4000	2.488	2.433	True	1e+06		
3144	32	2	1.0	elu	120	40	0.0006541	16	4.13	2.87	1150	4000	2.265	2.603	True	1e+06		
3147	30	2	1.0	elu	80	40	0.0007585	15.3	4.06	2.9	1211	4000	3.083	3.118	True	1e+06		
3150	24	2	1.0	elu	40	40	0.0008835	7.81	2.95	3.87	850	4000	3.59	3.241	True	1e+06		
3146	28	2	0.5	elu	120	40	0.0007354	19.3	1.62	2.62	3823	4000	3.76	3.38	True	1e+06		
3152	26	2	1.0	elu	120	40	0.000868	9	3.05	2.02	4561	1500	2.936	2.95	True	1e+06		
3153	27	2	1.0	elu	120	40	0.0008575	10.3	1.63	3.73	2812	1500	3.365	3.002	True	1e+06		
3149	25	2	0.5	elu	120	40	0.0008103	8.9	3.47	3.89	1596	4000	3.74	3.178	True	1e+06		
3151	23	2	2.0	elu	120	40	0.0007526	12.8	1.58	2.53	4171	4000	2.085	2.008	True	1e+06		
3148	29	2	1.0	elu	120	40	0.0008603	10.3	3.38	4.95	539	4000	2.382	2.36	True	1e+06		
3154	32	2	1.0	elu	120	40	0.0007257	9.75	3.58	4.22	2112	4000	2.409	2.38	True	1e+06		
3161	26	2	1.0	elu	120	40	0.0006363	7.75	3.51	3.75	799	500	5.696	4.56	True	1e+06		
3155	26	2	1.0	elu	120	40	0.000922	15.3	2.88	4.38	1115	4000	2.177	2.042	True	1e+06		
3157	30	2	1.0	relu	120	80	0.0007231	14.1	1.65	2.46	5002	4000	2.615	2.695	True	1e+06		
3156	27	2	1.0	elu	120	40	0.0008818	9.86	2.99	2.91	1304	4000	2.431	2.552	True	1e+06		
3160	25	2	1.0	elu	120	40	0.0008054	15.7	1.64	3.55	3611	4000	2.211	2.093	True	1e+06		
3164	27	2	1.0	elu	20	160	0.0006736	9.38	4.06	4.36	1460	4000	14.55	8.49	True	1e+06		
3159	29	2	1.0	elu	120	40	0.0008007	12	2.43	4.08	2083	4000	2.35	2.352	True	1e+06		
3158	30	2	1.0	elu	120	40	0.0009102	10.4	4.7	3.97	1819	4000	2.285	2.35	True	1e+06		
3169	27	2	1.0	elu	120	40	0.0007881	9.13	3.76	3.86	988	500	5.352	4.328	True	1e+06		
3163	29	2	1.0	elu	120	160	0.0006832	10.3	2.74	4.74	1552	4000	3.134	2.872	True	1e+06		
3162	32	2	1.0	elu	120	40	0.0007073	14.1	1.28	2.79	4607	4000	2.275	2.152	True	1e+06		
3171	30	2	1.0	elu	80	40	0.0007407	16.5	1.68	2.74	3921	1500	4.889	4.387	True	1e+06		
3165	29	2	1.0	elu	120	40	0.000891	11.3	3.7	2.76	1399	4000	2.085	2.226	True	1e+06		
3170	32	2	1.0	elu	120	40	0.0006828	9.7	2.92	4.95	979	2000	3.075	2.585	True	1e+06		
3168	28	2	2.0	elu	120	40	0.0008104	9.53	4.13	3.44	1948	4000	2.361	2.378	True	1e+06		
3166	27	2	1.0	gelu	120	40	0.0008591	11.7	2.81	3.45	3133	4000	2.3	2.565	True	1e+06		
3167	29	2	1.0	gelu	120	40	0.0009301	17.8	1.62	2.48	2919	4000	2.114	2.055	True	1e+06		
3175	27	2	1.0	elu	120	80	0.0008623	11.1	2.26	4.19	1920	2000	3.097	3.005	True	1e+06		
3172	31	2	1.0	relu	120	40	0.0007115	10.4	2.37	4.37	1890	4000	2.604	2.416	True	1e+06		
3174	26	2	1.0	elu	120	40	0.0009982	10.6	1.93	2.43	4159	4000	2.162	2.256	True	1e+06		
3173	28	2	1.0	elu	120	40	0.0007204	9.68	3.27	4.77	424	4000	2.258	2.496	True	1e+06		
3182	26	2	1.0	elu	120	40	0.0009039	9.77	3.28	4.42	573	500	6.926	5.356	True	1e+06		
3176	26	2	1.0	elu	120	80	0.0007955	19.3	2.02	2.05	3443	4000	2.278	2.446	True	1e+06		
3179	28	2	1.0	elu	120	40	0.0006662	13.3	4.11	4.29	2119	2000	3.033	2.925	True	1e+06		
3177	29	2	2.0	elu	120	40	0.0006693	10.9	3.98	3.96	2054	4000	2.098	2.557	True	1e+06		
3183	30	2	1.0	elu	120	40	0.0008685	10.5	1.68	2.03	4743	500	5.371	4.256	True	1e+06		
3178	28	2	1.0	elu	120	40	0.0007604	15.9	3.39	3.99	2173	4000	2.354	2.581	True	1e+06		
3181	25	2	1.0	elu	120	40	0.0007922	10.1	2.08	3.29	4135	2000	2.853	2.868	True	1e+06		
3180	27	2	1.0	elu	120	160	0.0007417	7.63	4.04	4.99	1574	4000	2.698	2.582	True	1e+06		
3184	27	2	1.0	elu	120	40	0.0008519	16	1.35	2.48	4374	4000	2.276	2.297	True	1e+06		
3185	26	2	1.0	elu	120	40	0.0009752	11.9	2.43	3.87	1207	4000	2.214	2.221	True	1e+06		
3187	29	2	0.5	elu	120	40	0.0008889	18.2	1.48	2.41	3935	4000	2.752	2.931	True	1e+06		
3186	31	2	1.0	elu	120	40	0.0008524	16.1	3.26	1.69	1942	4000	2.32	2.278	True	1e+06		
3188	26	2	1.0	elu	80	40	0.0007834	12	1.81	4.71	3638	4000	2.503	2.137	True	1e+06		
3189	29	2	1.0	elu	120	40	0.0006467	11.9	3.11	2.81	1440	4000	2.299	1.958	True	1e+06		
3192	28	2	1.0	elu	120	40	0.0007564	11.5	2.31	2.78	1140	4000	3.892	3.264	True	1e+06		
3195	28	2	1.0	elu	120	40	0.0006708	14.5	1.98	1.98	1884	1000	3.817	3.35	True	1e+06		
3196	27	2	1.0	elu	120	40	0.0008307	13.9	1.74	2.58	4953	1000	3.603	3.219	True	1e+06		
3190	26	2	1.0	gelu	120	40	0.0008455	7.54	4.09	4.69	1016	4000	2.405	2.545	True	1e+06		
3191	30	2	1.0	elu	120	40	0.000822	13.6	3.62	4.16	1354	3000	2.55	2.715	True	1e+06		
3193	30	2	1.0	elu	120	40	0.0008883	13	2.33	1.95	2655	2000	2.599	2.409	True	1e+06		
3194	27	2	2.0	elu	120	40	0.0008702	15.5	2.06	2.94	3345	4000	2.124	2.277	True	1e+06		
3198	27	2	1.0	elu	120	40	0.0008172	10.8	3.96	2.49	2327	1500	3.402	3.194	True	1e+06		
3199	29	2	1.0	elu	120	80	0.0008706	8.49	2.52	1.93	3597	3000	3.078	2.844	True	1e+06		
3200	26	2	1.0	elu	80	40	0.0007533	8.49	3.69	4.35	787	4000	2.656	2.546	True	1e+06		
3197	29	2	1.0	elu	120	80	0.0009856	12.8	1.61	2.07	3948	4000	2.361	2.496	True	1e+06		
3204	29	2	1.0	elu	120	40	0.0008867	6.98	3.88	4.6	839	3000	2.346	2.191	True	1e+06		
3201	28	2	1.0	elu	120	40	0.0008609	12.2	1.23	1.98	3146	4000	2.191	1.938	True	1e+06		
3203	26	2	1.0	elu	120	40	0.0009374	15.5	1.7	2.87	3357	4000	2.195	2.209	True	1e+06		
3202	25	2	1.0	elu	120	40	0.0007079	6.89	5	4.65	776	4000	2.441	2.49	True	1e+06		
3208	27	2	1.0	elu	120	80	0.00101	8.72	2.61	2.02	4516	1500	3.331	2.952	True	1e+06		
3207	27	2	1.0	relu	80	40	0.0008137	9.37	2.2	4.54	1491	4000	2.67	2.685	True	1e+06		
3205	26	2	1.0	gelu	120	40	0.0006838	6.78	3.2	3.71	879	4000	2.343	2.308	True	1e+06		
3206	26	2	1.0	elu	120	40	0.0005814	9.35	2.29	4.27	958	4000	2.366	2.005	True	1e+06		
3213	26	2	2.0	elu	120	40	0.0007273	9.24	4.05	4.06	676	1500	2.64	2.758	True	1e+06		
3212	27	2	1.0	elu	120	40	0.0006354	8.12	4.33	4.58	902	2000	3.937	3.166	True	1e+06		
3209	30	2	1.0	elu	120	40	0.0007973	15.6	1.94	2.45	2179	4000	2.251	2.206	True	1e+06		
3211	26	2	1.0	gelu	120	40	0.0008729	11.6	1.5	4.43	4428	4000	2.263	2.239	True	1e+06		
3210	30	2	1.0	elu	120	40	0.0007714	13.6	1.94	4.24	1403	4000	2.249	2.497	True	1e+06		
3216	28	2	1.0	relu	120	160	0.0007139	14.1	1.21	2.46	3546	4000	3.069	2.642	True	1e+06		
3214	32	2	1.0	elu	120	40	0.000822	6.1	4.63	4.82	577	4000	2.27	2.29	True	1e+06		
3218	30	2	1.0	relu	120	40	0.0007283	12.9	3.64	3.91	814	4000	2.822	2.993	True	1e+06		
3215	27	2	1.0	elu	120	40	0.0008577	12.7	1.02	1.93	4622	4000	2.036	2.136	True	1e+06		
3222	30	2	1.0	elu	40	40	0.0007527	11.3	5.08	3.8	2189	4000	4.775	4.079	True	1e+06		
3223	30	2	1.0	elu	20	40	0.0009133	11.1	3.51	4.6	166	4000	13.36	7.996	True	1e+06		
3221	31	2	0.5	elu	120	40	0.0007104	12.4	3.18	3.56	1770	2000	5.484	5.197	True	1e+06		
3217	29	2	1.0	elu	120	40	0.0007639	11.5	3.66	3.48	3069	4000	2.209	2.237	True	1e+06		
3219	29	2	1.0	elu	120	40	0.0007042	12.2	3.25	2.05	1018	4000	2.374	2.324	True	1e+06		
3220	26	2	1.0	elu	120	40	0.0007045	12.5	1.75	2.68	3608	4000	2.378	2.327	True	1e+06		
3226	26	2	1.0	elu	40	40	0.0008172	10.4	2.25	4.25	4294	4000	4.634	3.693	True	1e+06		
3230	26	2	1.0	elu	120	40	0.0007247	14.5	1.39	1.95	3867	500	5.096	3.976	True	1e+06		
3225	26	2	1.0	elu	120	40	0.001002	8.99	2.34	4.11	2694	4000	2.722	2.788	True	1e+06		
3224	25	2	1.0	elu	120	40	0.0006297	11.2	3.98	4.81	1278	4000	2.127	2.245	True	1e+06		
3228	29	2	1.0	elu	120	40	0.000816	13.2	3.52	2.11	1330	4000	2.399	2.492	True	1e+06		
3231	23	2	1.0	elu	120	40	0.0008522	13.2	1.52	2.66	3282	4000	2.21	2.324	True	1e+06		
3227	26	2	1.0	elu	120	40	0.0008645	7.97	3.84	4.79	536	4000	2.471	2.271	True	1e+06		
3229	27	2	1.0	elu	120	40	0.0008311	14.2	3.09	1.96	2787	4000	2.177	2.415	True	1e+06		
3234	26	2	1.0	elu	80	160	0.0008025	8.24	3.97	4.04	1281	4000	4.939	4.5	True	1e+06		
3232	29	2	1.0	elu	120	40	0.0007434	15.2	3.31	2.16	2601	4000	2.474	2.36	True	1e+06		
3233	29	2	1.0	elu	120	160	0.0009008	12.9	1.67	2.52	3617	3000	3.771	2.851	True	1e+06		
3237	24	2	1.0	elu	40	40	0.0007612	17.4	1.55	2.45	3142	4000	9.031	5.255	True	1e+06		
3240	28	2	1.0	elu	40	40	0.0007924	14	1.92	2.72	3947	3000	4.463	4	True	1e+06		
3243	30	2	1.0	elu	120	40	0.0006232	10.7	3.2	4.49	2783	1000	3.576	3.464	True	1e+06		
3238	26	2	1.0	elu	120	40	0.0008741	16.1	2.23	2.38	4625	3000	2.692	2.626	True	1e+06		
3235	27	2	1.0	elu	120	40	0.0007916	15.6	1.57	3.3	4267	4000	2.04	2.387	True	1e+06		
3236	27	2	0.5	elu	120	40	0.0009299	13.1	1.53	2.58	3246	4000	2.802	2.618	True	1e+06		
3239	29	2	1.0	elu	80	40	0.0009005	12	2.92	2.22	2237	4000	2.475	2.653	True	1e+06		
3242	27	2	1.0	elu	120	40	0.000897	14.3	4.09	2.76	2065	4000	2.119	2.234	True	1e+06		
3241	27	2	1.0	gelu	120	40	0.0007353	10.8	2.93	4.25	1451	4000	2.29	2.241	True	1e+06		
3247	30	2	0.5	elu	120	40	0.0007908	11.4	3.08	4.54	1053	1500	3.999	3.17	True	1e+06		
3244	30	2	1.0	elu	120	40	0.0007701	14.2	1.55	2.61	4867	2000	2.609	2.805	True	1e+06		
3248	27	2	1.0	gelu	120	160	0.0007351	14.2	1.73	2.36	3411	4000	3	2.835	True	1e+06		
3246	25	2	1.0	relu	120	40	0.0007657	7.26	3.69	4.61	196	4000	2.789	2.758	True	1e+06		
3245	28	2	1.0	elu	120	40	0.0005531	11.6	4.07	4.1	1011	4000	2.446	2.372	True	1e+06		
3249	31	2	1.0	relu	120	40	0.0008838	9.75	2.68	3.85	2009	4000	2.703	2.735	True	1e+06		
3256	29	2	1.0	elu	120	40	0.0007077	10.6	4.57	4.83	2558	1500	3.869	3.603	True	1e+06		
3250	26	2	1.0	elu	120	40	0.0007336	7.41	3.63	3.49	304	4000	2.565	2.434	True	1e+06		
3251	26	2	1.0	elu	120	40	0.0007289	17.2	1.8	3.24	3002	4000	2.134	2.263	True	1e+06		
3253	29	2	0.5	elu	120	40	0.0009165	13.3	1.22	2.82	3442	4000	2.398	2.491	True	1e+06		
3257	30	2	1.0	elu	20	40	0.000857	12.6	3.08	1.72	2265	4000	81.83	21.27	True	1e+06		
3252	28	2	2.0	elu	120	40	0.0006865	15.6	2.05	2.78	4010	4000	2.012	2.124	True	1e+06		
3259	27	2	1.0	elu	120	40	0.0008449	14.6	1.15	2.86	3390	500	5.26	4.607	True	1e+06		
3255	30	2	1.0	elu	120	80	0.001028	16.4	1.53	2.54	3159	4000	2.054	2.615	True	1e+06		
3260	25	2	2.0	elu	120	40	0.0007006	8.69	3.8	4.52	1522	2000	2.674	2.643	True	1e+06		
3254	31	2	1.0	elu	120	40	0.0007178	5.59	3.4	4.37	888	4000	2.35	2.327	True	1e+06		
3263	29	2	1.0	elu	120	40	0.0007925	16.2	1.03	2.19	3897	2000	2.513	2.41	True	1e+06		
3258	30	2	1.0	elu	80	40	0.0006139	12.7	1.97	2.4	4815	4000	2.684	2.338	True	1e+06		
3261	29	2	1.0	elu	120	40	0.0008029	9.7	1.27	4.01	3653	4000	2.536	2.671	True	1e+06		
3262	29	2	1.0	elu	120	40	0.000603	18.3	2.77	1.82	1795	4000	2.309	2.457	True	1e+06		
3264	25	2	1.0	gelu	120	80	0.0008776	11.3	3.39	4.97	1551	4000	2.349	2.603	True	1e+06		
3266	27	2	1.0	elu	120	40	0.0009456	6.52	4.33	4.45	1010	4000	2.464	2.627	True	1e+06		
3267	27	2	1.0	relu	120	40	0.0007742	13.5	1.98	2.84	3149	4000	2.416	2.524	True	1e+06		
3265	26	2	1.0	elu	120	40	0.0007059	19.4	1.88	2.33	5587	4000	2.175	2.283	True	1e+06		
3271	31	2	1.0	elu	40	40	0.0008229	15.1	2.52	1.89	2234	4000	3.655	3.05	True	1e+06		
3269	28	2	1.0	relu	120	40	0.0007056	14.4	3.03	3.13	2620	4000	2.734	2.732	True	1e+06		
3275	27	2	1.0	elu	120	40	0.0008605	8.09	1.66	2.59	3616	500	6.215	4.604	True	1e+06		
3268	27	2	1.0	elu	120	40	0.0009142	13.1	4.89	4.21	1922	4000	2.37	2.385	True	1e+06		
3276	28	2	1.0	elu	120	40	0.000793	9.3	3.05	3.92	1310	1000	4.735	3.752	True	1e+06		
3270	27	2	1.0	relu	120	40	0.0009567	9.8	4	3.51	1592	4000	2.646	2.752	True	1e+06		
3272	31	2	1.0	elu	120	40	0.0009564	7.01	4.43	4.63	1079	4000	2.674	2.947	True	1e+06		
3273	29	2	0.5	elu	120	40	0.0007972	11.8	2.86	4.38	467	4000	3.14	2.93	True	1e+06		
3274	26	2	1.0	elu	120	40	0.0007502	11.4	2.27	3.66	1084	4000	2.029	1.959	True	1e+06		
3277	26	2	1.0	elu	120	80	0.0008931	17.3	1.6	1.99	3429	4000	2.686	3.009	True	1e+06		
3281	27	2	0.5	elu	120	80	0.000731	10.7	3.02	2.56	1657	4000	5.644	4.507	True	1e+06		
3278	30	2	1.0	relu	120	40	0.0006489	8.34	3.08	4.59	1414	4000	2.857	2.763	True	1e+06		
3279	23	2	1.0	elu	120	40	0.00069	7.91	4.39	3.73	576	4000	2.558	2.51	True	1e+06		
3280	28	2	1.0	relu	120	40	0.0008803	6.56	3.56	4.63	1052	4000	2.524	2.618	True	1e+06		
3287	31	2	1.0	gelu	20	40	0.0007652	13.8	3.52	4.46	1557	4000	5.174	4.475	True	1e+06		
3284	28	2	1.0	gelu	80	40	0.0008709	10.4	1.62	3.46	3398	4000	2.669	2.849	True	1e+06		
3283	31	2	1.0	relu	80	40	0.0006719	11.5	3.85	4.72	1073	4000	2.69	2.451	True	1e+06		
3285	25	2	2.0	elu	120	40	0.0007365	16.3	1.65	2.29	2910	2000	2.421	2.401	True	1e+06		
3289	29	2	1.0	elu	40	40	0.0007194	12.4	3.34	4.83	832	2000	4.764	3.941	True	1e+06		
3290	29	2	1.0	elu	20	40	0.0009764	16.2	1.67	2.24	3442	4000	37.95	7.96	True	1e+06		
3282	30	2	1.0	elu	120	40	0.0008175	8.21	4.79	4.81	1444	4000	2.5	2.592	True	1e+06		
3286	25	2	1.0	elu	120	160	0.0007211	9.93	2.98	4.68	1934	4000	3.335	2.669	True	1e+06		
3292	28	2	1.0	elu	20	40	0.0007468	10	4.48	3.55	2386	4000	108.5	25.1	True	1e+06		
3291	32	2	1.0	elu	120	40	0.0009303	8.25	2.76	4.54	642	2000	3.029	3.15	True	1e+06		
3288	30	2	2.0	elu	120	40	0.0009226	15.9	4.28	3.85	1188	4000	2.158	2.189	True	1e+06		
3299	26	2	1.0	elu	20	40	0.0007846	8.8	4.11	3.66	1089	4000	9.712	7.372	True	1e+06		
3294	25	2	2.0	elu	120	160	0.0007751	9.27	1.53	3.15	3581	4000	2.579	2.328	True	1e+06		
3293	26	2	1.0	elu	120	40	0.0006947	7.3	4.63	4.07	552	4000	2.344	2.406	True	1e+06		
3302	26	2	1.0	elu	120	40	0.0009142	14.4	1.89	2.18	2965	500	5.776	4.812	True	1e+06		
3295	31	2	1.0	elu	120	160	0.0008	15.4	4.39	3.8	1643	4000	2.788	2.471	True	1e+06		
3296	31	2	1.0	elu	120	40	0.0006591	14.2	1.84	2.6	4486	4000	2.097	2.303	True	1e+06		
3297	29	2	1.0	relu	120	40	0.0008302	14.3	3.46	3.02	3762	4000	2.213	2.161	True	1e+06		
3298	29	2	1.0	elu	120	40	0.000792	10.1	2.82	2.41	2960	4000	2.329	2.337	True	1e+06		
3305	29	2	1.0	elu	80	160	0.0006811	12.3	3.61	4.19	1736	4000	4.726	4.189	True	1e+06		
3307	28	2	1.0	elu	40	160	0.0008953	8.8	3.65	4.34	968	4000	232.8	12.67	True	1e+06		
3300	30	2	1.0	elu	120	40	0.0007944	7	2.94	4.3	983	4000	2.236	2.104	True	1e+06		
3301	30	2	1.0	elu	120	40	0.0007832	9.93	4.73	3.86	752	4000	2.308	2.152	True	1e+06		
3303	26	2	1.0	elu	120	80	0.0008141	15.7	2.08	1.81	4599	4000	2.301	2.431	True	1e+06		
3304	28	2	1.0	elu	120	40	0.0007414	10.6	3.44	3.78	2533	4000	2.296	2.278	True	1e+06		
3309	31	2	1.0	elu	120	40	0.00089	13	2.79	4.95	302	1500	3.422	3.16	True	1e+06		
3314	25	2	1.0	elu	40	40	0.0009501	18.8	1.82	2.23	2920	4000	4.193	3.593	True	1e+06		
3312	27	2	1.0	elu	120	40	0.000735	10.6	2.76	4.11	2617	1500	4.102	3.529	True	1e+06		
3306	27	2	0.5	elu	120	40	0.0007578	10.4	1.7	4.94	3821	4000	2.921	2.775	True	1e+06		
3308	29	2	1.0	gelu	120	40	0.0009771	7.74	2.67	2.1	4393	3000	2.347	2.18	True	1e+06		
3311	29	2	1.0	elu	120	40	0.0007373	8.85	4.06	4.72	985	3000	2.66	2.679	True	1e+06		
3310	25	2	1.0	elu	120	40	0.0007539	11.7	3.41	2.23	996	4000	2.456	2.203	True	1e+06		
3319	30	2	1.0	elu	120	40	0.0008497	13.6	1.25	2.21	3476	500	4.966	3.871	True	1e+06		
3316	30	2	1.0	elu	120	80	0.0008585	12.3	4.07	3.42	2026	2000	3.697	3.137	True	1e+06		
3313	27	2	1.0	elu	120	80	0.0008681	16	1.9	2.35	3276	4000	2.503	2.616	True	1e+06		
3322	28	2	1.0	elu	120	160	0.0008532	12.3	3.84	4.31	2199	500	7.234	6.113	True	1e+06		
3315	30	2	1.0	gelu	80	40	0.0006127	10.8	4.22	4.2	1054	4000	2.619	2.829	True	1e+06		
3320	27	2	1.0	elu	20	40	0.0007827	13.6	3.19	4.04	1798	4000	14.06	12.67	True	1e+06		
3321	27	2	1.0	elu	120	40	0.0005996	18.1	1.5	2.67	4135	4000	4.644	3.632	True	1e+06		
3326	26	2	1.0	elu	120	40	0.0007497	14.6	2.01	2.27	3983	1000	4.025	3.375	True	1e+06		
3318	28	2	1.0	elu	120	40	0.00113	16.7	1.05	2.5	3475	4000	2.064	1.909	True	1e+06		
3317	31	2	1.0	elu	120	40	0.001092	13.7	1.45	3	3641	4000	2.481	2.887	True	1e+06		
3324	27	2	1.0	elu	120	40	0.0007927	18.3	1.42	2.3	3600	2000	2.408	2.402	True	1e+06		
3329	29	2	1.0	elu	120	40	0.0008932	6.89	2.36	2.38	3637	500	5.661	4.55	True	1e+06		
3330	27	2	1.0	elu	120	160	0.0007458	14.7	2.1	2.33	3450	500	5.929	4.956	True	1e+06		
3327	28	2	2.0	elu	20	40	0.0006504	6.25	3.85	4.74	1466	4000	11.72	12.7	True	1e+06		
3325	25	2	1.0	elu	120	40	0.001118	9.63	2.52	2.3	3767	3000	2.416	2.569	True	1e+06		
3331	30	2	1.0	elu	120	40	0.0006799	14.7	2.79	1.53	1533	1000	3.882	3.528	True	1e+06		
3328	27	2	1.0	elu	120	40	0.001077	8.5	2.32	2.48	3967	2000	2.57	2.75	True	1e+06		
3334	29	2	1.0	elu	80	40	0.000748	13.3	2.36	1.89	2148	1000	3.555	3.495	True	1e+06		
3323	27	2	1.0	elu	120	80	0.0008322	10.3	3.38	4.45	1230	4000	2.65	2.733	True	1e+06		
3335	28	2	1.0	elu	40	40	0.0009671	19.2	1.49	2.73	2916	4000	6.098	4.705	True	1e+06		
3340	26	2	1.0	elu	120	40	0.0006451	14.7	3.32	3.22	2618	1000	4.837	4.09	True	1e+06		
3332	31	2	2.0	elu	120	40	0.0007392	12.6	3.71	3.44	1877	4000	2.293	2.451	True	1e+06		
3337	25	2	1.0	elu	120	40	0.0008528	8.8	2.4	2.05	3786	3000	2.471	2.621	True	1e+06		
3333	30	2	0.5	elu	120	40	0.0008214	14.5	3.06	2.78	3129	4000	2.755	2.965	True	1e+06		
3342	23	2	1.0	elu	40	40	0.0008619	9.63	1.98	3.82	3619	4000	4.196	3.649	True	1e+06		
3336	32	2	1.0	elu	120	80	0.0007446	11.4	3.75	4.71	249	4000	2.491	2.504	True	1e+06		
3344	27	2	1.0	elu	20	40	0.0008239	8.44	2.38	4.18	3825	4000	109.4	8.433	True	1e+06		
3338	26	2	1.0	elu	120	40	0.000832	14.3	2.78	3.37	2773	4000	2.007	1.935	True	1e+06		
3339	25	2	1.0	elu	120	40	0.0008789	9.65	4.7	3.01	2405	4000	2.532	2.582	True	1e+06		
3345	24	2	1.0	gelu	120	40	0.0007616	14.4	1.87	2.16	3478	1000	2.931	2.887	True	1e+06		
3347	28	2	1.0	elu	120	80	0.000833	14	2.93	3.03	2658	500	4.73	4.637	True	1e+06		
3346	28	2	1.0	elu	120	40	0.0007957	18.7	1.1	2.41	2987	2000	2.575	2.368	True	1e+06		
3341	27	2	1.0	elu	120	40	0.0005421	10.1	3.93	4.79	1025	4000	2.371	2.229	True	1e+06		
3343	27	2	1.0	elu	120	40	0.000915	15.5	1.87	2.5	3846	4000	2.218	2.242	True	1e+06		
3352	28	2	2.0	elu	20	40	0.0007104	9.95	3.84	3.94	1533	4000	6422	38.35	True	1e+06		
3350	28	2	1.0	gelu	120	40	0.000914	14.4	3.39	2.93	2754	4000	2.341	2.407	True	1e+06		
3348	24	2	1.0	elu	120	40	0.0008828	11.7	1.92	2.07	4166	4000	2.115	2.031	True	1e+06		
3351	25	2	2.0	elu	120	160	0.0008026	12.4	1.86	3.93	3218	4000	2.434	2.256	True	1e+06		
3349	31	2	0.5	elu	120	40	0.0007298	10.2	4.46	4.58	1378	4000	2.95	2.85	True	1e+06		
3356	25	2	1.0	elu	120	40	0.000931	8.83	3.23	4.2	1258	1500	2.858	2.969	True	1e+06		
3354	29	2	1.0	elu	120	40	0.0006581	14.1	3.51	2.93	3464	4000	2.721	2.598	True	1e+06		
3353	27	2	1.0	elu	120	40	0.0008224	12.2	3.63	3.32	4247	4000	2.39	2.516	True	1e+06		
3355	30	2	1.0	elu	120	40	0.0009716	10.3	2.28	1.79	3909	3000	2.475	2.882	True	1e+06		
3359	26	2	1.0	elu	120	40	0.0009231	11.6	2.3	2.13	4450	3000	2.773	2.709	True	1e+06		
3357	28	2	1.0	gelu	120	40	0.0006664	8.28	3.94	4.33	1115	4000	2.284	2.205	True	1e+06		
3360	27	2	1.0	relu	120	40	0.0008568	19.1	1.82	2.46	3871	4000	2.686	2.482	True	1e+06		
3358	28	2	1.0	elu	120	40	0.0008005	12.9	4.62	1.9	1488	4000	2.085	2.038	True	1e+06		
3361	30	2	1.0	elu	120	40	0.0007896	11.6	1.72	2.68	5774	4000	2.16	2.267	True	1e+06		
3362	29	2	1.0	elu	120	40	0.0008484	15.7	1.42	2.44	3054	4000	2.361	2.057	True	1e+06		
3363	28	2	1.0	elu	120	40	0.0008066	11.8	4.45	2.26	4132	4000	2.542	2.438	True	1e+06		
3365	26	2	1.0	elu	120	160	0.000775	10.5	4.08	3.83	1559	4000	3.177	2.669	True	1e+06		
3367	28	2	1.0	elu	120	160	0.0009751	9.44	2.71	2.17	3435	4000	3.005	2.905	True	1e+06		
3364	24	2	1.0	elu	120	40	0.0007288	16.7	1.29	2.09	1474	4000	2.087	2.253	True	1e+06		
3366	25	2	1.0	relu	120	80	0.0009609	12.7	2.13	3.23	3859	4000	2.936	2.604	True	1e+06		
3372	26	2	1.0	elu	120	40	0.0009784	14.3	2.66	2.46	4038	1000	3.754	3.068	True	1e+06		
3374	27	2	1.0	gelu	40	40	0.0007119	13.8	1.87	1.9	3877	4000	2.442	2.183	True	1e+06		
3369	30	2	1.0	elu	120	160	0.0007926	13.2	1.63	2.65	4687	4000	2.664	2.582	True	1e+06		
3371	29	2	1.0	elu	120	40	0.001144	8	2.1	2.54	4757	3000	2.601	2.605	True	1e+06		
3370	27	2	1.0	elu	120	40	0.0008469	7.03	4.4	3.78	1807	3000	2.581	2.54	True	1e+06		
3368	32	2	1.0	elu	120	40	0.0006951	14.5	1.31	2.55	2919	4000	2.112	2.584	True	1e+06		
3380	29	2	1.0	elu	120	40	0.0008961	14.9	4.04	3.52	1195	1000	5.097	3.941	True	1e+06		
3373	28	2	1.0	elu	120	40	0.0009097	17.3	2.82	2.02	2326	4000	2.431	2.469	True	1e+06		
3375	26	2	0.5	elu	120	40	0.0008944	12.7	3.17	4.46	1606	4000	2.904	2.848	True	1e+06		
3378	27	2	1.0	elu	120	40	0.0009804	8.42	4.6	3.31	2262	4000	2.535	2.743	True	1e+06		
3376	26	2	1.0	elu	120	40	0.0005608	14.1	2.41	4.21	1775	4000	2.446	2.369	True	1e+06		
3377	26	2	1.0	elu	120	40	0.001016	12.7	2.22	2.52	3603	4000	2.139	2.219	True	1e+06		
3379	28	2	1.0	elu	120	40	0.0006235	15.8	3.76	4.08	1783	4000	2.499	2.467	True	1e+06		
3385	29	2	1.0	elu	40	40	0.0009991	15.9	1.39	2.28	4059	4000	4.387	3.838	True	1e+06		
3386	27	2	1.0	elu	120	40	0.0006043	11.6	3.48	4.96	1733	1500	4.037	3.721	True	1e+06		
3381	25	2	1.0	elu	120	40	0.0007625	12.5	3.38	3.85	734	4000	2.578	2.575	True	1e+06		
3383	26	2	1.0	gelu	120	80	0.0008629	16.7	1.61	2.22	3516	3000	2.576	2.497	True	1e+06		
3382	30	2	1.0	elu	120	40	0.0006709	9.07	4.97	4.01	2195	4000	2.391	2.538	True	1e+06		
3391	27	2	1.0	elu	40	40	0.0007552	9.74	2.49	4.47	1375	4000	4.602	3.952	True	1e+06		
3390	27	2	1.0	elu	40	40	0.0007863	13.8	1.11	1.95	3831	2000	6.103	4.799	True	1e+06		
3384	27	2	1.0	elu	120	40	0.0006792	10.9	1.64	4.35	3598	4000	2.312	2.182	True	1e+06		
3387	26	2	1.0	gelu	120	40	0.0008793	14	3.56	3.1	1271	4000	2.032	2.013	True	1e+06		
3388	29	2	1.0	elu	120	80	0.0007865	6.74	4.94	4.25	1732	4000	2.421	2.296	True	1e+06		
3397	31	2	1.0	elu	120	160	0.0007542	13.9	3.56	3.88	2182	500	6.833	5.069	True	1e+06		
3396	27	2	1.0	elu	120	40	0.0008056	10.2	2.54	4.18	2046	1000	3.934	3.25	True	1e+06		
3389	26	2	1.0	relu	120	40	0.0006034	14	1.75	2.16	3820	4000	2.617	2.652	True	1e+06		
3393	28	2	1.0	elu	120	40	0.0011	7.75	1.81	1.96	4240	3000	2.377	2.558	True	1e+06		
3395	25	2	1.0	elu	120	160	0.0008641	10.5	3.07	4.08	2467	4000	3	2.698	True	1e+06		
3400	30	2	1.0	elu	40	40	0.000702	9.18	4.19	4.83	1811	2000	4.801	4.681	True	1e+06		
3392	27	2	1.0	elu	120	40	0.00102	15.6	1.13	2.28	4186	4000	2.418	2.174	True	1e+06		
3394	26	2	1.0	elu	120	40	0.0007998	9.75	1.99	2.38	4436	4000	2.402	2.294	True	1e+06		
3399	30	2	1.0	elu	120	40	0.0007578	8.91	3.09	4.45	2090	2000	3	2.873	True	1e+06		
3398	28	2	1.0	elu	80	40	0.000764	11.5	4.71	4.37	2452	4000	2.385	2.372	True	1e+06		
3401	29	2	1.0	relu	120	40	0.0008025	16.7	1.56	2.22	3607	3000	2.373	2.59	True	1e+06		
3402	30	2	1.0	gelu	120	40	0.0007178	14.7	1.7	2.42	4463	4000	2.137	2.071	True	1e+06		
3403	27	2	0.5	elu	120	40	0.0008529	7.48	2.14	2.05	3990	3000	2.926	2.946	True	1e+06		
3408	27	2	1.0	gelu	40	40	0.0006896	10.4	3.02	5	1661	4000	2.989	2.608	True	1e+06		
3404	29	2	1.0	elu	120	40	0.0006496	8.98	3.44	4.11	1263	3000	2.573	2.772	True	1e+06		
3410	30	2	1.0	relu	120	40	0.0007988	6.4	3.75	4.81	1371	1000	3.909	3.52	True	1e+06		
3405	30	2	1.0	elu	120	40	0.000791	6.36	5.28	4.8	492	4000	2.489	2.637	True	1e+06		
3406	32	2	1.0	elu	120	40	0.00092	14.1	1.7	2.3	3919	4000	2.34	2.397	True	1e+06		
3407	29	2	1.0	elu	120	40	0.00112	8.64	2.18	1.8	3738	3000	2.36	2.536	True	1e+06		
3414	31	2	1.0	elu	120	40	0.0007389	15.8	3.57	3.74	1071	1500	3.282	2.873	True	1e+06		
3411	23	2	1.0	elu	120	40	0.0009087	14.9	1.85	2.07	2525	4000	2.141	2.033	True	1e+06		
3409	29	2	1.0	elu	120	40	0.0008387	9.41	1.92	3.76	3348	4000	2.488	2.255	True	1e+06		
3417	31	2	1.0	elu	120	40	0.000802	8.94	2.38	4.61	742	1000	4.068	3.401	True	1e+06		
3418	29	2	1.0	relu	40	40	0.0007975	14.6	3.24	1.85	2030	4000	3.199	2.69	True	1e+06		
3412	27	2	1.0	elu	120	40	0.0008208	12.5	1.37	2.61	3090	4000	2.114	2.17	True	1e+06		
3413	32	2	1.0	elu	120	40	0.0006786	12.1	2.27	4.86	984	4000	2.163	2.211	True	1e+06		
3416	29	2	0.5	elu	120	40	0.0009045	14	1.32	2.45	2813	4000	2.645	2.526	True	1e+06		
3415	28	2	1.0	elu	120	40	0.000778	11.7	4.48	3.25	2145	4000	2.198	2.142	True	1e+06		
3419	23	2	2.0	elu	120	40	0.000788	14.8	1.54	2.9	3634	4000	1.949	1.884	True	1e+06		
3424	28	2	1.0	elu	40	40	0.0006825	10.4	3.6	4.89	1211	4000	4.682	3.964	True	1e+06		
3421	31	2	1.0	gelu	120	160	0.0007313	13.1	3.94	3.3	1966	4000	2.426	2.446	True	1e+06		
3422	29	2	1.0	elu	120	80	0.0007299	11.4	1.48	2.37	3906	4000	2.251	2.324	True	1e+06		
3425	29	2	1.0	elu	80	80	0.0008461	6.28	3.61	4.93	601	4000	3.838	4.028	True	1e+06		
3420	31	2	1.0	elu	120	40	0.0006869	13.8	2.08	1.95	1514	4000	2.307	2.168	True	1e+06		
3423	24	2	1.0	elu	120	80	0.0008436	11.2	1.73	2.32	4005	4000	2.338	2.05	True	1e+06		
3426	26	2	1.0	relu	80	40	0.000809	11.9	3.85	3.81	1443	4000	2.987	3.1	True	1e+06		
3427	24	2	1.0	elu	120	160	0.0008086	16.4	1.38	2.01	3401	4000	2.532	2.361	True	1e+06		
3432	27	2	0.5	relu	120	40	0.000701	15	1.84	2.49	4371	4000	3.889	3.473	True	1e+06		
3431	23	2	2.0	elu	120	40	0.0008356	11	1.48	3.7	3393	4000	1.928	2.005	True	1e+06		
3428	27	2	1.0	elu	120	40	0.0007975	5.21	3.86	3.68	1112	4000	2.779	2.806	True	1e+06		
3429	26	2	1.0	gelu	120	40	0.0007699	7.53	3.43	4.58	1182	4000	2.335	2.463	True	1e+06		
3430	30	2	1.0	elu	120	40	0.001089	15.8	1.72	2.3	4146	4000	2.241	2.082	True	1e+06		
3433	29	2	1.0	elu	120	40	0.0008838	11.2	1.78	1.9	2305	4000	2.078	2.056	True	1e+06		
3440	26	2	1.0	elu	40	40	0.0007023	10.8	4.03	4.41	1304	3000	4.549	3.992	True	1e+06		
3434	28	2	1.0	elu	120	40	0.0009512	12.6	3.76	1.96	1598	4000	2.285	2.164	True	1e+06		
3438	28	2	1.0	elu	40	40	0.0008657	9.58	2.58	1.96	2823	3000	4.588	3.732	True	1e+06		
3436	25	2	1.0	elu	120	40	0.0007184	16.7	1.91	2.2	4081	2000	3.282	2.517	True	1e+06		
3439	29	2	1.0	elu	120	40	0.0009127	12.1	1.51	2.16	3026	1500	2.864	2.627	True	1e+06		
3435	24	2	1.0	elu	120	40	0.0007533	16.5	1.23	2.32	4726	4000	2.433	2.231	True	1e+06		
3444	29	2	1.0	elu	20	40	0.0007901	6.25	4.21	4.66	1227	4000	11.08	6.344	True	1e+06		
3437	27	2	1.0	elu	120	40	0.0009891	13.9	4.4	3.65	1382	3000	2.139	2.083	True	1e+06		
3447	27	2	1.0	elu	120	40	0.0009538	11.1	3.19	4.22	1658	500	5.396	4.373	True	1e+06		
3448	29	2	1.0	elu	80	40	0.0006843	7.52	4.85	4.39	1523	1500	4.202	4.173	True	1e+06		
3445	28	2	1.0	elu	120	40	0.0008333	14.6	1.3	2.5	3426	3000	2.496	2.182	True	1e+06		
3446	29	2	1.0	elu	120	40	0.001179	8.31	2.02	1.84	4569	3000	2.316	2.369	True	1e+06		
3441	29	2	2.0	elu	120	40	0.0009383	13.9	1.47	2.2	4183	4000	2.012	2.061	True	1e+06		
3443	25	2	1.0	elu	120	40	0.0009022	10.3	4.45	3.8	704	4000	2.442	2.47	True	1e+06		
3442	29	2	1.0	elu	120	40	0.0009019	8.14	1.72	3.58	3991	4000	2.451	2.345	True	1e+06		
3449	27	2	1.0	elu	120	40	0.0009334	15.5	1.88	2.15	3760	4000	2.308	2.166	True	1e+06		
3452	26	2	1.0	elu	120	40	0.0009929	6.95	1.93	2.02	3931	3000	2.495	2.465	True	1e+06		
3450	30	2	1.0	gelu	120	40	0.0007437	15	4.27	3.33	1688	4000	2.171	2.101	True	1e+06		
3453	28	2	1.0	elu	120	40	0.000762	12.1	3.46	4.92	1551	4000	2.4	2.309	True	1e+06		
3451	30	2	1.0	elu	120	40	0.0007072	5.13	4.42	4.12	1105	4000	2.337	2.355	True	1e+06		
3454	23	2	1.0	elu	120	40	0.0008172	11.1	1.87	3.76	4626	4000	2.322	2.399	True	1e+06		
3455	29	2	1.0	relu	120	40	0.0008895	10.6	3.76	3.95	579	4000	3.391	3.45	True	1e+06		
3460	28	2	1.0	elu	40	40	0.000754	9.15	4.05	3.37	1388	4000	5.161	4.547	True	1e+06		
3459	25	2	1.0	elu	120	40	0.0008595	10.7	4.13	4.11	1255	1000	3.69	3.183	True	1e+06		
3458	26	2	1.0	elu	120	40	0.0007515	7.78	4.05	4.81	962	1500	3.961	3.21	True	1e+06		
3456	29	2	1.0	elu	120	40	0.0007072	11.5	5.08	4.02	1649	4000	2.502	2.725	True	1e+06		
3457	27	2	1.0	elu	120	160	0.0007145	15.5	1.59	2.14	2440	4000	2.736	2.235	True	1e+06		
3463	28	2	1.0	elu	120	40	0.0007959	13.8	2.45	2.34	3562	2000	2.51	2.584	True	1e+06		
3462	29	2	1.0	elu	120	40	0.0008732	5.66	4.02	4.16	1257	3000	2.415	2.339	True	1e+06		
3461	31	2	1.0	elu	80	40	0.0007762	11.2	3.29	3.49	1777	4000	2.462	2.588	True	1e+06		
3466	25	2	1.0	elu	120	40	0.0008278	14.4	1.49	2.28	3107	3000	2.62	2.73	True	1e+06		
3464	27	2	1.0	relu	120	40	0.0008645	11.5	1.94	2.92	3992	4000	2.573	2.514	True	1e+06		
3471	28	2	1.0	relu	120	40	0.000723	12.7	4.64	4.04	1410	1000	3.347	3.163	True	1e+06		
3465	30	2	1.0	elu	120	40	0.0006184	10.7	4	4.35	1650	4000	2.232	2.387	True	1e+06		
3470	28	2	1.0	elu	120	40	0.000922	14.8	1.01	2.49	3124	2000	2.804	2.685	True	1e+06		
3469	30	2	1.0	relu	120	160	0.0007404	11.5	3.77	3.1	1398	4000	2.931	2.608	True	1e+06		
3467	30	2	1.0	elu	120	40	0.0007841	8.96	4.1	4.78	1813	4000	2.546	2.521	True	1e+06		
3468	26	2	2.0	elu	120	40	0.0007965	15.8	1.89	2.56	3190	4000	2.018	1.907	True	1e+06		
3474	24	2	1.0	elu	120	40	0.0007496	14.6	1.73	3.13	3407	2000	2.988	2.77	True	1e+06		
3472	28	2	1.0	elu	120	40	0.0007371	13.6	2.16	3.27	4684	4000	2.171	2.268	True	1e+06		
3473	30	2	0.5	elu	120	40	0.0007958	9.95	3.09	3.67	667	4000	2.639	2.707	True	1e+06		
3480	25	2	1.0	elu	120	40	0.0008584	10.9	1.95	4.02	4442	500	5.982	4.762	True	1e+06		
3476	26	2	1.0	elu	80	40	0.0006574	13.4	2.43	2.74	4528	4000	2.803	2.93	True	1e+06		
3477	28	2	2.0	elu	120	40	0.0007629	12.8	2.07	2.51	3365	4000	2.157	2.124	True	1e+06		
3475	24	2	1.0	elu	120	40	0.0008464	16.1	2.04	2.24	4552	4000	2.31	2.339	True	1e+06		
3482	29	2	1.0	elu	20	40	0.0007621	11	3.36	2.6	1725	4000	67.07	28.89	True	1e+06		
3478	29	2	1.0	elu	120	40	0.000964	13.7	2.62	4.57	1402	4000	2.292	2.205	True	1e+06		
3481	26	2	2.0	elu	120	40	0.0008293	7.86	1.92	3.75	4058	4000	2.255	2.562	True	1e+06		
3479	28	2	1.0	elu	120	40	0.0006647	10.6	2.25	2.3	4083	4000	2.604	2.827	True	1e+06		
3484	29	2	1.0	elu	120	160	0.000799	14.2	3.18	4.14	1091	4000	2.867	2.976	True	1e+06		
3489	28	2	1.0	elu	40	40	0.0008321	16.5	1.02	2.19	4510	4000	2.81	2.351	True	1e+06		
3490	26	2	1.0	elu	120	40	0.0008668	16.7	1.63	2.48	2884	500	5.38	4.329	True	1e+06		
3483	30	2	1.0	gelu	120	40	0.0007341	11	4.1	4.63	1749	4000	2.353	2.253	True	1e+06		
3486	29	2	1.0	elu	120	40	0.0007894	7.82	2.89	1.58	4103	3000	2.427	2.296	True	1e+06		
3485	28	2	2.0	elu	120	40	0.0007763	13.3	3.37	3.37	2769	4000	2.131	2.19	True	1e+06		
3487	28	2	1.0	elu	120	80	0.0007048	9.35	3.91	3.16	2176	4000	2.331	2.116	True	1e+06		
3492	28	2	1.0	elu	40	40	0.0007706	6.49	3.27	4.24	1322	4000	4.315	3.629	True	1e+06		
3488	31	2	1.0	elu	120	40	0.0007617	15.5	3.26	3.91	652	4000	2.517	2.604	True	1e+06		
3495	31	2	1.0	relu	120	40	0.000743	13.2	2.46	2	1387	4000	4.063	3.655	True	1e+06		
3493	28	2	1.0	elu	120	40	0.0006352	11.4	3.13	4.11	1276	3000	2.532	2.41	True	1e+06		
3498	30	2	1.0	elu	40	40	0.0008058	6.74	3.91	4.07	1358	4000	4.125	3.554	True	1e+06		
3491	25	2	1.0	elu	120	40	0.0005909	7.25	4.32	3.7	1314	4000	2.751	2.59	True	1e+06		
3496	27	2	1.0	elu	40	80	0.0008026	14.2	2.61	2.27	4336	4000	3.562	4.13	True	1e+06		
3501	28	2	1.0	elu	40	40	0.0007885	13.6	1.13	2.24	3791	4000	5.621	4.933	True	1e+06		
3502	26	2	1.0	elu	40	40	0.0009978	7.96	1.83	3.17	3872	1500	3.998	3.603	True	1e+06		
3494	31	2	0.5	elu	120	40	0.0007444	12.8	1.76	2.2	4610	4000	2.827	2.492	True	1e+06		
3505	31	2	1.0	elu	120	40	0.0006792	16.5	3.28	2.06	2103	500	6.142	4.723	True	1e+06		
3497	29	2	1.0	gelu	120	40	0.0009744	16.1	1.64	2.54	3821	4000	2.033	2.057	True	1e+06		
3499	26	2	1.0	elu	120	40	0.0007808	16.4	1.47	2.28	1629	3000	2.584	2.712	True	1e+06		
3500	25	2	1.0	elu	120	80	0.0008917	10.5	2.29	4.21	1674	4000	2.427	2.496	True	1e+06		
3503	29	2	1.0	relu	120	40	0.0006453	13.2	1.18	2.4	3969	4000	2.659	2.773	True	1e+06		
3506	27	2	1.0	relu	80	40	0.0007863	13.5	3.81	4.44	1916	4000	2.854	3.28	True	1e+06		
3504	28	2	1.0	gelu	120	40	0.0007769	15.7	1.9	2.19	4410	4000	2.102	2.169	True	1e+06		
3507	28	2	1.0	elu	120	40	0.0009438	8.16	3.43	4.16	1856	4000	2.486	2.538	True	1e+06		
3508	31	2	1.0	elu	120	40	0.0008925	13.4	3.77	3.97	1697	4000	2.251	2.556	True	1e+06		
3510	27	2	1.0	elu	120	40	0.0007506	8.93	1.8	2.64	4526	4000	2.18	2.131	True	1e+06		
3509	30	2	1.0	gelu	120	40	0.0007179	12	1.54	2.39	4977	4000	2.215	2.059	True	1e+06		
3513	27	2	1.0	gelu	120	40	0.0008969	10.6	2.43	4.48	1244	1500	2.779	2.723	True	1e+06		
3511	27	2	0.5	elu	120	40	0.0007942	11.1	1.75	4.03	3296	4000	3.194	2.387	True	1e+06		
3512	27	2	1.0	elu	120	40	0.0007009	11.8	2.21	4.8	2444	4000	2.429	2.215	True	1e+06		
3520	26	2	1.0	elu	20	40	0.000711	6.91	3.65	4.34	1747	4000	48.33	28.78	True	1e+06		
3517	24	2	1.0	elu	120	40	0.0007834	7.24	4.03	4.37	1694	4000	2.376	2.699	True	1e+06		
3514	27	2	1.0	elu	120	40	0.0005625	10.1	4.31	3.69	1442	4000	2.475	2.33	True	1e+06		
3516	24	2	1.0	elu	120	40	0.000933	19	2.01	2.03	3422	4000	2.08	2.221	True	1e+06		
3518	29	2	1.0	elu	80	40	0.0007881	8.88	1.9	3.02	3557	4000	2.436	2.586	True	1e+06		
3515	29	2	1.0	elu	120	80	0.0007646	6.64	4.25	4.93	688	4000	2.992	3.253	True	1e+06		
3519	27	2	1.0	elu	120	40	0.0007775	12.2	3.69	2.15	712	4000	2.332	2.527	True	1e+06		
3524	23	2	1.0	elu	120	160	0.0008843	12.3	1.88	3.69	3457	4000	2.556	2.401	True	1e+06		
3521	31	2	1.0	elu	120	40	0.0006601	16.9	1.35	3	4493	4000	2.219	2.264	True	1e+06		
3522	29	2	1.0	relu	120	40	0.0009711	13.1	1.49	2.42	3766	4000	2.455	2.478	True	1e+06		
3526	30	2	1.0	relu	120	160	0.0006663	10.5	4.29	4.66	1282	4000	2.796	2.725	True	1e+06		
3530	29	2	1.0	elu	40	40	0.000665	12.2	3.57	4.44	1260	1000	3.333	2.714	True	1e+06		
3527	27	2	1.0	elu	120	40	0.0007072	15.8	1.64	2.68	2198	1500	3.574	2.756	True	1e+06		
3523	32	2	1.0	elu	120	40	0.0006747	9.46	2.58	4.94	1707	4000	2.482	2.426	True	1e+06		
3528	28	2	1.0	elu	40	40	0.0006485	7.81	3.89	4.71	1942	4000	2.735	2.247	True	1e+06		
3525	30	2	1.0	elu	120	40	0.0009012	16.3	1.65	2.57	3586	4000	2.125	2.395	True	1e+06		
3533	29	2	1.0	gelu	120	40	0.001124	8.39	1.97	2.1	3818	500	4.123	4.196	True	1e+06		
3531	30	2	1.0	elu	120	40	0.0007551	13.5	3.86	3.7	1468	2000	2.77	2.541	True	1e+06		
3535	28	2	1.0	elu	120	40	0.0009255	10.2	2.37	1.87	3779	2000	2.913	2.709	True	1e+06		
3529	30	2	2.0	elu	120	40	0.0007819	16.5	2.24	1.9	2641	4000	2.227	1.967	True	1e+06		
3539	29	2	1.0	elu	120	80	0.0008278	6.83	3.77	3.98	760	1000	4.701	4.079	True	1e+06		
3537	27	2	1.0	elu	120	80	0.001199	11.1	2.27	1.9	3861	3000	2.904	3.01	True	1e+06		
3532	26	2	1.0	elu	120	40	0.0007834	10.1	2.68	4.77	281	4000	2.48	2.326	True	1e+06		
3536	26	2	1.0	elu	120	40	0.0007771	12	3.75	2.72	1014	4000	2.477	2.746	True	1e+06		
3534	25	2	1.0	elu	120	40	0.00083	7.81	1.96	3.49	2958	4000	2.418	2.545	True	1e+06		
3538	28	2	1.0	relu	120	40	0.0008295	14.8	1.03	2.44	2996	4000	2.781	2.468	True	1e+06		
3543	30	2	1.0	relu	120	40	0.0006425	16	1.55	2.48	4550	4000	4.748	3.558	True	1e+06		
3540	25	2	1.0	elu	120	40	0.0009565	10.4	3.72	4.48	1868	4000	3.184	3.141	True	1e+06		
3542	28	2	0.5	elu	120	40	0.001028	7.73	2.04	1.6	3493	3000	3.654	3.282	True	1e+06		
3541	27	2	1.0	elu	120	40	0.0006933	13.5	1.45	3.12	4335	4000	2.164	2.027	True	1e+06		
3544	25	2	1.0	elu	120	40	0.0008431	15.3	1.44	2.2	5075	4000	1.992	2.044	True	1e+06		
3545	24	2	1.0	elu	120	40	0.0008527	16.8	2.31	2.09	3842	4000	2.028	2.015	True	1e+06		
3546	26	2	1.0	elu	120	40	0.0009905	9.65	4.27	4.01	2286	4000	2.484	2.602	True	1e+06		
3547	30	2	0.5	elu	120	40	0.0006655	16.8	1.45	2.03	4840	4000	2.835	2.313	True	1e+06		
3549	28	2	1.0	elu	120	80	0.0008787	9.34	1.8	4.82	3888	4000	2.416	2.357	True	1e+06		
3548	27	2	1.0	elu	120	40	0.0008725	9.35	3.5	3.36	3570	4000	2.157	2.268	True	1e+06		
3551	28	2	1.0	elu	120	40	0.0006842	15.8	1.09	2.56	2734	4000	2.626	2.449	True	1e+06		
3550	26	2	1.0	relu	120	40	0.0007699	17.6	1.44	2.43	3858	4000	2.468	2.438	True	1e+06		
3558	26	2	1.0	elu	40	40	0.0008222	16.2	1.9	2.01	2856	4000	5.079	4.387	True	1e+06		
3556	29	2	1.0	elu	40	40	0.0007305	11	3.02	4.25	1798	4000	4.617	5.084	True	1e+06		
3552	31	2	1.0	elu	120	40	0.0009371	16.8	1.06	2.17	3947	4000	2.462	2.155	True	1e+06		
3553	25	2	1.0	gelu	120	40	0.0006873	11.4	2.65	4.23	2407	4000	2.396	2.268	True	1e+06		
3560	28	2	0.5	elu	120	40	0.0009064	14.1	1.89	2.08	2228	4000	5.118	4.245	True	1e+06		
3557	25	2	1.0	elu	120	80	0.0008954	11.3	2.13	4.03	3414	4000	2.447	2.55	True	1e+06		
3554	29	2	1.0	elu	120	40	0.0007949	12.6	3.47	2.26	159	4000	2.103	2.087	True	1e+06		
3555	27	2	1.0	elu	120	40	0.0006899	18.6	1.66	1.85	3638	4000	2.5	2.563	True	1e+06		
3563	25	2	1.0	elu	40	160	0.0006742	17	1.71	2.22	3540	4000	25.83	9.533	True	1e+06		
3559	25	2	1.0	elu	120	40	0.0005491	14	1.8	2.78	3731	4000	2.245	2.349	True	1e+06		
3562	27	2	2.0	elu	120	40	0.0007815	10.5	2.05	3.99	4035	1500	2.731	2.77	True	1e+06		
3566	30	2	1.0	elu	120	40	0.0007866	15.7	3.97	3.8	2079	1500	3.005	2.963	True	1e+06		
3561	27	2	1.0	gelu	120	80	0.000829	9.07	1.84	2.85	3433	4000	2.459	2.493	True	1e+06		
3564	28	2	1.0	elu	120	40	0.0008104	12.9	2.08	1.96	2030	3000	2.592	2.759	True	1e+06		
3570	27	2	1.0	elu	120	40	0.0008022	16.1	1.65	2.07	4462	1000	3.318	3.247	True	1e+06		
3565	28	2	1.0	elu	120	160	0.0007117	6.34	3.92	4.1	846	4000	2.661	2.717	True	1e+06		
3569	29	2	1.0	elu	120	40	0.001149	16.3	2.16	2.44	4140	4000	2.419	2.517	True	1e+06		
3567	29	2	1.0	elu	120	80	0.000821	16.4	2.42	1.87	2369	4000	2.282	2.315	True	1e+06		
3574	25	2	1.0	elu	120	40	0.000805	15.7	1.83	2.17	2815	1000	3.875	3.471	True	1e+06		
3571	29	2	1.0	elu	120	40	0.001067	8.14	2.01	2.02	3548	2000	2.691	2.525	True	1e+06		
3573	29	2	1.0	elu	120	40	0.0008537	15.5	1.89	2.14	4054	1500	3.338	2.946	True	1e+06		
3568	30	2	1.0	elu	120	40	0.0008768	5.59	4.21	4.37	398	4000	2.539	2.664	True	1e+06		
3575	24	2	1.0	elu	120	40	0.0007973	10.5	3.37	4.09	1755	1500	4.045	3.475	True	1e+06		
3577	27	2	1.0	elu	120	40	0.0008059	11.7	2.77	3.05	3038	1000	4.018	3.206	True	1e+06		
3572	25	2	1.0	elu	120	40	0.0008993	8.14	2.23	4.83	3676	4000	2.423	2.485	True	1e+06		
3582	29	2	1.0	elu	40	40	0.0007214	12.7	3.55	3.69	3413	4000	4.907	4.676	True	1e+06		
3576	30	2	1.0	elu	120	40	0.0007413	10.8	3.79	1.95	2567	4000	4.649	4.199	True	1e+06		
3581	28	2	1.0	elu	120	40	0.0008905	11.4	1.7	2.19	3823	1500	3.329	2.917	True	1e+06		
3578	27	2	1.0	elu	120	40	0.0008602	9.72	4.2	2.72	2731	4000	2.44	2.487	True	1e+06		
3579	25	2	1.0	gelu	120	40	0.0007773	14.9	1.71	2.24	3988	4000	2.101	2.289	True	1e+06		
3586	29	2	1.0	elu	120	40	0.0008996	12.2	1.07	2.35	4206	1500	2.674	2.494	True	1e+06		
3585	31	2	1.0	elu	80	40	0.0009054	13.5	1.11	1.95	3960	4000	2.572	2.495	True	1e+06		
3580	23	2	1.0	elu	120	40	0.0006066	17.3	1.74	2.3	4382	4000	2.601	2.617	True	1e+06		
3583	26	2	1.0	elu	120	80	0.001083	11.2	2.16	3.58	3670	4000	2.654	2.706	True	1e+06		
3587	29	2	1.0	elu	120	40	0.0008704	7.1	4.79	4.42	985	2000	2.983	2.883	True	1e+06		
3591	28	2	1.0	elu	120	40	0.0009343	14.1	1.49	2.33	2823	1500	3.452	2.893	True	1e+06		
3584	26	2	1.0	elu	120	40	0.000938	13.2	3.04	3.24	1467	4000	2.254	2.163	True	1e+06		
3588	29	2	1.0	elu	120	40	0.0009988	10.4	2.27	2.04	4672	3000	2.3	2.52	True	1e+06		
3593	27	2	1.0	elu	120	160	0.0009579	11.8	2.19	1.99	3524	3000	3.214	2.826	True	1e+06		
3589	28	2	2.0	elu	120	40	0.0006719	8.55	4	4.82	1731	4000	2.107	2.015	True	1e+06		
3596	30	2	1.0	elu	40	40	0.0007474	11.7	3.59	4.34	859	4000	4.694	4.238	True	1e+06		
3590	31	2	1.0	elu	120	40	0.0006235	13.2	1.28	2.57	3413	4000	2.153	2.068	True	1e+06		
3594	24	2	1.0	elu	120	80	0.0008409	10.2	1.56	3.71	3857	4000	3.484	2.871	True	1e+06		
3599	31	2	1.0	elu	120	40	0.0009783	7.88	3.48	3.97	723	500	3.845	3.42	True	1e+06		
3592	27	2	1.0	elu	120	40	0.0006945	14.1	2.06	2.29	1668	4000	2.134	2.227	True	1e+06		
3595	26	2	1.0	elu	120	40	0.0007053	6.39	2.8	4.95	1477	4000	2.332	2.363	True	1e+06		
3604	28	2	1.0	elu	120	40	0.0007393	12.9	3.07	3.7	1524	500	5.404	4.333	True	1e+06		
3598	29	2	1.0	relu	120	40	0.0008371	10	4.48	4.37	718	4000	3.079	2.941	True	1e+06		
3600	25	2	1.0	elu	120	160	0.0007792	16.4	1.7	2.3	4454	4000	2.506	2.391	True	1e+06		
3597	28	2	0.5	elu	120	80	0.0007024	10.8	2.92	4.38	526	4000	3.204	3.232	True	1e+06		
3601	25	2	2.0	gelu	120	40	0.000698	14.6	1.57	2.3	3496	4000	2.179	2.046	True	1e+06		
3608	30	2	0.5	elu	20	40	0.0007913	13.4	3.83	4.02	836	4000	8.98	8.266	True	1e+06		
3602	25	2	2.0	elu	120	40	0.0007642	15.8	1.23	2.01	3172	4000	1.963	2.132	True	1e+06		
3603	30	2	1.0	elu	120	40	0.0008813	13.1	3.4	2.72	4189	4000	2.387	2.208	True	1e+06		
3605	29	2	1.0	relu	120	40	0.0007932	13.8	3.66	4.77	1974	4000	2.91	3.029	True	1e+06		
3606	28	2	1.0	elu	120	40	0.000961	9.28	1.51	2.6	3710	4000	2.081	2.05	True	1e+06		
3610	24	2	1.0	elu	120	80	0.0008653	16.4	1.87	2.1	3592	2000	3.642	3.179	True	1e+06		
3611	29	2	1.0	elu	80	160	0.0008039	12.6	2.07	4.3	1706	4000	3.999	3.798	True	1e+06		
3607	31	2	1.0	relu	120	40	0.0007297	11.5	2.92	3.88	1429	4000	2.789	2.674	True	1e+06		
3615	27	2	1.0	elu	20	40	0.0006742	13.6	3.51	4.21	1847	4000	11.99	9.268	True	1e+06		
3609	30	2	2.0	elu	120	40	0.0007686	9.26	3.06	4.83	1849	4000	2.262	2.292	True	1e+06		
3612	25	2	2.0	elu	120	40	0.0008172	13.9	1.7	2.18	3254	4000	2.27	2.579	True	1e+06		
3613	29	2	1.0	elu	120	160	0.0007665	6.35	4.06	4.96	1565	4000	3.095	2.802	True	1e+06		
3619	23	2	1.0	elu	40	40	0.0007665	9.65	1.55	4.01	3157	4000	3.89	3.756	True	1e+06		
3614	25	2	1.0	elu	120	40	0.0008914	10	2.05	3.98	2573	4000	2.244	2.228	True	1e+06		
3618	24	2	1.0	elu	80	40	0.000719	13.3	1.63	2.1	3819	4000	2.45	2.453	True	1e+06		
3621	29	2	1.0	relu	120	40	0.0007372	13.1	1.19	2.23	3450	2000	4.587	4.578	True	1e+06		
3616	29	2	1.0	elu	120	40	0.0008286	19.6	1.93	2.32	3592	4000	2.001	2.191	True	1e+06		
3617	30	2	1.0	elu	120	40	0.0008391	12.7	1.42	2.27	4630	4000	2.281	2.348	True	1e+06		
3626	28	2	1.0	elu	120	40	0.00077	9.75	2.36	1.98	3923	2000	2.846	2.741	True	1e+06		
3620	27	2	1.0	elu	120	40	0.0007236	15.1	3.48	3.2	999	4000	2.387	2.411	True	1e+06		
3623	27	2	1.0	elu	120	80	0.0007534	14.2	3.73	2.53	2730	4000	2.35	2.523	True	1e+06		
3627	25	2	1.0	elu	80	40	0.0008516	17.7	1.63	2.54	4352	4000	2.437	2.346	True	1e+06		
3622	30	2	1.0	elu	120	40	0.0007527	6.73	4.29	3.86	2133	4000	2.326	2.316	True	1e+06		
3629	27	2	1.0	gelu	40	40	0.001038	8.23	2.44	2.12	3661	3000	2.774	2.408	True	1e+06		
3624	30	2	1.0	relu	120	40	0.0008864	9.76	4.22	3.78	1400	4000	2.813	2.826	True	1e+06		
3625	28	2	1.0	gelu	120	40	0.0008746	17.9	1.46	2.8	3358	4000	2.091	2.035	True	1e+06		
3632	29	2	1.0	elu	120	40	0.0007411	16.2	2.41	1.7	2417	500	5.295	4.191	True	1e+06		
3635	26	2	1.0	elu	120	40	0.0006406	9.61	3.85	3.7	801	500	6.407	4.854	True	1e+06		
3634	27	2	1.0	elu	120	40	0.0007267	13.8	1.59	2.51	3389	1000	4.442	4.262	True	1e+06		
3636	30	2	1.0	gelu	120	40	0.0006647	9.54	4.17	4.87	1865	1000	3.07	3.017	True	1e+06		
3628	28	2	1.0	elu	120	40	0.0006613	7.49	3.89	4.71	1193	4000	2.454	2.537	True	1e+06		
3640	30	2	0.5	elu	40	40	0.0007716	11.3	1.61	2.75	5113	4000	30.9	16.12	True	1e+06		
3630	26	2	2.0	elu	120	40	0.0007722	14	1.88	1.82	3502	4000	1.927	2.316	True	1e+06		
3633	26	2	1.0	elu	120	40	0.0006775	11.8	3.24	3.67	1516	4000	2.246	2.327	True	1e+06		
3631	29	2	1.0	elu	120	40	0.0007855	14	4.09	1.7	1611	4000	2.305	2.309	True	1e+06		
3637	26	2	1.0	elu	120	40	0.0009259	12.3	4.31	4.2	1240	4000	2.314	2.128	True	1e+06		
3644	27	2	2.0	elu	40	40	0.0007902	10.2	2.06	3.44	3364	4000	3.446	3.203	True	1e+06		
3638	30	2	2.0	elu	120	40	0.0007276	14.5	3.49	4.01	1196	4000	2.118	2.259	True	1e+06		
3639	27	2	1.0	elu	120	40	0.0008138	7.69	2.2	3.57	4425	4000	2.475	2.331	True	1e+06		
3646	29	2	2.0	elu	40	40	0.000905	10.3	3.6	4.53	1930	4000	12.86	16.86	True	1e+06		
3647	28	2	1.0	elu	40	40	0.0009618	12.4	2.97	4.9	1578	4000	5.895	5.276	True	1e+06		
3645	27	2	1.0	elu	120	80	0.0008245	10.3	3.36	3.73	1032	2000	3.021	2.695	True	1e+06		
3641	29	2	1.0	elu	120	80	0.0009616	9.64	3.02	2.01	3891	4000	2.243	2.36	True	1e+06		
3643	26	2	2.0	gelu	120	40	0.0007429	10	2.21	4.08	3869	4000	2.082	2.208	True	1e+06		
3642	28	2	1.0	elu	120	40	0.0006255	13.6	3.4	2.51	3006	4000	2.129	2.171	True	1e+06		
3649	25	2	1.0	elu	120	40	0.0008118	11.9	1.75	2.79	3831	2000	2.744	2.628	True	1e+06		
3651	27	2	1.0	elu	120	40	0.000785	19.5	1.27	2.57	2426	1500	3.171	2.992	True	1e+06		
3648	31	2	1.0	elu	120	40	0.0008669	13.8	1.16	2.31	4270	3000	2.39	2.424	True	1e+06		
3650	30	2	1.0	elu	120	40	0.0007216	10.3	2.82	3.16	1420	4000	2.614	2.439	True	1e+06		
3652	31	2	1.0	elu	120	40	0.0008904	14.2	1.48	3.01	4084	3000	2.219	2.47	True	1e+06		
3653	27	2	2.0	elu	120	40	0.0008107	5.99	3.99	4.03	1091	4000	2.265	2.153	True	1e+06		
3655	32	2	1.0	elu	120	40	0.0006935	13.6	1.16	2.3	3793	4000	2.579	2.143	True	1e+06		
3654	26	2	1.0	elu	120	40	0.0007339	14.9	3.14	2.74	3700	4000	2.186	2.381	True	1e+06		
3661	27	2	1.0	elu	20	40	0.0007589	8.44	4.02	3.59	1775	1000	11.73	10.44	True	1e+06		
3656	32	2	1.0	elu	120	40	0.0006486	14.1	1.62	2.18	3996	4000	2.879	2.837	True	1e+06		
3657	29	2	0.5	gelu	120	40	0.0006947	14.4	4.57	3.93	2070	4000	2.709	2.778	True	1e+06		
3658	28	2	1.0	elu	120	40	0.000635	12.1	3.59	2.52	366	4000	2.342	2.573	True	1e+06		
3665	27	2	1.0	relu	120	40	0.0008665	11.6	2.18	3.97	1598	1500	2.617	2.725	True	1e+06		
3664	26	2	1.0	elu	20	40	0.0007644	15.4	1.62	2.39	4096	4000	14.9	10.53	True	1e+06		
3659	28	2	1.0	elu	120	40	0.0006995	11.2	3.22	2.92	2345	4000	2.518	2.695	True	1e+06		
3662	32	2	2.0	elu	120	40	0.0007747	14.8	3.22	3.26	1859	4000	2.266	2.697	True	1e+06		
3668	27	2	1.0	elu	120	40	0.0008686	11.1	3.67	3.92	1834	1000	3.648	3.45	True	1e+06		
3660	29	2	1.0	elu	120	40	0.0007408	7.24	4.49	4.32	1339	4000	2.629	2.949	True	1e+06		
3667	26	2	1.0	elu	120	40	0.0008111	11.5	2.34	4.92	1523	1500	3.045	2.921	True	1e+06		
3663	26	2	2.0	elu	120	40	0.0008966	9.55	2.07	4.14	3925	4000	2.069	2.101	True	1e+06		
3672	29	2	1.0	elu	20	40	0.0009116	7.56	2.59	2.14	4198	1000	15.61	21.3	True	1e+06		
3669	27	2	0.5	elu	120	40	0.0008167	19.2	1.8	1.94	3235	4000	4.853	4.671	True	1e+06		
3666	26	2	1.0	elu	120	40	0.0009359	11.5	1.65	3.45	4458	4000	2.32	2.215	True	1e+06		
3676	29	2	1.0	elu	80	160	0.0006588	13.3	3.99	4.5	956	4000	5.42	4.931	True	1e+06		
3677	27	2	1.0	elu	20	40	0.0008477	9.5	1.56	3.44	3643	2000	41.84	9.087	True	1e+06		
3673	28	2	0.5	elu	120	40	0.0007223	9.36	2.53	3.66	1387	4000	3.392	2.994	True	1e+06		
3670	32	2	1.0	elu	120	40	0.0008512	12.8	1.54	2.42	3432	4000	2.186	2.602	True	1e+06		
3679	27	2	1.0	elu	20	40	0.0008253	12.5	4.59	4.43	1035	3000	9.444	8.062	True	1e+06		
3674	29	2	2.0	elu	120	40	0.000778	13.5	1.38	2.74	4995	4000	2.105	2.301	True	1e+06		
3671	32	2	1.0	elu	120	40	0.0006558	17.2	3.33	3.52	1045	4000	2.493	2.541	True	1e+06		
3675	28	2	1.0	gelu	120	40	0.0006009	7.65	3.84	4.97	753	4000	2.46	2.408	True	1e+06		
3682	25	2	1.0	elu	120	40	0.0008822	10.2	1.82	4.13	3368	1500	2.863	2.596	True	1e+06		
3678	27	2	1.0	elu	120	160	0.0008678	9.8	1.5	2.59	3939	4000	2.6	2.266	True	1e+06		
3684	26	2	1.0	elu	120	40	0.001308	9.98	2.42	1.76	3686	3000	2.356	2.739	True	1e+06		
3680	30	2	1.0	elu	120	40	0.0008248	15.2	2.95	3.79	1990	4000	2.282	2.231	True	1e+06		
3681	25	2	1.0	gelu	120	40	0.0007013	15.9	1.93	2.22	3689	4000	2.147	2.185	True	1e+06		
3683	28	2	1.0	elu	120	80	0.0006876	13.4	3.66	2.28	1070	4000	2.51	2.119	True	1e+06		
3691	28	2	1.0	elu	20	40	0.0007782	13	1.64	2.67	4423	500	6.857	6.416	True	1e+06		
3686	29	2	1.0	elu	80	40	0.0008619	14.4	1.15	2.56	3386	4000	2.381	2.3	True	1e+06		
3685	29	2	1.0	gelu	120	40	0.0007075	15.2	3.06	3.18	1407	4000	2.251	2.231	True	1e+06		
3690	30	2	1.0	elu	120	40	0.000805	13.2	2.37	1.89	1562	1000	3.398	3.17	True	1e+06		
3688	26	2	1.0	elu	20	40	0.0008034	10.3	3.39	2.51	2047	4000	82.6	15.1	True	1e+06		
3687	25	2	1.0	elu	120	40	0.0009885	8.63	1.92	3.8	3719	4000	2.363	2.417	True	1e+06		
3689	28	2	1.0	elu	120	40	0.0008655	13.4	3.36	3.23	2127	3000	2.478	2.184	True	1e+06		
3694	26	2	1.0	relu	120	160	0.0007479	16.5	1.73	2.17	3123	4000	3.185	2.64	True	1e+06		
3695	27	2	1.0	relu	120	40	0.0008426	18.3	1.65	2.02	2437	4000	2.864	3.178	True	1e+06		
3692	25	2	1.0	elu	120	40	0.0008353	15.3	3.68	4.75	2003	4000	2.301	2.479	True	1e+06		
3693	29	2	1.0	relu	120	40	0.0007207	10	3.72	4.51	1824	4000	2.406	2.238	True	1e+06		
3701	29	2	0.5	elu	120	40	0.0007896	11.5	4.12	3.72	734	500	6.846	5.876	True	1e+06		
3696	29	2	0.5	elu	120	40	0.0006952	8.01	3.2	3.68	1662	4000	2.906	2.926	True	1e+06		
3702	28	2	1.0	elu	40	40	0.0007946	7.46	2.92	4.21	2030	3000	6.435	6.058	True	1e+06		
3699	28	2	1.0	elu	120	40	0.0007186	15.7	1.81	1.87	3641	2000	2.787	2.712	True	1e+06		
3697	29	2	1.0	elu	120	40	0.0005892	8.69	4.55	3.54	1812	4000	2.25	2.196	True	1e+06		
3706	29	2	1.0	elu	120	40	0.0007806	10.2	3.58	4.43	693	1000	3.691	3.3	True	1e+06		
3698	28	2	1.0	gelu	120	40	0.0005808	12.3	3.05	4.96	1482	4000	2.174	2.214	True	1e+06		
3700	27	2	1.0	relu	120	40	0.0008639	15.5	1.02	2.41	3869	4000	3.429	2.818	True	1e+06		
3704	28	2	1.0	gelu	120	40	0.001083	8.54	2.69	1.9	4047	3000	2.292	2.203	True	1e+06		
3703	28	2	1.0	elu	120	40	0.001038	11.8	4.25	2.91	2154	4000	2.289	2.374	True	1e+06		
3705	27	2	1.0	gelu	120	40	0.0007537	13.8	3.37	2.44	1690	4000	2.27	2.39	True	1e+06		
3710	26	2	1.0	elu	120	40	0.0008812	13	2.37	2.19	3352	2000	2.755	2.747	True	1e+06		
3707	32	2	1.0	relu	120	40	0.000795	10	3.84	4.48	643	4000	2.637	2.492	True	1e+06		
3708	29	2	1.0	elu	80	40	0.0008225	8.4	3.16	4.51	1288	4000	2.6	2.505	True	1e+06		
3712	27	2	1.0	elu	120	40	0.0005958	12.7	4.33	4.17	1463	1500	3.251	3.203	True	1e+06		
3717	26	2	1.0	elu	120	80	0.0009302	12.5	3.65	4.31	1435	500	5.509	4.469	True	1e+06		
3716	25	2	1.0	elu	40	40	0.0006111	7.9	3.3	4.08	787	4000	5.52	4.826	True	1e+06		
3709	28	2	1.0	gelu	120	40	0.0007242	6.38	3.54	4.68	1645	4000	2.188	2.287	True	1e+06		
3711	31	2	1.0	elu	80	40	0.0008184	11.6	2.45	4.49	121	4000	2.496	2.51	True	1e+06		
3719	26	2	1.0	elu	120	40	0.0007783	9.49	3.34	4.95	579	500	4.862	3.889	True	1e+06		
3713	25	2	1.0	elu	120	40	0.0009061	11.5	2.77	2.84	2862	4000	2.271	2.372	True	1e+06		
3722	29	2	1.0	elu	120	40	0.0008388	12.8	1.22	2.44	4595	1000	3.565	3.014	True	1e+06		
3715	27	2	1.0	elu	80	80	0.0007972	11.9	2.55	4.64	1239	4000	3.061	2.788	True	1e+06		
3725	29	2	1.0	elu	120	40	0.0007502	7.5	3.62	4.27	1834	500	5.593	4.433	True	1e+06		
3714	28	2	1.0	elu	120	40	0.0009994	11.6	2.18	4.85	2465	4000	2.142	2.436	True	1e+06		
3726	32	2	1.0	elu	40	40	0.0009218	10.7	2.36	4.44	322	4000	4.542	4.25	True	1e+06		
3718	32	2	1.0	elu	120	40	0.0007434	12	4.42	3.64	1616	4000	2.504	2.719	True	1e+06		
3721	30	2	1.0	elu	120	80	0.0008111	10.9	3.26	3.21	1431	4000	3.602	3.423	True	1e+06		
3723	29	2	0.5	elu	20	40	0.0007224	10.7	4.06	3.54	1435	4000	41.98	18.93	True	1e+06		
3724	29	2	2.0	elu	120	40	0.0009701	14.6	1.39	2.59	3549	4000	2.407	2.342	True	1e+06		
3731	30	2	1.0	elu	120	40	0.0007985	9.48	2.08	4.38	4413	500	5.371	4.026	True	1e+06		
3720	27	2	1.0	elu	120	40	0.0006936	6.96	2.85	4.76	570	4000	2.3	2.465	True	1e+06		
3728	28	2	1.0	gelu	120	40	0.0008778	13	1.39	2.88	3868	3000	2.269	2.327	True	1e+06		
3730	30	2	1.0	elu	120	40	0.0007588	15	2.07	2.07	1843	3000	2.511	2.302	True	1e+06		
3736	29	2	1.0	elu	40	40	0.0007772	10.3	4.35	4.86	763	4000	3.845	3.367	True	1e+06		
3727	31	2	1.0	elu	120	40	0.001007	15.3	2.94	3.25	900	4000	2.259	2.588	True	1e+06		
3729	31	2	1.0	elu	120	40	0.0008607	12.5	3.75	3.14	2994	4000	2.313	2.336	True	1e+06		
3735	27	2	1.0	relu	120	40	0.000755	14.6	1.81	2.28	4114	2000	2.495	2.403	True	1e+06		
3733	28	2	1.0	elu	120	80	0.0006913	11.8	2.65	2.97	2017	4000	2.7	2.594	True	1e+06		
3734	31	2	1.0	elu	120	80	0.0007811	14	3.66	3.95	982	4000	2.594	2.452	True	1e+06		
3739	27	2	1.0	elu	40	40	0.0008546	7.2	3.84	4.06	544	1000	5.129	4.399	True	1e+06		
3732	29	2	1.0	elu	120	40	0.0008024	18.9	2.88	1.73	1870	4000	2.203	2.291	True	1e+06		
3742	27	2	1.0	relu	120	40	0.0007387	9.44	4.18	4.43	815	500	4.427	4.285	True	1e+06		
3737	28	2	1.0	elu	120	80	0.0008425	11	3.08	2.37	2839	3000	2.722	2.709	True	1e+06		
3743	27	2	1.0	elu	120	40	0.0005319	9.63	2.71	4.71	1972	4000	4.617	4.214	True	1e+06		
3746	29	2	1.0	elu	40	40	0.0008465	11.5	4.09	4.22	1513	3000	4.314	3.435	True	1e+06		
3740	32	2	1.0	relu	120	40	0.0008841	11	3.59	4.92	156	4000	2.669	2.996	True	1e+06		
3741	27	2	1.0	gelu	120	40	0.0007947	14.2	2.09	2.65	4429	3000	2.375	2.205	True	1e+06		
3738	29	2	0.5	elu	120	40	0.0005682	9.4	3.51	4.87	1788	4000	2.998	2.588	True	1e+06		
3747	29	2	0.5	elu	120	40	0.0007575	17	4.32	3.26	1691	1500	5.3	3.924	True	1e+06		
3748	28	2	1.0	elu	120	80	0.0007377	9.65	2.04	3.53	3625	1500	3.153	2.886	True	1e+06		
3749	27	2	1.0	elu	120	40	0.0007432	12.6	2.74	2.31	1641	1500	3.106	2.766	True	1e+06		
3744	26	2	1.0	elu	120	40	0.0006332	15	2.04	2.02	3924	4000	2.31	2.312	True	1e+06		
3745	26	2	1.0	elu	120	40	0.0008215	10.2	1.62	4.97	2909	4000	2.39	2.477	True	1e+06		
3756	29	2	1.0	elu	80	40	0.0008506	16.1	1.39	1.92	4039	4000	2.926	2.903	True	1e+06		
3751	29	2	1.0	elu	120	40	0.0007738	12.3	3.51	3.56	1333	4000	2.314	2.319	True	1e+06		
3750	27	2	1.0	elu	120	40	0.0006788	7.23	4.91	4.2	1590	4000	2.535	2.628	True	1e+06		
3757	27	2	0.5	elu	120	40	0.000769	13.3	1.79	2.66	4587	1500	4.811	3.764	True	1e+06		
3753	25	2	1.0	elu	120	40	0.0007684	19.8	1.53	2.21	3385	4000	2.065	2.029	True	1e+06		
3752	30	2	1.0	elu	120	40	0.0007536	10.4	3.68	2.89	3300	4000	2.375	2.173	True	1e+06		
3754	31	2	1.0	gelu	120	40	0.0006761	8.66	3.56	3.88	1286	4000	2.276	2.294	True	1e+06		
3755	31	2	1.0	elu	120	40	0.0007295	11.6	1.21	2.77	4700	4000	2.568	2.445	True	1e+06		
3761	30	2	1.0	elu	120	40	0.0008425	10.4	2.41	4.49	1536	1500	3.419	3.141	True	1e+06		
3759	28	2	2.0	gelu	120	40	0.0006971	10.7	2.48	4.41	1707	4000	2.296	2.273	True	1e+06		
3758	31	2	0.5	elu	120	40	0.0007971	12.2	1.41	2.54	4130	4000	2.81	2.976	True	1e+06		
3763	24	2	1.0	elu	80	40	0.0008861	10.1	3.13	4.54	758	4000	2.638	2.605	True	1e+06		
3760	28	2	1.0	elu	120	40	0.0009254	5.3	3.34	4.75	1234	4000	2.544	2.887	True	1e+06		
3764	25	2	1.0	elu	120	40	0.0007382	19	1.28	2.52	3440	4000	2.259	2.448	True	1e+06		
3762	30	2	1.0	elu	120	80	0.0006866	12.6	1.38	2.72	4875	4000	2.596	2.537	True	1e+06		
3765	25	2	1.0	elu	120	40	0.0005924	9.03	3.69	4.07	2594	4000	2.761	2.825	True	1e+06		
3766	28	2	1.0	elu	120	40	0.0008048	12.8	3.71	2.15	5210	4000	2.159	2.064	True	1e+06		
3768	27	2	1.0	elu	120	40	0.0007677	15.2	1.79	2.25	1546	4000	2.178	2.095	True	1e+06		
3769	25	2	0.5	elu	120	40	0.0008773	15.5	1.91	2.5	4323	4000	2.752	2.807	True	1e+06		
3767	29	2	1.0	elu	120	40	0.0007676	11	4.52	3.1	1540	4000	2.428	2.439	True	1e+06		
3771	29	2	1.0	elu	120	40	0.000702	11.3	3.29	3.84	1978	3000	2.452	2.59	True	1e+06		
3770	29	2	1.0	elu	120	80	0.0006408	7.58	3.4	4.2	974	4000	2.64	2.539	True	1e+06		
3772	27	2	2.0	elu	120	160	0.0006434	15.3	1.57	2.94	3510	4000	2.35	2.267	True	1e+06		
3775	26	2	1.0	elu	120	40	0.0007558	10.6	1.56	3.01	3252	1500	3.007	3.162	True	1e+06		
3774	28	2	1.0	elu	120	40	0.0008486	14.9	2.91	1.99	1965	2000	2.883	2.716	True	1e+06		
3773	22	2	1.0	elu	120	40	0.0007482	13.2	1.42	2.16	3853	4000	2.342	2.277	True	1e+06		
3777	30	2	1.0	elu	120	40	0.0007461	9.14	3.65	4.28	1842	3000	2.677	2.696	True	1e+06		
3778	28	2	1.0	elu	120	160	0.0009098	16.5	1.95	2.68	4373	4000	2.565	2.189	True	1e+06		
3776	29	2	1.0	elu	120	40	0.0008108	13.3	2.69	2.28	4058	4000	2.088	2.02	True	1e+06		
3780	26	2	1.0	elu	120	40	0.00105	12	1.66	4.88	3615	4000	2.054	2.151	True	1e+06		
3779	27	2	1.0	elu	120	40	0.0007976	12.1	3.72	1.92	2565	4000	2.156	2.036	True	1e+06		
3781	30	2	1.0	elu	120	40	0.0007821	13.3	4.87	3.95	1829	4000	2.593	2.763	True	1e+06		
3787	26	2	1.0	elu	120	40	0.0007298	16.2	3.46	2.33	1805	1500	3.382	2.917	True	1e+06		
3782	26	2	1.0	elu	120	40	0.0008001	7.76	2.91	3.79	177	4000	2.511	2.671	True	1e+06		
3783	30	2	1.0	elu	120	80	0.0008248	5.9	3.52	4.51	951	4000	2.525	2.808	True	1e+06		
3784	29	2	1.0	elu	120	40	0.0007191	12.5	1.48	2.19	2033	4000	2.245	2.495	True	1e+06		
3785	31	2	1.0	elu	120	40	0.0007867	15.3	4.32	1.84	2649	4000	2.24	2.37	True	1e+06		
3791	27	2	1.0	elu	40	40	0.0008397	11	3.83	3.63	1922	4000	2.861	2.492	True	1e+06		
3786	26	2	1.0	elu	120	40	0.0009678	9.28	3.57	3.53	918	4000	2.51	2.574	True	1e+06		
3788	28	2	1.0	elu	120	40	0.0007769	9.95	1.69	4.06	1921	4000	2.399	2.477	True	1e+06		
3789	29	2	1.0	elu	120	40	0.0007606	11.1	3.46	4.85	875	3000	2.429	2.428	True	1e+06		
3796	27	2	1.0	elu	40	40	0.0009454	10.4	2.27	2.08	4052	3000	4.761	3.99	True	1e+06		
3790	27	2	1.0	relu	120	40	0.0007762	12.2	4.21	4.84	1716	4000	2.929	2.943	True	1e+06		
3792	29	2	1.0	elu	80	40	0.0006865	13.3	1.1	2.18	3130	4000	2.305	2.538	True	1e+06		
3800	24	2	2.0	elu	120	40	0.0009571	9.54	1.79	4.53	3196	500	4.289	3.779	True	1e+06		
3799	29	2	1.0	elu	120	40	0.0007308	16	3.34	3.58	1735	1000	3.503	3.25	True	1e+06		
3795	28	2	2.0	elu	120	40	0.0006903	15.4	1.47	2.88	4569	4000	2.138	2.294	True	1e+06		
3793	29	2	1.0	elu	120	40	0.0008195	14.9	2	1.79	4301	4000	2.089	2.386	True	1e+06		
3794	31	2	1.0	elu	120	40	0.000713	6.19	4.04	3.67	632	4000	2.508	2.683	True	1e+06		
3797	27	2	1.0	elu	120	40	0.0007548	9.9	4.24	4.9	289	4000	2.359	2.303	True	1e+06		
3804	24	2	1.0	elu	120	40	0.0006678	6.61	3.18	3.67	1567	4000	3.795	3.516	True	1e+06		
3798	27	2	1.0	elu	120	40	0.0007524	10.9	3	2.37	2220	4000	2.03	2.161	True	1e+06		
3802	26	2	1.0	elu	120	40	0.001076	7.75	2.48	2.11	4517	3000	2.707	2.675	True	1e+06		
3803	31	2	1.0	elu	120	40	0.0006339	13.6	1.19	2.78	4305	3000	2.323	2.672	True	1e+06		
3801	26	2	1.0	elu	120	40	0.0007789	12.5	4.41	2.58	2875	4000	2.271	2.325	True	1e+06		
3807	28	2	1.0	elu	120	40	0.000903	6.11	3.29	4.07	1295	1500	3.139	2.746	True	1e+06		
3808	29	2	1.0	elu	120	40	0.0009881	9.57	2.79	3.94	1147	2000	2.748	2.939	True	1e+06		
3811	27	2	1.0	elu	120	40	0.0007549	14.7	2.85	3.1	1754	1000	4.191	3.867	True	1e+06		
3805	30	2	1.0	elu	120	40	0.0009301	13.8	1.63	2.44	3656	4000	2.241	2.385	True	1e+06		
3806	32	2	1.0	gelu	120	40	0.0009025	9.35	3.61	3.82	1328	4000	2.214	2.271	True	1e+06		
3815	28	2	1.0	elu	120	40	0.0007313	8.37	3.13	4.1	1037	1500	3.514	2.971	True	1e+06		
3810	25	2	1.0	elu	120	40	0.0007925	18.7	1.74	2.48	1171	4000	2.014	2.023	True	1e+06		
3809	27	2	1.0	elu	120	40	0.0006384	13.6	3.64	2.02	2328	4000	2.589	2.45	True	1e+06		
3812	28	2	1.0	relu	120	40	0.0007919	11.8	3.25	4.28	2372	4000	2.348	2.41	True	1e+06		
3818	31	2	1.0	elu	120	40	0.0007108	13.1	1.04	2.43	3471	1000	3.893	3.481	True	1e+06		
3816	26	2	1.0	elu	120	40	0.0008839	8.1	2.61	2.29	3200	3000	2.596	2.546	True	1e+06		
3813	24	2	1.0	elu	120	40	0.0009826	17.3	1.44	2.47	4328	4000	2.249	2.381	True	1e+06		
3814	28	2	1.0	elu	120	40	0.0007114	11.4	3.78	1.9	1721	4000	2.324	2.31	True	1e+06		
3824	26	2	1.0	elu	20	40	0.0007436	11.7	3.44	2.97	2156	4000	26.81	43.72	True	1e+06		
3819	26	2	1.0	elu	120	80	0.0007787	13	2.6	2.39	4841	4000	3.4	3.131	True	1e+06		
3817	29	2	1.0	elu	120	40	0.000689	10.8	2.06	4.17	3597	4000	2.52	2.967	True	1e+06		
3820	25	2	1.0	elu	120	40	0.001023	11.9	2.11	3.52	4286	4000	2.481	2.235	True	1e+06		
3827	28	2	1.0	elu	20	40	0.0007919	12.4	1.95	3	3554	4000	74.92	83.05	True	1e+06		
3826	28	2	1.0	elu	20	40	0.000817	12.8	2.64	1.95	2303	4000	14.84	7.005	True	1e+06		
3822	25	2	1.0	elu	120	40	0.0008223	11.3	2.12	3.09	4573	4000	2.319	2.219	True	1e+06		
3821	28	2	1.0	elu	120	40	0.0008029	13.7	2.27	2.76	5388	4000	2.204	2.028	True	1e+06		
3823	30	2	1.0	elu	120	80	0.000627	14.8	4.06	3.75	1662	4000	2.527	2.703	True	1e+06		
3830	30	2	1.0	elu	20	40	0.0009716	16.3	1.69	2.72	4356	4000	33.52	9.437	True	1e+06		
3829	29	2	1.0	gelu	120	40	0.0007284	9.89	2.39	4.58	1593	1000	2.966	2.912	True	1e+06		
3831	27	2	1.0	elu	40	40	0.0007686	15.9	2.12	1.86	1955	4000	4.459	4.201	True	1e+06		
3825	30	2	2.0	elu	120	40	0.0008529	16.5	1.38	2.66	3997	4000	2.171	2.557	True	1e+06		
3828	29	2	1.0	elu	120	40	0.0007601	11.8	1.94	3.36	4162	4000	3.321	2.779	True	1e+06		
3837	25	2	0.5	elu	120	40	0.0007299	14.4	1.78	2.23	3294	1500	3.752	3.188	True	1e+06		
3835	26	2	0.5	elu	80	40	0.0007513	10.9	2.07	2.73	3889	4000	3.715	3.177	True	1e+06		
3836	26	2	2.0	elu	80	40	0.0008465	13.2	2.12	2.33	4339	4000	2.362	2.531	True	1e+06		
3832	28	2	1.0	relu	120	40	0.0009088	11.6	2.67	4.3	1801	4000	2.602	2.585	True	1e+06		
3842	26	2	1.0	elu	20	40	0.0008652	8.63	1.87	4.06	3574	4000	2.027e+04	375.1	True	1e+06		
3841	27	2	1.0	elu	20	40	0.001032	10.5	2.4	1.94	4383	3000	1729	292.8	True	1e+06		
3834	28	2	1.0	elu	120	40	0.0006895	14.4	3.51	2.67	4167	4000	2.087	2.152	True	1e+06		
3833	29	2	2.0	elu	120	40	0.0008318	14.6	1.57	2.79	2846	4000	1.971	2.097	True	1e+06		
3839	29	2	1.0	relu	120	40	0.0008522	12.6	1.97	2.52	4302	2000	2.815	3.206	True	1e+06		
3838	27	2	1.0	elu	120	40	0.0008205	11.2	1.79	2.44	3117	4000	2.185	2.138	True	1e+06		
3840	28	2	2.0	elu	120	160	0.0008052	15.5	1.5	2.37	4065	4000	2.087	2.016	True	1e+06		
3843	28	2	1.0	elu	120	40	0.001113	17.4	1.28	2.61	3277	4000	2.349	2.381	True	1e+06		
3844	25	2	1.0	elu	120	40	0.0008292	11.6	2.42	4.18	3356	4000	1.971	1.986	True	1e+06		
3847	30	2	1.0	elu	120	160	0.0006505	15.4	1.59	2.36	3348	4000	2.533	2.333	True	1e+06		
3849	29	2	1.0	elu	120	80	0.0007319	10.5	3.46	4.71	1423	2000	3.28	3.204	True	1e+06		
3845	28	2	1.0	elu	120	80	0.0008588	11.1	3.08	3.18	2822	4000	2.649	2.354	True	1e+06		
3848	27	2	1.0	elu	80	40	0.0008024	10.8	3.61	3.53	1066	4000	2.792	2.784	True	1e+06		
3846	28	2	2.0	elu	120	40	0.0008573	9.31	2.43	2.38	3625	4000	2.124	2.258	True	1e+06		
3852	26	2	1.0	elu	20	40	0.0008018	9.03	3.13	3.48	1699	4000	9.225	7.159	True	1e+06		
3855	32	2	1.0	elu	40	80	0.000692	12.4	3.17	4.93	878	4000	5.032	4.338	True	1e+06		
3851	30	2	0.5	elu	120	40	0.0009294	10.5	3.57	4.44	1418	4000	4.273	3.799	True	1e+06		
3850	28	2	2.0	elu	120	40	0.0008487	11.8	3.23	3.68	1309	4000	2.041	2.306	True	1e+06		
3858	26	2	1.0	elu	40	40	0.0008763	10.7	3.31	3.26	1818	4000	4.898	4.097	True	1e+06		
3854	30	2	1.0	elu	120	40	0.001241	6.62	2.48	1.97	3682	3000	2.616	2.846	True	1e+06		
3857	26	2	1.0	elu	120	40	0.0007558	6.37	3.39	3.91	867	3000	2.767	3.093	True	1e+06		
3853	27	2	1.0	elu	120	40	0.0007567	14.9	3.11	2.85	2291	4000	2.166	1.995	True	1e+06		
3856	30	2	1.0	elu	120	40	0.000721	14.3	1.08	2.73	3131	4000	2.446	2.099	True	1e+06		
3865	28	2	0.5	elu	120	40	0.0008023	6.28	4.23	4.34	2080	500	6.875	5.278	True	1e+06		
3863	24	2	0.5	elu	120	40	0.0007665	10.2	1.73	4.55	3622	4000	6.077	5.29	True	1e+06		
3859	27	2	1.0	elu	120	40	0.0007075	13	5.66	4.55	1749	4000	3.615	3.064	True	1e+06		
3861	29	2	1.0	elu	120	160	0.0007516	16.6	1.11	2.2	3657	4000	2.813	2.323	True	1e+06		
3860	26	2	1.0	elu	120	40	0.0007134	9.38	1.74	3.75	4780	4000	2.312	2.139	True	1e+06		
3862	28	2	2.0	elu	120	40	0.0006898	10.1	2.6	3.98	927	4000	2.182	2.255	True	1e+06		
3866	25	2	2.0	elu	120	40	0.0007874	12.7	1.81	2.22	4155	2000	2.088	2.452	True	1e+06		
3864	30	2	1.0	elu	120	40	0.0007147	11.8	4.2	4.58	2968	4000	2.346	2.655	True	1e+06		
3870	31	2	1.0	elu	80	40	0.0008492	8.63	4.18	4.52	1195	2000	2.825	2.941	True	1e+06		
3867	30	2	0.5	elu	120	40	0.000696	11	3.72	4.62	1691	4000	2.866	2.868	True	1e+06		
3868	27	2	1.0	elu	120	40	0.001034	12.6	3.77	3.85	1349	4000	2.256	2.299	True	1e+06		
3873	31	2	2.0	relu	80	40	0.0007317	9.76	3.58	4.58	589	4000	2.794	3.075	True	1e+06		
3869	27	2	0.5	elu	120	80	0.000694	7.22	3.57	4.76	1878	4000	3.205	3.018	True	1e+06		
3871	29	2	2.0	elu	120	40	0.0008051	9.03	3.81	3.69	1158	4000	2.52	2.597	True	1e+06		
3872	25	2	2.0	elu	120	40	0.0008222	7.75	4.65	3.69	1339	4000	2.119	2.315	True	1e+06		
3879	28	2	1.0	elu	40	40	0.000861	13.3	2.25	2.07	4656	4000	5.839	5.009	True	1e+06		
3875	29	2	1.0	elu	80	40	0.0008151	18.6	1.37	2.12	3587	4000	2.49	2.869	True	1e+06		
3874	32	2	1.0	elu	120	40	0.0008293	11	1.43	2.11	4856	4000	2.111	2.001	True	1e+06		
3877	26	2	1.0	gelu	120	40	0.0007274	9.49	1.93	3.95	3187	4000	2.599	2.762	True	1e+06		
3876	26	2	0.5	elu	120	40	0.000665	10.9	3.81	4.22	2580	4000	2.806	2.532	True	1e+06		
3883	27	2	1.0	elu	80	40	0.0009435	8.03	2.25	2.33	3918	1000	3.973	3.809	True	1e+06		
3878	30	2	1.0	elu	120	40	0.0006986	11.7	2.06	2.81	5232	4000	2.235	2.142	True	1e+06		
3884	25	2	1.0	elu	120	40	0.0007475	11	1.6	3.5	4047	1000	3.669	3.251	True	1e+06		
3887	26	2	1.0	elu	120	40	0.001044	10.1	2.07	4.31	3515	1000	3.552	3.154	True	1e+06		
3886	27	2	1.0	relu	120	80	0.0008351	9.49	1.82	4.02	3643	4000	3.748	3.381	True	1e+06		
3880	30	2	1.0	elu	120	40	0.0006926	7.67	2.36	3.74	1719	4000	2.444	2.496	True	1e+06		
3881	25	2	1.0	elu	120	40	0.0007297	9.67	1.52	2.99	3934	4000	2.3	2.514	True	1e+06		
3882	27	2	1.0	elu	120	40	0.0007329	14.6	2.3	3.36	3639	4000	2.118	2.235	True	1e+06		
3885	31	2	1.0	elu	80	40	0.0006575	7.81	4.64	4.54	2164	4000	2.434	2.61	True	1e+06		
3890	29	2	1.0	elu	120	40	0.0009906	8.33	2.39	2.39	3344	2000	2.588	2.813	True	1e+06		
3888	27	2	2.0	elu	120	40	0.0006703	11	1.82	2.86	3492	4000	2.139	2.388	True	1e+06		
3891	27	2	1.0	gelu	120	40	0.001013	9.03	2.36	3.48	4015	4000	2.357	2.237	True	1e+06		
3892	29	2	2.0	elu	120	40	0.0009877	10.4	2.44	2.48	4453	3000	2.14	2.449	True	1e+06		
3889	26	2	2.0	elu	120	40	0.0008831	11.5	1.82	2.5	3865	4000	2.045	2.118	True	1e+06		
3893	32	2	1.0	elu	120	40	0.0008291	11.3	3.95	4.71	413	3000	2.836	2.685	True	1e+06		
3899	29	2	1.0	elu	40	40	0.0007664	7.75	4.67	3.91	1714	4000	5.69	4.339	True	1e+06		
3894	31	2	1.0	elu	120	160	0.000709	7.95	4.14	4.94	817	4000	3.431	3.101	True	1e+06		
3897	29	2	1.0	elu	120	40	0.000711	15.8	2.04	2.27	3207	1500	4.017	3.171	True	1e+06		
3896	27	2	1.0	gelu	120	40	0.0008801	9.46	3.21	3.93	1968	3000	2.524	2.489	True	1e+06		
3895	27	2	0.5	elu	120	40	0.0008232	14.3	3.59	2.71	263	4000	2.852	2.767	True	1e+06		
3905	31	2	2.0	elu	120	40	0.0007537	12.8	1.46	2.77	4549	500	4.803	3.873	True	1e+06		
3902	29	2	1.0	gelu	120	40	0.0008445	8.76	3.86	3.85	1173	2000	2.423	2.331	True	1e+06		
3904	29	2	1.0	elu	20	40	0.0008658	8.73	4.5	4.77	1150	4000	20.17	7.391	True	1e+06		
3900	29	2	1.0	elu	120	40	0.0007567	7.35	2.78	1.96	4021	3000	2.576	2.704	True	1e+06		
3898	25	2	1.0	elu	120	40	0.0006421	18.9	1.54	2.22	2504	4000	2.175	1.947	True	1e+06		
3908	26	2	1.0	elu	120	40	0.0007765	15.7	2.52	2.38	4531	1500	2.989	2.711	True	1e+06		
3901	23	2	1.0	elu	120	40	0.0009857	8.68	4.06	3.73	966	4000	2.353	2.821	True	1e+06		
3910	25	2	0.5	elu	120	40	0.0009257	11.1	1.37	4.21	3395	4000	4.318	3.901	True	1e+06		
3907	31	2	1.0	elu	80	40	0.0007747	11.8	4.91	4.76	1118	4000	2.865	2.897	True	1e+06		
3903	26	2	1.0	elu	120	40	0.0006221	9.85	1.89	3.3	3630	4000	2.259	2.271	True	1e+06		
3906	29	2	1.0	gelu	120	40	0.0008106	10.4	3.2	2.33	1138	4000	2.401	2.52	True	1e+06		
3909	27	2	1.0	elu	120	40	0.0008432	19.9	1.48	2.2	2288	4000	2.066	2.158	True	1e+06		
3911	32	2	0.5	elu	120	160	0.0007917	8.51	3.12	4.08	149	4000	4.276	3.092	True	1e+06		
3912	31	2	1.0	elu	80	40	0.0006963	10.5	4.88	4.36	2320	4000	2.916	3.012	True	1e+06		
3914	28	2	1.0	elu	80	40	0.0007322	7.76	3.67	4.12	1536	4000	2.627	2.9	True	1e+06		
3918	28	2	1.0	elu	20	40	0.0008063	14.2	3.17	2.99	1360	4000	8.034	5.426	True	1e+06		
3913	27	2	1.0	elu	120	40	0.0006099	7.69	3.51	3.65	209	4000	2.704	2.707	True	1e+06		
3915	30	2	1.0	elu	120	160	0.0008338	7.02	3.94	4.15	1780	4000	3.475	2.839	True	1e+06		
3921	30	2	1.0	elu	20	40	0.0007007	14.5	1.6	2.02	5119	4000	151.7	10.33	True	1e+06		
3919	25	2	1.0	elu	120	40	0.0005999	13.9	3.24	4.08	1396	4000	3.424	3.251	True	1e+06		
3917	27	2	1.0	elu	120	80	0.0008529	18.1	2.21	2.08	1964	4000	2.228	2.241	True	1e+06		
3916	29	2	1.0	elu	120	40	0.0007138	11.6	3.23	2.25	4656	4000	2.336	2.069	True	1e+06		
3925	29	2	1.0	elu	40	40	0.0006781	13.4	1.39	2.06	4139	4000	5.105	5.429	True	1e+06		
3924	27	2	0.5	elu	120	160	0.0008835	10.4	2.26	4.1	1557	4000	6.024	4.582	True	1e+06		
3926	30	2	1.0	elu	40	40	0.0008955	6.63	3.37	4.73	525	4000	4.533	3.946	True	1e+06		
3922	32	2	1.0	elu	120	160	0.0008167	11.2	3.29	4.93	750	4000	2.686	2.411	True	1e+06		
3929	28	2	1.0	elu	120	40	0.0007306	8.76	1.85	3.73	4550	1000	4.021	3.264	True	1e+06		
3920	28	2	1.0	gelu	120	40	0.000684	16.2	3.49	3.37	1749	4000	2.325	2.345	True	1e+06		
3923	28	2	1.0	elu	120	40	0.000629	9.38	2.8	3.43	2020	4000	2.447	2.254	True	1e+06		
3931	29	2	1.0	elu	120	40	0.000871	11.2	3.12	3.24	2055	1500	3.199	3.05	True	1e+06		
3930	27	2	1.0	elu	120	40	0.0007934	12.9	1.85	2.02	4418	2000	3.216	2.915	True	1e+06		
3934	31	2	1.0	relu	120	160	0.0008801	12.1	1.6	2.62	4635	2000	4.191	3.026	True	1e+06		
3928	26	2	1.0	elu	120	40	0.001116	8.7	2.71	1.76	4048	4000	2.425	2.705	True	1e+06		
3927	27	2	1.0	gelu	120	40	0.0008356	12	3.1	4.31	1126	4000	2.253	2.279	True	1e+06		
3938	27	2	1.0	elu	20	40	0.0008462	13.7	2.17	1.98	1604	4000	19.85	23.5	True	1e+06		
3937	28	2	1.0	elu	120	40	0.0009132	18.1	1.47	2.35	4473	1500	3.081	3.256	True	1e+06		
3936	26	2	1.0	gelu	120	40	0.0006888	9.2	4.01	4.05	1517	2000	2.781	2.436	True	1e+06		
3932	28	2	1.0	elu	120	40	0.0006412	9.15	2.32	4.01	3639	4000	2.322	2.148	True	1e+06		
3933	29	2	1.0	gelu	120	40	0.0006904	11	2.92	1.59	2079	4000	2.113	2.11	True	1e+06		
3940	30	2	1.0	elu	20	40	0.0009239	15.8	1.28	2.39	3165	2000	10.31	8.888	True	1e+06		
3942	28	2	1.0	elu	20	40	0.0007757	11.9	3.11	4.11	1194	4000	10.16	9.059	True	1e+06		
3935	24	2	0.5	elu	120	40	0.0008393	8.45	1.66	4.04	3509	4000	2.859	2.53	True	1e+06		
3943	30	2	1.0	relu	20	40	0.0007188	9.16	4.15	4.91	1338	4000	6.73	6.386	True	1e+06		
3945	29	2	1.0	elu	120	40	0.0009386	12.4	2.48	4.45	2370	1000	4.521	3.541	True	1e+06		
3949	27	2	1.0	elu	40	40	0.000738	16.8	1.64	2.75	3726	4000	6.84	5.049	True	1e+06		
3939	28	2	1.0	elu	120	80	0.0008301	14.2	1.66	2.59	3267	4000	2.487	2.466	True	1e+06		
3944	30	2	1.0	elu	80	40	0.0008585	13.9	1.92	1.98	3326	4000	2.821	2.984	True	1e+06		
3946	27	2	1.0	relu	120	40	0.000806	12.1	3.83	3.21	3271	3000	2.613	2.558	True	1e+06		
3941	25	2	2.0	elu	120	40	0.0007471	5.95	3.63	4.73	964	4000	2.263	2.385	True	1e+06		
3948	28	2	1.0	elu	120	160	0.0006904	9.21	3.14	3.93	1808	4000	2.656	2.652	True	1e+06		
3947	31	2	1.0	elu	120	40	0.0007655	11.9	4.33	2.78	1598	4000	3.015	2.982	True	1e+06		
3951	24	2	1.0	elu	120	40	0.0008383	10.9	2.31	2.03	3697	4000	2.213	2.122	True	1e+06		
3953	32	2	1.0	relu	120	40	0.0008907	8.21	3	4.92	294	4000	3.127	3.316	True	1e+06		
3952	27	2	1.0	elu	120	160	0.0009035	14.2	1.51	2.42	3277	4000	2.307	2.157	True	1e+06		
3950	30	2	0.5	elu	120	40	0.0007478	9.04	2.93	4.38	443	4000	2.798	2.632	True	1e+06		
3958	31	2	1.0	elu	120	40	0.0006816	6.57	3.48	4.52	1772	500	6.233	4.942	True	1e+06		
3954	24	2	0.5	elu	120	40	0.0008281	17	1.61	2.1	4017	4000	2.295	2.431	True	1e+06		
3955	26	2	1.0	gelu	120	40	0.0008484	15.6	1.35	2.07	1245	4000	2.204	2.336	True	1e+06		
3956	27	2	0.5	elu	120	40	0.0009804	8.67	4.2	4.06	693	4000	2.559	2.468	True	1e+06		
3963	28	2	1.0	elu	20	40	0.0006742	11.2	3.97	4.62	1805	4000	43.89	12.55	True	1e+06		
3957	26	2	1.0	elu	120	40	0.0009065	14.2	2.5	4.25	1622	4000	2.296	2.382	True	1e+06		
3961	24	2	0.5	gelu	120	40	0.001025	8.61	1.69	4.27	3514	4000	2.368	2.448	True	1e+06		
3959	28	2	1.0	elu	120	40	0.000795	11.1	2.77	1.7	1807	4000	2.238	2.149	True	1e+06		
3960	28	2	2.0	elu	120	40	0.000827	10.8	2.22	2.86	4005	4000	2.064	2.031	True	1e+06		
3964	27	2	0.5	elu	120	40	0.0007985	15.6	2.56	1.87	1726	1500	6.51	5.164	True	1e+06		
3962	27	2	1.0	elu	120	40	0.0006053	15.7	1.59	2.23	2109	4000	2.109	2.023	True	1e+06		
3966	28	2	1.0	elu	120	40	0.000906	17.1	1.11	2.45	2536	1500	2.883	2.8	True	1e+06		
3968	29	2	0.5	elu	120	40	0.0009335	14.7	3.04	1.95	1673	1000	4.652	4.091	True	1e+06		
3967	31	2	1.0	elu	120	40	0.0009845	16.1	1.48	2.74	3808	2000	2.419	2.566	True	1e+06		
3965	27	2	1.0	gelu	120	40	0.0008716	10.9	1.63	3.75	3791	4000	2.486	2.573	True	1e+06		
3970	27	2	1.0	elu	120	40	0.001004	12.3	1.34	2.34	4839	4000	2.064	2.069	True	1e+06		
3971	28	2	1.0	elu	120	40	0.0009277	8.89	2.45	1.82	4763	3000	2.258	2.11	True	1e+06		
3972	29	2	1.0	elu	120	40	0.0008278	8.65	1.88	4.45	2052	3000	2.469	2.461	True	1e+06		
3969	30	2	1.0	elu	120	40	0.0008184	9.09	3.2	4.26	548	4000	2.644	2.44	True	1e+06		
3973	27	2	2.0	elu	120	40	0.0008705	12.2	1.44	3.97	3446	4000	2.06	2.063	True	1e+06		
3974	29	2	1.0	elu	120	160	0.0009373	14.3	1.72	2.26	3326	4000	2.68	2.289	True	1e+06		
3979	30	2	1.0	elu	120	40	0.001018	8.15	1.9	2.17	4071	1000	4.232	3.551	True	1e+06		
3980	28	2	1.0	elu	120	40	0.0009658	7.02	2.12	2.58	3927	1000	3.506	3.334	True	1e+06		
3975	27	2	1.0	elu	120	40	0.0007742	16.1	2.87	1.97	4499	4000	2.175	2.035	True	1e+06		
3977	28	2	1.0	elu	80	40	0.0006307	6.4	4.85	4.17	561	4000	2.706	2.787	True	1e+06		
3978	28	2	1.0	elu	120	40	0.0009025	14.5	3.96	4.31	1599	4000	2.347	2.398	True	1e+06		
3976	28	2	1.0	elu	120	40	0.0006368	14.9	3.31	3.95	3068	4000	2.285	2.116	True	1e+06		
3981	25	2	2.0	elu	120	40	0.0007576	8.31	3.3	3.76	647	4000	2.331	2.491	True	1e+06		
3984	28	2	1.0	elu	80	40	0.00101	8.88	2.52	2.11	4358	3000	2.655	2.406	True	1e+06		
3986	29	2	1.0	elu	80	40	0.0008078	9.41	3.74	3.74	1459	2000	3.174	2.916	True	1e+06		
3982	27	2	0.5	elu	120	40	0.0007876	12.1	3.09	4.93	452	4000	3.199	2.99	True	1e+06		
3988	26	2	1.0	elu	20	80	0.0006709	9.5	4.02	3.58	1588	4000	8.895	8.164	True	1e+06		
3983	25	2	1.0	elu	120	40	0.0007878	13.8	1.53	2.37	3604	4000	2.226	1.955	True	1e+06		
3990	28	2	1.0	elu	120	40	0.0008589	13.9	3.94	3.47	2730	500	5.59	4.312	True	1e+06		
3992	26	2	1.0	elu	40	40	0.0007229	10	4.09	4.08	1860	2000	4.477	4.296	True	1e+06		
3993	31	2	1.0	elu	20	40	0.0007749	14.2	3.7	3.5	1582	4000	8.046	8.345	True	1e+06		
3985	27	2	2.0	elu	120	40	0.0007906	9.55	3.5	3.17	2328	4000	2.092	2.081	True	1e+06		
3991	31	2	1.0	elu	40	80	0.0006804	9.79	3.49	4.67	2146	4000	5.493	4.363	True	1e+06		
3987	29	2	1.0	elu	120	80	0.0007293	10.9	4.06	4.23	1880	4000	2.427	2.528	True	1e+06		
3989	28	2	1.0	elu	120	40	0.0008143	15.5	2.38	1.73	1261	3000	2.137	2.123	True	1e+06		
4000	30	2	1.0	relu	40	40	0.0007862	12.5	3.46	3.46	2083	4000	3.197	2.902	True	1e+06		
3994	30	2	1.0	elu	120	40	0.0008575	12.6	1.89	2.22	3207	4000	2.05	1.936	True	1e+06		
3995	26	2	2.0	elu	120	40	0.0006935	8.94	4.02	4.74	998	4000	2.143	2.057	True	1e+06		
3997	30	2	1.0	elu	120	40	0.0009998	16.2	1.1	2.74	3958	3000	2.097	2.246	True	1e+06		
3998	28	2	1.0	elu	120	80	0.0008664	11.7	3.86	4.7	1102	4000	2.495	2.566	True	1e+06		
3996	27	2	1.0	elu	120	40	0.0008098	8.87	1.91	3	4172	4000	2.211	2.322	True	1e+06		
4005	27	2	1.0	elu	40	40	0.0008694	14.6	3.43	4.47	1553	4000	4.93	4.175	True	1e+06		
3999	26	2	1.0	elu	120	160	0.000815	19.9	1.39	2.25	1663	4000	3.046	2.39	True	1e+06		
4006	26	2	1.0	elu	20	40	0.000779	14.5	1.99	1.98	3349	4000	7.687	14.88	True	1e+06		
4001	23	2	1.0	elu	120	40	0.0007695	16.3	1.33	2.18	2543	4000	2.635	2.744	True	1e+06		
4002	25	2	1.0	elu	120	40	0.0009519	14.4	2.45	2.48	4458	4000	2.389	2.38	True	1e+06		
4004	27	2	1.0	elu	120	40	0.0008019	7.23	1.83	2.37	3919	3000	2.416	2.401	True	1e+06		
4007	29	2	2.0	elu	120	40	0.0007889	10.5	4.55	4.17	1555	2000	2.521	2.533	True	1e+06		
4003	27	2	1.0	relu	120	40	0.0008467	9.13	2.11	4.38	3907	4000	2.38	2.498	True	1e+06		
4009	23	2	0.5	elu	120	40	0.000713	16.4	1.8	2.38	3504	4000	2.647	2.414	True	1e+06		
4008	29	2	1.0	elu	120	40	0.0006753	10.7	1.97	2.5	3761	4000	2.301	2.342	True	1e+06		
4011	27	2	1.0	elu	120	160	0.0008464	17.1	3.63	3.88	1149	4000	2.614	2.511	True	1e+06		
4015	26	2	1.0	elu	40	40	0.000794	11.4	1.57	2.29	3741	4000	7.19	5.414	True	1e+06		
4014	27	2	1.0	elu	80	40	0.0007574	19	1.36	2.08	4015	4000	2.406	2.44	True	1e+06		
4012	27	2	1.0	elu	120	80	0.0007544	10.8	3.72	4.54	1543	4000	2.362	2.454	True	1e+06		
4013	29	2	2.0	elu	120	40	0.0007321	10.1	3.77	4.71	2052	3000	2.373	2.319	True	1e+06		
4010	29	2	1.0	elu	120	40	0.0008787	8.8	4.64	3.55	728	4000	2.209	2.349	True	1e+06		
4018	29	2	1.0	elu	40	40	0.0007967	16.3	3.05	1.59	2406	4000	8.09	4.834	True	1e+06		
4017	28	2	1.0	elu	80	40	0.0006165	12.3	3.53	4.29	1977	3000	2.533	2.898	True	1e+06		
4020	26	2	1.0	elu	80	80	0.0008973	9.14	3.85	3.82	1721	4000	2.711	2.704	True	1e+06		
4016	29	2	1.0	elu	120	40	0.0006549	8.28	4.79	4.7	2364	4000	2.287	2.436	True	1e+06		
4019	26	2	1.0	elu	80	40	0.0008055	11.9	3.12	3.34	3152	4000	2.467	2.961	True	1e+06		
4024	28	2	1.0	relu	120	40	0.0008226	10.3	4.68	4.33	2039	4000	3.59	3.591	True	1e+06		
4026	27	2	1.0	elu	80	40	0.0007731	9.68	2.02	2.56	3389	1000	4.28	3.983	True	1e+06		
4023	23	2	1.0	elu	120	40	0.0007374	6.73	4.02	4.19	1158	4000	2.436	2.463	True	1e+06		
4021	30	2	2.0	elu	120	40	0.0006664	7.59	3.63	4.76	1526	4000	2.191	2.29	True	1e+06		
4022	29	2	1.0	elu	120	40	0.0006478	17.5	1.88	2.25	4148	4000	2.26	2.143	True	1e+06		
4029	28	2	0.5	elu	20	40	0.0008713	9.85	2.44	4.71	1996	4000	14.07	9.501	True	1e+06		
4028	31	2	1.0	relu	40	40	0.0008203	9.29	3.06	4.47	1168	4000	4.472	4.021	True	1e+06		
4027	28	2	0.5	gelu	120	40	0.0007759	14.9	1.67	2.93	3640	4000	3.118	2.977	True	1e+06		
4025	29	2	1.0	elu	120	40	0.0006111	7.72	4.02	4.04	1504	4000	2.825	2.715	True	1e+06		
4031	27	2	0.5	elu	120	80	0.0008012	9.78	2.48	4.41	1573	4000	2.861	2.603	True	1e+06		
4030	30	2	1.0	elu	120	40	0.000897	7.41	5.41	4.15	253	4000	2.314	2.374	True	1e+06		
4032	30	2	1.0	elu	120	40	0.0009244	6.85	2.89	4.93	994	4000	2.47	2.464	True	1e+06		
4033	30	2	1.0	elu	120	40	0.0009006	7.23	2.02	1.96	3454	3000	2.416	2.806	True	1e+06		
4040	25	2	1.0	elu	40	40	0.0007985	12.3	2.09	2.09	3959	2000	5.504	4.866	True	1e+06		
4036	26	2	1.0	elu	120	160	0.0007207	11.4	4.23	4.51	799	4000	2.538	2.495	True	1e+06		
4037	30	2	1.0	elu	80	40	0.0007972	15	4.01	2.07	2016	4000	2.693	2.935	True	1e+06		
4035	28	2	1.0	elu	120	40	0.0007473	14.2	2.99	2.92	5224	4000	2.343	2.461	True	1e+06		
4034	30	2	1.0	elu	120	40	0.0006724	11.8	1.9	2.15	4790	4000	2.442	2.225	True	1e+06		
4042	28	2	1.0	elu	120	40	0.0006495	14.1	3.27	3.06	1615	500	5.453	4.411	True	1e+06		
4041	28	2	1.0	relu	120	80	0.0008725	12.1	1.26	2.37	3394	4000	2.931	2.669	True	1e+06		
4045	29	2	0.5	elu	120	40	0.0007422	13.9	1.5	2.44	4403	4000	5.138	4.418	True	1e+06		
4038	29	2	1.0	elu	120	40	0.0006635	10	2.49	3.49	4608	4000	2.36	2.131	True	1e+06		
4039	31	2	1.0	elu	120	40	0.000872	13.2	1.38	1.89	4968	4000	2.338	2.416	True	1e+06		
4048	29	2	1.0	elu	40	40	0.0007087	10.4	4.5	4.15	1807	4000	70.26	20.89	True	1e+06		
4046	30	2	1.0	elu	120	40	0.0007459	10	3.14	3.84	988	3000	2.601	2.776	True	1e+06		
4044	27	2	1.0	elu	120	40	0.0008723	12.4	3.55	3.63	2098	4000	2.206	2.173	True	1e+06		
4043	30	2	1.0	gelu	120	40	0.0007344	9.62	3.39	4.72	2155	4000	2.284	2.332	True	1e+06		
4053	28	2	1.0	elu	20	40	0.001071	14.9	2.53	2.3	4135	4000	152.6	36.29	True	1e+06		
4047	25	2	1.0	elu	120	40	0.000716	9.38	2.24	3.29	3813	4000	2.521	2.574	True	1e+06		
4051	25	2	1.0	elu	80	40	0.0007115	15.7	1.56	2.24	3277	4000	2.65	2.654	True	1e+06		
4049	25	2	1.0	elu	120	80	0.0008368	14.5	2.52	2.09	4134	4000	2.288	2.271	True	1e+06		
4050	27	2	1.0	gelu	120	40	0.0007247	15.4	3.21	3.75	844	4000	2.189	2.109	True	1e+06		
4052	25	2	1.0	elu	120	40	0.0008396	9.1	1.58	2.73	3587	4000	2.185	2.084	True	1e+06		
4057	26	2	1.0	relu	120	40	0.0008466	11.1	1.74	4.13	3998	2000	2.64	2.539	True	1e+06		
4058	26	2	1.0	elu	120	40	0.0006142	12	2.47	5	2103	1500	3.192	2.887	True	1e+06		
4054	30	2	1.0	elu	120	160	0.0007238	9.78	2.94	3.79	1478	4000	2.986	2.806	True	1e+06		
4056	26	2	1.0	elu	120	40	0.0008246	19.2	1.27	2.26	4651	3000	2.672	2.759	True	1e+06		
4055	28	2	1.0	elu	120	80	0.0007198	14	2.47	3.07	4211	4000	2.348	2.353	True	1e+06		
4065	26	2	1.0	elu	120	40	0.0006541	7.37	3.36	4.17	1615	1000	4.044	3.923	True	1e+06		
4060	22	2	1.0	elu	120	40	0.0007951	10.9	1.99	2.99	3839	4000	2.563	2.621	True	1e+06		
4059	30	2	1.0	gelu	120	40	0.0006936	11.3	3.6	4.55	2478	4000	2.262	2.277	True	1e+06		
4061	29	2	1.0	elu	120	80	0.000755	6.76	3.37	3.72	1348	4000	2.399	2.343	True	1e+06		
4063	30	2	1.0	elu	120	160	0.0007599	14.1	3.6	4.37	1869	4000	2.604	2.415	True	1e+06		
4064	25	2	1.0	elu	80	40	0.0009446	11.8	2.34	2.42	4051	4000	2.531	2.661	True	1e+06		
4062	31	2	1.0	gelu	120	40	0.0008886	14.6	1.6	2.39	4877	4000	2.059	2.336	True	1e+06		
4066	29	2	0.5	gelu	120	160	0.0007725	6.68	4.25	4.02	1022	4000	3.17	3.246	True	1e+06		
4067	26	2	1.0	elu	120	40	0.0011	14.6	1.6	2.28	4666	4000	2.448	2.54	True	1e+06		
4074	29	2	0.5	elu	120	40	0.0008623	13	4	4.15	1256	1000	3.802	3.444	True	1e+06		
4068	30	2	1.0	relu	120	40	0.0008247	13.4	1.28	2.24	4162	4000	2.967	2.41	True	1e+06		
4069	30	2	0.5	elu	120	80	0.0006793	15.1	3.17	1.69	2098	4000	2.599	2.312	True	1e+06		
4070	28	2	0.5	elu	120	40	0.0006842	6.18	3.26	4.29	1414	4000	2.939	2.652	True	1e+06		
4071	24	2	1.0	elu	120	40	0.0005939	11.1	2.45	4.06	1854	4000	2.498	2.548	True	1e+06		
4073	32	2	2.0	elu	120	40	0.0006579	11.9	3.8	4.55	1110	4000	2.152	2.035	True	1e+06		
4072	26	2	0.5	elu	120	40	0.0008887	10.1	1.8	2.1	4098	4000	2.481	2.36	True	1e+06		
4080	30	2	1.0	elu	20	40	0.0008061	8.65	4.06	4.41	429	4000	7.874	5.84	True	1e+06		
4076	27	2	1.0	relu	120	40	0.001381	9.22	2.48	2.18	3609	3000	2.852	3.274	True	1e+06		
4081	28	2	1.0	elu	120	40	0.0009298	8.62	1.84	1.91	3726	1500	2.861	2.652	True	1e+06		
4083	29	2	1.0	elu	20	40	0.0008027	6.17	3.33	4.38	394	1000	17.29	10.17	True	1e+06		
4084	27	2	1.0	elu	40	40	0.0008542	14.5	1.81	2.54	3459	2000	4.836	4.092	True	1e+06		
4077	26	2	1.0	elu	120	160	0.0009267	11.5	3.31	4.57	1592	4000	2.846	2.379	True	1e+06		
4075	29	2	1.0	gelu	120	40	0.0007115	13	4.36	4.05	1638	4000	2.257	2.578	True	1e+06		
4078	27	2	1.0	elu	120	80	0.000582	10.3	2.32	4.26	2389	4000	2.649	2.662	True	1e+06		
4087	29	2	1.0	elu	120	40	0.000696	10.7	2.5	3.9	1836	500	5.142	4.271	True	1e+06		
4079	23	2	1.0	elu	120	40	0.0009306	10.7	2.1	3.54	4391	4000	2.279	2.475	True	1e+06		
4082	29	2	1.0	elu	80	40	0.0007463	15.2	3.31	4.21	1727	3000	3.163	3.418	True	1e+06		
4085	30	2	1.0	elu	120	40	0.0007149	8.14	3.48	4.79	833	2000	2.913	2.76	True	1e+06		
4088	30	2	1.0	elu	120	40	0.0007815	12	1.89	2.81	3518	3000	2.621	2.553	True	1e+06		
4091	27	2	1.0	elu	120	40	0.0008314	9.53	2.05	3.44	5200	4000	2.434	2.199	True	1e+06		
4086	26	2	0.5	elu	120	40	0.0007218	10.1	3.56	4.17	1430	4000	3.239	2.958	True	1e+06		
4090	28	2	1.0	elu	120	80	0.00072	9.88	3.89	4.59	2337	4000	2.822	2.719	True	1e+06		
4094	31	2	1.0	elu	40	40	0.0006046	10.2	4.3	4.14	2414	4000	4.124	3.787	True	1e+06		
4093	30	2	2.0	elu	120	40	0.0009157	15.7	3.38	4.57	1653	4000	2.273	2.554	True	1e+06		
4089	29	2	1.0	elu	120	40	0.0006866	6.08	2.89	4.63	1751	4000	2.681	2.463	True	1e+06		
4092	28	2	1.0	elu	120	40	0.0007004	7.79	2.96	4.47	1159	4000	2.648	2.583	True	1e+06		
4101	29	2	1.0	elu	120	40	0.0007461	16.6	1.07	2.55	3614	1000	3.477	3.151	True	1e+06		
4096	27	2	1.0	elu	120	40	0.0007461	9.4	2.41	3.69	2285	2000	2.841	2.62	True	1e+06		
4099	27	2	1.0	elu	20	40	0.0008399	16.3	2.5	1.95	1932	4000	33.91	7.557	True	1e+06		
4100	28	2	0.5	relu	120	40	0.0006117	10.8	4.32	4.01	2192	4000	4.926	4.846	True	1e+06		
4098	30	2	2.0	elu	120	40	0.0007101	15.2	1.31	2.38	4055	2000	2.53	2.519	True	1e+06		
4095	30	2	1.0	gelu	120	40	0.0008341	8.29	3.52	4.5	1434	3000	2.425	2.362	True	1e+06		
4104	29	2	1.0	elu	40	40	0.0009734	11.8	1.16	2.34	3994	4000	5.921	4.322	True	1e+06		
4102	28	2	1.0	elu	20	40	0.0008209	8.64	4.07	4.28	797	2000	6.889	5.762	True	1e+06		
4097	32	2	1.0	relu	120	40	0.0008232	11.7	2.66	4.23	1236	4000	2.743	2.624	True	1e+06		
4105	28	2	1.0	elu	120	40	0.0007169	13.8	2.2	1.88	2249	1500	2.815	2.714	True	1e+06		
4108	27	2	0.5	elu	40	40	0.0006747	12.4	3.68	2.35	2407	4000	6.513	6.064	True	1e+06		
4109	28	2	0.5	elu	120	40	0.0007524	12.4	3.53	4.64	2115	1000	4.04	3.553	True	1e+06		
4112	25	2	1.0	elu	40	40	0.0007305	10.4	2.01	3.8	4319	4000	4.087	3.876	True	1e+06		
4110	26	2	1.0	elu	120	40	0.0007248	19.5	1.52	2.28	4033	2000	2.884	2.961	True	1e+06		
4103	28	2	1.0	elu	120	80	0.0006628	7.06	4.44	3.83	1426	4000	3.255	3.177	True	1e+06		
4113	26	2	2.0	elu	20	40	0.0007988	10.3	2.25	4.42	3664	4000	136.5	55.87	True	1e+06		
4114	32	2	1.0	elu	20	40	0.0007956	11.6	1.48	2.42	4565	4000	725.2	39.14	True	1e+06		
4106	30	2	1.0	gelu	120	40	0.0008128	7.82	4.25	4.5	1062	4000	2.262	2.257	True	1e+06		
4107	26	2	2.0	elu	120	40	0.0007571	10.3	3.57	3.74	810	4000	2.081	2.397	True	1e+06		
4115	23	2	1.0	elu	120	160	0.0008803	10.7	1.89	4.67	3968	4000	3.205	2.618	True	1e+06		
4116	28	2	1.0	elu	120	160	0.0006298	12.5	1.51	2.54	3389	4000	3.376	2.723	True	1e+06		
4118	27	2	1.0	elu	120	40	0.0008662	19.5	1.6	2.06	3084	4000	2.201	2.12	True	1e+06		
4117	25	2	2.0	elu	120	40	0.0006626	7.41	3.81	4.54	413	4000	2.263	2.208	True	1e+06		
4121	25	2	1.0	elu	120	40	0.0007816	8.34	1.71	4.53	3633	2000	3.207	2.935	True	1e+06		
4119	23	2	1.0	elu	120	40	0.0007578	14.7	1.74	2.08	2526	4000	2.202	2.174	True	1e+06		
4122	29	2	1.0	elu	80	80	0.0009086	15.3	1.36	2.27	2915	4000	4.354	4.007	True	1e+06		
4120	32	2	1.0	elu	120	40	0.0009987	10.3	4.01	4.81	889	4000	2.301	2.419	True	1e+06		
4123	28	2	0.5	elu	120	40	0.0008716	15.1	1.67	2.6	4353	3000	4.128	3.678	True	1e+06		
4126	28	2	1.0	elu	120	40	0.0009074	11.6	4.79	4.85	1732	1000	3.989	3.69	True	1e+06		
4130	29	2	1.0	elu	120	160	0.000796	15.6	2.15	1.9	1654	4000	4.96	4.071	True	1e+06		
4129	30	2	1.0	elu	40	40	0.0008909	12.6	1.57	2.16	3344	4000	3.195	2.742	True	1e+06		
4131	25	2	1.0	elu	120	160	0.0007522	9.78	1.75	3.39	3588	500	6.401	5.12	True	1e+06		
4124	28	2	1.0	elu	80	40	0.0008869	15.8	1.73	2.24	3019	4000	2.6	2.709	True	1e+06		
4127	26	2	1.0	elu	120	40	0.001099	9.8	3.08	2.27	3594	3000	2.418	2.646	True	1e+06		
4125	30	2	1.0	elu	120	40	0.0006342	13.3	1.25	2.61	5461	4000	2.187	2.008	True	1e+06		
4128	30	2	1.0	elu	120	40	0.001036	10.2	2.71	2.48	3087	3000	2.458	2.387	True	1e+06		
4133	30	2	1.0	elu	120	40	0.0008062	9.36	2.62	2.06	2282	2000	3.011	3.069	True	1e+06		
4136	23	2	1.0	elu	120	160	0.0008208	10.4	2.02	4.09	3712	4000	3.667	3.425	True	1e+06		
4132	27	2	1.0	elu	120	40	0.0006406	12.4	2.1	2.15	4376	4000	2.289	1.969	True	1e+06		
4139	26	2	1.0	elu	120	40	0.0006697	8.3	3.57	4.41	23	1500	3.577	3.102	True	1e+06		
4135	26	2	1.0	elu	120	40	0.0008813	9.07	3.69	4.23	2222	4000	2.49	2.774	True	1e+06		
4134	28	2	1.0	elu	120	40	0.0008084	15.3	1.93	3.19	3151	4000	2.484	2.262	True	1e+06		
