trial	nz	encoder_depth	width_mult	nonlin	nsteps	bs	lr	y_loss_w	x_loss_w	recon_loss_w	seed	epochs	dev_mae	test_mae	use_block_diag	cl_of	cl_tracking	cl_du
0	24	2	0.5	gelu	120	40	0.001118	1.5	1.38	4.48	8080	4000	10.11	11.98	True	313.3	261.1	29.76
1	27	2	0.5	gelu	120	40	0.001048	1.99	1.78	4.58	7508	2000	10.33	12.56	True	226.9	197.4	14.67
2	27	2	0.5	gelu	120	40	0.001048	1.99	1.78	4.58	7508	4000	10.41	13.1	True	198.6	172.4	12.67
3	27	2	0.5	gelu	120	40	0.001176	1.67	1.78	4.71	8029	4000	10.13	12.02	True	206.7	177.7	12.26
5	22	2	0.5	gelu	120	40	0.001282	1.12	1.24	3.53	5293	4000	10.5	12.83	True	198.5	176.2	10.73
4	26	2	0.5	gelu	120	40	0.001128	1.44	1.41	4.89	7480	4000	10.97	15.2	True	198.7	163.1	15.33
6	24	2	0.5	gelu	120	40	0.001411	1.21	1.54	3.57	7145	2000	10.15	12.1	True	234.1	192.6	23.13
7	23	2	0.5	gelu	120	40	0.001672	1.19	1.38	3.47	6959	4000	10.49	12.79	True	207.6	182.5	13.93
8	27	2	0.5	gelu	120	40	0.001105	1.45	1.45	4.39	7513	4000	10.14	12.01	True	206.6	178.4	13.43
9	26	2	0.5	gelu	120	40	0.001351	1.73	1.62	4.98	8382	2000	10.3	12.51	True	471.2	423	29.74
11	19	2	0.5	gelu	120	40	0.001077	1.35	1.22	3.97	7278	1500	10.16	11.74	True	223.4	191.1	15.22
10	24	2	0.5	gelu	120	40	0.00116	1.92	1.7	4.81	8273	3000	10.73	13.24	True	215.3	184.6	15.28
12	26	2	0.5	gelu	120	40	0.001137	1.87	1.6	4.91	8076	2000	10.09	12.03	True	207.3	180.1	14.22
13	19	2	0.5	gelu	120	40	0.001245	1.56	1.04	4.07	7209	4000	10.2	12.15	True	276.4	214.5	37.53
14	22	2	0.5	gelu	120	40	0.001652	1.71	1.14	4.05	7727	4000	10.16	12.15	True	216.2	186.4	14.08
15	17	2	0.5	gelu	120	40	0.00116	1.45	1.11	4.14	7050	4000	10.25	12.26	True	241	202.2	21.91
16	26	3	0.5	gelu	120	40	0.0009316	1.4	2.43	3.31	4841	1500	10.27	12.2	True	541	456.3	53.45
17	30	3	0.5	gelu	120	40	0.001064	1	1.5	1.64	5885	4000	10.13	12.09	True	714.3	604.7	71.09
19	20	2	0.5	relu	120	40	0.001366	1.74	2.02	4.27	3604	4000	10.56	12.73	True	325.1	269.5	32.52
18	27	1	0.5	gelu	120	40	0.000606	2.47	1.21	3.51	9654	4000	10.41	12.89	True	248.4	187.4	26.29
20	24	2	0.5	gelu	120	40	0.001291	1.47	4.25	5	7821	4000	10.32	12.18	True	308.3	267.5	21.67
21	25	2	0.5	gelu	120	40	0.0004267	3.6	2.47	3.95	7313	1500	10.27	12.15	True	500	428.6	44.05
22	29	2	0.5	elu	120	40	0.001671	2.83	3.4	3.68	7460	4000	10.27	12.43	True	479.1	413.5	41.93
23	17	2	0.5	relu	120	40	0.0008777	1.53	1.02	2.74	3182	3000	10.55	12.83	True	1.153e+04	1.045e+04	689.1
24	22	2	0.5	gelu	120	40	0.001298	1.18	5.26	3.39	5422	4000	10.42	12.64	True	460.6	390.4	40.24
25	18	2	0.5	gelu	20	40	0.002086	1.57	2.98	3.62	6705	4000	24.21	20.66	True	473.3	277.9	30.31
27	14	2	0.5	gelu	120	40	0.001182	2.11	1.66	3.04	7784	4000	10.35	12.49	True	1288	961.7	213.9
26	24	2	0.5	gelu	120	40	0.001412	1.87	2.37	2.16	6484	4000	10.26	12.35	True	8919	7744	722.6
29	18	2	0.5	gelu	120	40	0.001049	1.63	2.71	1.72	4832	4000	10.4	12.34	True	805.2	717	56.24
28	24	2	0.5	gelu	120	40	0.0006412	1.92	1.57	3.13	4198	4000	10.26	12.23	True	515.9	449.5	39.75
30	26	2	0.5	gelu	120	40	0.001694	4.11	1.66	4.76	8692	1000	10.31	12.45	True	809.5	744.9	41.46
31	22	3	0.5	gelu	120	40	0.001148	1.11	1.39	4.14	2132	4000	10.65	12.7	True	1341	1099	155.8
32	23	2	0.5	gelu	120	40	0.0007459	1.04	2.21	3.36	6962	4000	10.41	12.55	True	526.5	421.5	66.84
33	31	2	1.0	gelu	120	40	0.0006751	1.58	1.63	2.26	6561	4000	10.63	12.69	True	355.5	272.8	50.26
34	28	2	0.5	gelu	120	40	0.001186	1.47	1.16	2.54	7181	4000	10.17	12.36	True	302.4	268	19.62
35	21	2	0.5	gelu	120	40	0.0006394	2.4	1.41	4.15	7977	4000	10.31	12.21	True	396.1	333.5	37.75
36	29	2	0.5	gelu	120	40	0.0009311	1.7	1.17	3.66	4761	4000	10.36	12.35	True	268.4	235.4	17.99
37	30	2	0.5	gelu	120	40	0.001634	1.72	1.13	4.21	6848	4000	10.17	12.51	True	243.7	219.8	13.16
38	25	1	0.5	gelu	120	40	0.000939	1.51	2.05	4.83	6789	3000	10.73	13.06	True	240.3	216	12.48
40	25	3	0.5	gelu	120	40	0.0008352	3.12	3.51	4.15	7268	4000	10.37	12.42	True	826.4	678.5	94.6
39	25	2	0.5	gelu	120	40	0.001102	1.37	1.44	2.47	4726	4000	10.51	12.56	True	248.2	218.2	16.74
41	26	2	0.5	gelu	120	40	0.001424	1.08	1.86	3.93	4992	500	10.61	12.81	True	4118	3735	220.7
42	24	2	0.5	gelu	120	40	0.001756	1.31	1.08	2.89	3905	4000	10.27	12.26	True	415.6	369.1	26.93
44	23	2	0.5	gelu	120	40	0.0008135	1.43	1.41	4.54	9337	4000	10.43	12.55	True	525.2	460.2	39.98
43	25	2	0.5	elu	120	40	0.001373	1.6	1.69	3.61	8888	4000	10.16	11.9	True	198	176.8	10.57
45	25	2	0.5	gelu	120	40	0.0007498	1.32	1.15	3.65	7640	4000	10.23	11.95	True	260.9	227	17.45
46	19	1	0.5	gelu	120	40	0.001244	1.44	1.7	4.8	6813	4000	10.48	12.91	True	189.6	164.8	12.72
47	26	2	0.5	gelu	120	40	0.001201	2.24	1.58	4.84	5810	1500	10.34	12.34	True	858.1	726.7	84.63
48	24	2	0.5	elu	120	40	0.001789	2.5	1.83	3.78	6833	4000	10.15	12.25	True	351.3	310.2	23.45
49	21	2	0.5	gelu	120	40	0.0009491	1.09	2.24	4.96	7335	4000	10.25	12.01	True	311	281.5	17.41
50	21	2	0.5	gelu	120	40	0.001168	1.43	1.23	3.79	4622	4000	10.2	12.2	True	198.2	158.5	19.9
51	28	2	2.0	gelu	120	40	0.0007857	1.35	1.2	4.3	6307	4000	10.41	12.46	True	310.5	274.4	18.41
53	17	2	0.5	gelu	120	40	0.001491	1.09	2.27	3.95	6556	4000	10.39	12.43	True	379.7	323.4	31.87
52	22	2	0.5	elu	120	40	0.001041	1.78	2.02	4.43	9819	4000	10.41	12.4	True	189.1	162.4	12.11
54	23	2	0.5	elu	120	40	0.001939	1.83	1.45	3.25	8167	4000	10.43	12.69	True	336.3	274.8	34.79
56	23	2	0.5	elu	120	40	0.001707	1.23	1.54	3.59	9635	4000	10.16	12.1	True	247.4	220.3	14.7
55	23	2	0.5	gelu	120	40	0.0008612	2.03	1.33	4.02	6990	4000	9.821	12.26	True	266.7	223.5	22.59
58	19	2	0.5	elu	120	40	0.001141	1.77	2.94	3.23	8562	4000	10.4	12.64	True	277.8	232.9	23.58
57	24	2	0.5	elu	120	40	0.001405	2.12	2.71	2.52	9199	4000	10.19	12.25	True	257.8	221.9	17.91
60	16	2	0.5	gelu	120	40	0.001145	1.28	2.13	3.79	5357	4000	10.18	12.33	True	399.4	345.6	31.16
59	18	1	0.5	gelu	120	40	0.001154	1.64	1.95	4.97	5383	4000	10.2	12.17	True	464.1	396.9	37.81
61	23	2	0.5	gelu	120	40	0.001315	1.72	1.34	3.21	4850	4000	10.26	12.27	True	511.6	432.2	50.42
62	17	2	0.5	gelu	120	40	0.001295	1.27	1.07	4.33	5745	4000	10.23	12.19	True	537	464.8	37.88
63	20	2	0.5	gelu	120	40	0.001005	1.24	1.39	4.89	6136	4000	10.51	12.64	True	224.6	193.5	15.35
64	22	2	0.5	gelu	120	40	0.000873	1.08	1.18	3.5	4710	4000	10.35	12.56	True	293.4	247	22.28
66	21	2	0.5	gelu	120	40	0.001415	1.4	1.3	4.66	5830	500	10.11	11.78	True	5040	4434	335.5
65	25	2	0.5	gelu	120	40	0.001142	1.31	1.78	3.23	6827	4000	10.51	12.45	True	221.7	187.9	19.14
67	29	2	0.5	gelu	120	40	0.001004	2.09	1.65	3.75	7467	4000	10.19	12.14	True	859.3	737.3	77.86
68	24	2	0.5	gelu	120	40	0.001146	1.27	1.04	4.88	7957	4000	10.18	12.35	True	553.8	503.5	30.44
69	25	2	0.5	elu	120	40	0.001403	1.28	1.79	3.54	9214	4000	10.12	11.75	True	323.1	281.5	22.11
70	24	2	0.5	gelu	120	40	0.001125	1.11	1.55	3.22	3748	4000	10.55	12.61	True	839.9	743.5	63.64
72	18	2	0.5	gelu	120	40	0.001094	1.59	2.1	4.53	8013	4000	10.31	12.23	True	517	386.9	71.09
71	23	2	0.5	gelu	120	40	0.0009129	1.29	2.92	4.54	7671	4000	10.55	13.11	True	239.3	215.3	12.84
73	23	2	0.5	elu	120	40	0.001772	1.8	1.84	2.9	9998	4000	10.34	12.21	True	293.4	258.8	17.56
74	27	2	0.5	gelu	120	40	0.0009687	1.92	1.35	3.67	8476	4000	10.37	13.97	True	243.3	203.9	17.21
76	24	2	0.5	gelu	120	40	0.001086	1.36	1.68	4.93	7537	4000	10.16	12.09	True	505.3	431.5	48.41
75	26	2	0.5	gelu	120	40	0.00113	1.45	1.39	4	6825	4000	10.55	12.55	True	201.1	171.9	16.9
77	25	2	0.5	elu	120	40	0.001525	1.9	1.86	3.49	9140	4000	10.1	11.99	True	415.1	328.4	53.22
78	24	2	0.5	gelu	120	40	0.001354	1.04	1.2	3.23	5777	4000	10.1	12.1	True	207.1	172.9	19.24
79	29	2	0.5	gelu	120	40	0.001048	1.46	2.13	3.31	7131	4000	10.21	12.14	True	378	328.5	28.38
80	28	2	0.5	gelu	120	40	0.001214	1.33	1.32	3.54	5644	4000	10.6	12.6	True	608	552.7	31.3
81	22	2	0.5	elu	120	40	0.001191	1.39	2.04	4.31	9526	4000	10.27	12.78	True	304	267.9	17.46
82	26	2	0.5	gelu	120	40	0.001219	1.25	1.44	3.9	6939	4000	10.17	12.03	True	229.7	200.7	14.04
83	24	2	0.5	elu	120	40	0.001304	1.23	1.59	4.47	7941	4000	10.44	12.47	True	240	210.6	14.09
84	24	2	0.5	gelu	120	40	0.001113	1	1.55	4.44	6094	4000	10.23	11.95	True	207.8	182.5	13.17
85	23	2	0.5	gelu	120	40	0.001004	1.64	1.5	3.81	6497	4000	10.31	12.41	True	578.7	522	34.6
86	27	2	0.5	elu	120	40	0.001112	1.33	1.72	4.21	8024	4000	10.66	12.96	True	444.6	410.1	21.62
87	27	2	0.5	gelu	120	40	0.0008873	1.56	1.78	3.78	6739	4000	10.28	12.31	True	394.6	333.7	36.32
89	23	2	0.5	gelu	120	40	0.00149	1.15	1.38	4.5	5213	4000	10.19	12.18	True	273.2	233	20.92
88	28	2	0.5	gelu	120	40	0.0009338	1.41	1.5	4.43	6746	4000	10.15	12.16	True	217.3	189.1	15.06
90	27	2	0.5	gelu	120	40	0.0008736	1.21	1.35	3.55	7964	4000	10.73	13.03	True	721	640.6	49.38
91	21	2	0.5	gelu	120	40	0.001128	1.16	1.18	3.28	5110	4000	10.49	13.08	True	400.7	330.3	39.66
92	21	2	0.5	gelu	120	40	0.0009959	1.66	1.25	3.58	4263	4000	10.23	12.14	True	307	273.2	19.29
93	27	2	0.5	gelu	120	40	0.001196	1.56	1.4	4.33	7604	4000	10.45	12.7	True	255.1	226.6	15.16
94	20	2	0.5	gelu	120	40	0.000988	1.2	1.39	3.28	4384	4000	10.48	12.52	True	1554	1292	155.8
95	26	2	0.5	gelu	120	40	0.0009839	1.54	1.58	4.16	7257	4000	10.12	12.06	True	252.7	217.5	17.24
96	27	2	0.5	gelu	120	40	0.001111	1.57	1.79	3.52	7674	4000	10.37	12.6	True	299.6	258	21.64
98	24	2	0.5	gelu	120	40	0.001232	1.04	1.27	4.83	7615	4000	10.34	12.16	True	441.3	370.4	41.97
97	27	2	0.5	gelu	120	40	0.000899	1.24	1.43	4.83	7451	4000	10.36	12.53	True	185.3	161.6	11.49
99	27	2	0.5	gelu	120	40	0.0009084	1.82	1.71	4.8	7943	4000	10.44	12.77	True	798.2	716.6	50.17
100	22	2	0.5	gelu	120	40	0.00124	1.2	1.17	3.36	6888	4000	10.49	12.8	True	192	170.6	10.52
101	28	2	0.5	gelu	120	40	0.0009724	1.39	1.6	3.67	7180	4000	10.55	12.74	True	204.4	178.9	13.01
102	27	2	0.5	gelu	120	40	0.001228	1.03	1.27	3.66	6409	4000	10.56	12.28	True	4760	4168	318.3
103	25	2	0.5	elu	120	40	0.001261	2.2	1.5	3.83	9963	4000	10.23	11.83	True	266.4	236.9	16.01
104	28	2	0.5	gelu	120	40	0.001014	1.24	1.4	3.77	7516	4000	10.86	13.12	True	236.6	206	17.05
105	26	2	0.5	gelu	120	40	0.001178	1.41	1.68	4.05	6383	4000	10.24	12.18	True	222.1	195.8	12.98
106	27	2	0.5	gelu	120	40	0.001078	1.34	1.69	4.82	6827	4000	10.31	12.33	True	346.9	269.2	46.61
107	27	2	0.5	gelu	120	40	0.0007647	1.09	1.54	4.55	7215	4000	10.32	12.02	True	341.2	300.5	22.46
108	28	2	0.5	gelu	120	40	0.001041	1.34	1.35	4.95	8629	4000	10.11	11.95	True	209.4	174.1	17.24
109	28	2	0.5	gelu	120	40	0.0009511	1.72	1.21	3.87	7637	4000	10.56	14.37	True	240.6	203.9	18.25
110	26	2	0.5	gelu	120	40	0.001111	1.35	1.14	4.64	7750	4000	10.61	13.68	True	225.9	197.5	13.17
111	28	2	0.5	gelu	120	40	0.0009386	2.26	1.44	4.27	7293	4000	10.26	11.98	True	578.2	499.3	45.15
112	26	2	0.5	gelu	120	40	0.001127	1.69	2.12	4.71	6711	4000	10.37	12.46	True	190.7	160.2	14.46
113	25	2	0.5	gelu	120	40	0.001048	1.58	1.12	4.22	7082	4000	10.19	12.12	True	289.2	255	18.33
115	21	2	0.5	elu	120	40	0.001055	1.95	2.21	4.62	9389	4000	10.16	12.25	True	298.5	261	20.7
114	24	2	0.5	gelu	120	40	0.0009249	1.48	1.38	4.29	7063	4000	10.59	13.06	True	230.3	201.3	15.97
117	27	2	0.5	gelu	120	40	0.001151	1.64	1.6	4.8	5561	4000	10.21	12.3	True	359	296.7	37.24
116	29	2	0.5	gelu	120	40	0.0009338	1.47	1.49	4.66	7465	4000	10.4	12.38	True	242	211.2	16.49
119	25	2	0.5	gelu	120	40	0.001169	1.65	1.98	3.67	7207	4000	10.17	12.2	True	446.3	402.7	27.18
118	26	2	0.5	gelu	120	40	0.001288	1.28	1.86	4.25	7800	4000	10.22	12.21	True	254	215.8	18.61
120	28	2	0.5	gelu	120	40	0.001259	1.53	1.45	4.93	6912	4000	10.2	12.31	True	252.5	223	15.73
121	28	2	0.5	gelu	120	40	0.0009509	1.56	1.67	4.12	8592	4000	10.44	12.63	True	293.2	255.8	18.92
122	25	2	0.5	gelu	120	40	0.0009119	1.14	1.81	3.81	8202	4000	10.2	12.02	True	310.7	263.4	27
123	27	2	0.5	gelu	120	40	0.00116	1.17	1.78	4.03	6939	4000	10.12	11.9	True	233.9	199.7	18.13
124	20	1	0.5	gelu	120	40	0.00129	1.46	2.05	4.31	6884	4000	10.13	11.71	True	417.2	317.3	59.82
125	20	2	0.5	gelu	120	40	0.001326	1.19	1.25	3.54	6314	4000	10.33	12.52	True	786.2	699.3	58.61
127	21	2	0.5	gelu	120	40	0.001335	1.12	1.28	3.66	7193	4000	10.56	12.94	True	6608	5846	485.7
126	25	2	0.5	gelu	120	40	0.001098	1.28	1.36	3.91	8451	4000	10.29	12.3	True	465.4	392.2	41.82
128	26	2	0.5	gelu	120	40	0.001222	1.45	1.4	4.3	8428	4000	10.09	11.75	True	366.3	324.6	25.54
129	26	2	0.5	gelu	120	40	0.00138	1.56	1.35	4.42	6293	4000	10.34	12.63	True	211.6	183.8	15.55
130	27	2	0.5	gelu	120	40	0.001037	1.03	1.44	4.79	8179	4000	10.33	12.48	True	300.2	268	19.44
131	29	2	0.5	gelu	120	40	0.001004	1.34	1.23	4.91	7479	4000	10.45	12.79	True	1139	1027	69.21
133	20	2	0.5	elu	120	40	0.001054	1.76	1.8	4.29	9813	4000	10.36	11.99	True	444.3	401.6	26.68
132	24	2	0.5	elu	120	40	0.001023	1.82	2.07	3.67	9319	4000	10.13	12.03	True	244	211	17.64
134	25	2	0.5	gelu	120	40	0.001284	1.26	1.28	3.96	6296	4000	10.18	12.16	True	208.6	179.8	13.91
135	23	2	0.5	gelu	120	40	0.001222	1.09	1.27	3.77	4277	4000	10.35	12.43	True	338.8	285.1	29.76
136	27	2	0.5	gelu	120	40	0.001257	1.94	1.91	4.72	8189	4000	10.45	12.65	True	304.7	244.2	33.67
137	27	2	0.5	gelu	120	40	0.001016	1.17	1.07	3.8	7613	4000	11.07	14.85	True	215.6	180.5	15.57
138	25	2	0.5	gelu	120	40	0.00138	1.3	1.11	3.65	7188	4000	10.26	12.51	True	200.9	175.6	12.94
139	25	2	0.5	gelu	120	40	0.001048	1.46	1.6	4.17	7918	4000	9.994	12.55	True	251.6	189.4	34.97
140	24	2	0.5	gelu	120	40	0.001353	1.43	1.25	4.04	7632	4000	10.58	12.96	True	462.1	409.4	31.68
141	26	2	0.5	gelu	120	40	0.0009743	1.45	1.47	3.38	7003	4000	10.23	12.05	True	1087	866.2	149.2
142	20	2	0.5	gelu	120	40	0.001332	1.17	1.18	3.66	4746	4000	10.21	11.89	True	373.3	309.4	34.37
144	27	2	0.5	gelu	120	40	0.001172	1.68	1.77	4.94	6819	4000	10.37	12.24	True	337.6	294.7	23.72
143	27	2	0.5	gelu	120	40	0.001009	1.65	2.14	4.78	6008	4000	10.32	12.57	True	299.4	263	19.54
145	24	2	0.5	gelu	120	40	0.001048	1.11	1.35	4.19	7672	4000	10.18	12.2	True	386.4	333.7	29.5
146	27	2	0.5	gelu	120	40	0.0008679	1.43	1.2	4.46	7981	4000	10.44	12.57	True	424.2	316.8	62.01
147	21	2	0.5	gelu	120	40	0.001247	1.27	1.13	3.12	6751	4000	10.3	12.28	True	343.2	298.3	27.71
148	28	2	0.5	gelu	120	40	0.001208	1.48	1.42	3.59	6717	4000	10.18	11.89	True	279.1	241.1	20.63
149	28	2	0.5	gelu	120	40	0.001052	1.58	1.47	4.13	8038	4000	10.39	12.42	True	331.2	291.7	22.29
151	23	2	0.5	elu	120	40	0.001013	1.76	2.29	4.34	8923	4000	10.44	12.22	True	247.3	210.9	17.51
150	26	2	0.5	gelu	120	40	0.0008979	1.08	1.31	4.84	6674	4000	11.64	14.21	True	206.7	176.7	11.51
153	26	2	0.5	gelu	120	40	0.001188	1.71	1.81	4.4	8636	4000	10.52	12.85	True	310.1	281.2	17.26
152	25	2	0.5	gelu	120	40	0.001417	1.25	1.05	3.27	7051	4000	10.75	12.68	True	196	170.3	11.49
154	26	2	0.5	gelu	120	40	0.001014	1.66	1.17	4.96	7715	4000	10.14	11.74	True	429.8	372.7	31.86
155	25	2	0.5	gelu	120	40	0.001191	1.51	1.93	4.58	7260	4000	10.2	12.09	True	481.2	426	33.86
156	23	2	0.5	gelu	120	40	0.00119	1.08	1.12	3.6	6939	4000	10.32	12.22	True	208.5	178	13.87
157	26	2	0.5	gelu	120	40	0.00118	1.9	2.22	4.3	7390	4000	10.28	12.32	True	356	310	25.51
158	27	2	0.5	gelu	120	40	0.0009525	1.14	1.26	4.24	5216	4000	10.25	12.12	True	258.7	233.5	13.82
159	28	2	0.5	gelu	120	40	0.001047	1.52	1.31	3.89	6825	4000	10.19	11.99	True	258	223.1	19.52
161	25	2	0.5	gelu	120	40	0.001704	1.17	1.02	2.91	7075	4000	10.57	13.06	True	6916	5386	755.6
160	25	2	0.5	gelu	120	40	0.001627	1.36	1.14	3.43	7180	4000	10.04	11.99	True	301.1	267.7	19.77
162	29	2	0.5	gelu	120	40	0.001148	1.42	1.7	4.18	7261	4000	10.27	12.36	True	291.2	212.1	47.65
163	26	2	0.5	gelu	120	40	0.001035	1.58	1.42	3.89	6373	4000	10.27	12.25	True	284.7	239.1	26.95
164	26	2	0.5	gelu	120	40	0.001419	1.41	1.41	3.34	7035	4000	10.39	12.25	True	331.6	292.2	21.73
165	27	2	0.5	gelu	120	40	0.001109	1.35	1.42	4.63	7213	4000	10.26	12.17	True	245.2	215.2	16.06
167	22	2	0.5	gelu	120	40	0.001291	1.28	1.04	3.85	7400	4000	10.22	12.26	True	1.248e+04	1.103e+04	853.1
166	26	2	0.5	gelu	120	40	0.0009194	1.28	1.28	4.63	7398	4000	10.32	12.18	True	516.4	459.9	31.38
169	23	2	0.5	gelu	120	40	0.001113	1.29	1.2	3.24	6194	4000	10.51	13.11	True	1293	1172	79.88
168	27	2	0.5	gelu	120	40	0.0008631	1.1	1.25	4.4	6526	4000	10.17	12	True	424.2	372.7	27.98
170	25	2	0.5	gelu	120	40	0.001352	1.44	1.08	4.58	7107	4000	10.44	12.49	True	358.4	319.2	22.03
171	26	2	0.5	gelu	120	40	0.001241	1.09	1.1	3.72	5790	4000	10.5	12.7	True	366	322	24.88
172	18	1	0.5	gelu	120	40	0.001185	1.52	1.57	4.57	7282	4000	10.34	12.17	True	433.1	375.6	33.34
173	27	2	0.5	gelu	120	40	0.001068	1.79	1.3	4.53	6991	4000	10.35	12.45	True	589.9	460.7	74.11
174	24	2	0.5	gelu	120	40	0.001453	1.24	1.05	2.88	6729	4000	10.36	12.34	True	342	299.6	24.78
176	24	2	0.5	gelu	120	40	0.001336	1.13	1.02	3.29	7696	4000	10.52	12.82	True	461.1	398.5	38.12
175	26	2	0.5	gelu	120	40	0.000802	1.04	1.22	4.88	7761	4000	10.18	13.38	True	243.2	209.1	13.54
177	24	2	0.5	gelu	120	40	0.0008814	1.19	1.15	4.95	7047	4000	10.29	12.39	True	348.5	298.7	27.45
178	24	2	0.5	gelu	120	40	0.001414	1.23	1.38	3.45	6607	4000	10.66	13.15	True	346.2	306.9	22.82
180	23	2	0.5	elu	120	40	0.001033	1.97	1.84	4.34	9389	4000	10.52	12.7	True	204.2	176.7	12.55
179	29	2	0.5	gelu	120	40	0.00125	1.7	1.6	4.58	7521	4000	10.39	12.44	True	213.8	186.9	15.25
181	21	2	0.5	elu	120	40	0.0009289	1.64	2	4.76	9806	4000	10.27	12.53	True	492	409.6	47.53
182	27	2	0.5	gelu	120	40	0.001391	1.38	1.57	4.35	7211	4000	10.38	12.63	True	657.8	541.5	77.15
183	27	2	0.5	gelu	120	40	0.0008528	1.36	1.47	4.22	7417	4000	10.25	12.08	True	410.3	358.3	30.74
184	27	2	0.5	gelu	120	40	0.001229	1.55	2.24	4.76	6927	4000	10.12	12	True	377.8	340.7	20.28
186	27	2	0.5	gelu	120	40	0.001157	1.67	1.12	4.19	6470	4000	10.63	12.41	True	202.4	180.9	10.95
185	23	2	0.5	gelu	120	40	0.001309	1.09	1.15	2.94	5047	4000	10.58	12.88	True	191.1	165.8	12.02
187	23	2	0.5	gelu	120	40	0.001245	1.51	1.27	3.27	6936	4000	10.32	12.08	True	416.6	374.5	25.66
188	24	2	0.5	elu	120	40	0.001355	1.53	1.78	3.12	8716	4000	10.52	12.5	True	303.8	262.3	24.94
189	25	2	0.5	gelu	120	40	0.00143	1.33	1.01	2.95	5187	4000	9.922	12.06	True	326.6	289.5	21.58
190	24	2	0.5	elu	120	40	0.001175	1.76	1.8	4.53	9386	4000	10.25	12.36	True	204.6	173.1	16.8
191	25	2	0.5	gelu	120	40	0.001505	1.06	1.01	3.96	7376	4000	10.36	12.1	True	1031	829.3	136.5
192	24	2	0.5	elu	120	40	0.001258	1.57	1.69	4.27	9394	4000	10.06	11.81	True	256.5	206.2	27.21
193	25	2	0.5	gelu	120	40	0.0009858	1.41	2.36	4.35	6616	4000	10.61	13.1	True	346.8	289.5	31.58
195	19	2	0.5	gelu	120	40	0.001235	1.38	1.76	4.62	6909	4000	10.21	11.94	True	423.2	361.7	38.63
194	23	2	0.5	elu	120	40	0.001091	2.07	1.61	4.19	9385	4000	10.61	14.87	True	258.1	228.4	15.41
196	22	2	0.5	gelu	120	40	0.001463	1.3	1.17	3.45	7229	4000	10.15	12.12	True	385.3	343.3	25.02
197	25	2	0.5	elu	120	40	0.0009933	2.05	2.01	4.79	9337	4000	10.21	12.09	True	342.6	310.7	18.5
199	25	2	0.5	gelu	120	40	0.00112	1.61	2.05	4.42	6430	4000	10.12	11.85	True	351	292.4	35.15
198	24	2	0.5	gelu	120	40	0.001326	1.15	1.27	3.85	7298	4000	10.34	12.25	True	219.6	193.8	14.17
200	22	2	0.5	gelu	120	40	0.001303	1.06	1.27	3.16	5093	4000	10.27	12.52	True	357.6	322.6	20.86
201	25	2	0.5	gelu	120	40	0.001147	1.19	1.07	2.85	5201	4000	10.52	12.72	True	198.7	173.3	13.9
202	23	2	0.5	elu	120	40	0.001134	1.65	1.93	4.55	9884	4000	10.36	12.44	True	223.8	188.5	17.26
203	30	2	0.5	gelu	120	40	0.0008508	1.21	1.63	4.81	7789	4000	10.28	12.52	True	247.2	217.2	14.25
204	25	2	0.5	gelu	120	40	0.0008762	1.29	1.43	4.63	6456	4000	10.45	12.62	True	362.1	312.7	26.8
205	23	2	0.5	gelu	120	40	0.001281	1.27	1.1	3.06	5802	4000	10.22	11.98	True	368	324.4	25.83
206	28	2	0.5	gelu	120	40	0.001015	1.48	1.79	3.77	7122	4000	10.39	12.18	True	220.6	188.1	16.31
207	29	2	0.5	gelu	120	40	0.0009045	1.39	1.55	3.62	7612	4000	9.779	12.52	True	226.1	192.2	17.73
208	21	2	0.5	elu	120	40	0.001162	1.83	1.8	3.85	9287	4000	10.08	11.76	True	203.2	174.6	13.18
209	25	2	0.5	gelu	120	40	0.001084	1.65	1.5	4.86	7178	4000	10.16	12	True	296.7	260.2	20.78
210	27	2	0.5	gelu	120	40	0.001122	1.4	1.16	3.85	6013	4000	10.14	11.94	True	214.7	187.6	13.29
211	21	2	0.5	gelu	120	40	0.001148	1.56	1.55	3.53	5084	4000	10.39	12.75	True	422.2	375.6	27.59
212	23	2	0.5	gelu	120	40	0.001135	1.32	1.16	3.06	4754	4000	10.56	12.67	True	533.4	473.3	35.66
213	23	2	0.5	gelu	120	40	0.001315	1.17	1.13	2.57	4997	4000	10.4	12.41	True	398.4	324.7	44.53
215	22	2	0.5	gelu	120	40	0.00125	1.53	1.38	3.81	4560	4000	10.58	13.02	True	407	352.4	30.51
214	24	2	0.5	gelu	120	40	0.001155	1.24	1.04	2.68	5318	4000	10.32	12.36	True	244.3	206.6	20.49
217	26	2	0.5	gelu	120	40	0.0008435	1.46	1.51	4.9	7865	4000	10.49	12.74	True	471.9	425.7	28.36
216	24	2	0.5	gelu	120	40	0.0009384	1.34	1.77	4.38	7359	4000	10.25	12.36	True	238.7	201	17.34
219	21	2	0.5	elu	120	40	0.001209	1.68	1.5	4.02	9530	4000	10.41	12.44	True	268.6	239.5	15.94
218	21	2	0.5	gelu	120	40	0.001144	1.62	1.18	3.66	5003	4000	10.13	12.14	True	405.6	354	29.69
221	22	2	0.5	gelu	120	40	0.001289	1.25	1.12	3.68	5594	4000	10.31	12.57	True	1213	1039	118.5
220	24	2	0.5	elu	120	40	0.001056	1.62	1.95	4.96	9216	4000	10.37	12.22	True	314.2	258.3	32.57
223	19	2	0.5	elu	120	40	0.001242	1.98	1.82	3.96	9293	4000	10.34	12.81	True	565.1	481.8	52.08
222	24	2	0.5	elu	120	40	0.001164	2.04	1.93	4.59	9501	4000	10.32	12.36	True	231.2	198.6	17.61
224	24	2	0.5	elu	120	40	0.001016	1.92	1.78	4.92	9957	4000	10.29	12.22	True	429.5	350.9	48.83
225	22	2	0.5	gelu	120	40	0.001185	1.05	1.02	2.95	4974	4000	10.2	12	True	338.2	292.6	26.29
226	20	2	0.5	gelu	120	40	0.001185	1.59	1.29	4.24	4483	4000	10.19	11.96	True	258.9	231	13.11
227	26	2	0.5	gelu	120	40	0.001253	1.15	1.03	2.8	4657	4000	11.09	15.76	True	196.4	168.7	12.41
228	24	2	0.5	gelu	120	40	0.001533	1.07	1.19	3.21	6526	4000	10.23	12.5	True	351.7	296.6	33.64
229	26	2	0.5	elu	120	40	0.001195	1.77	1.83	4.47	9437	4000	10.09	11.84	True	241.5	198.4	22.2
230	26	2	0.5	gelu	120	40	0.001199	1.2	1.27	3.27	4759	4000	10.47	12.77	True	337.6	299.2	20.15
232	24	2	0.5	gelu	120	40	0.001363	1.62	1.19	3.82	7086	4000	10.28	12.35	True	409.8	337.2	43.65
231	26	2	0.5	gelu	120	40	0.0009663	1.04	1.24	4.98	6296	4000	10.22	11.99	True	259.6	232.3	14.52
233	27	2	0.5	gelu	120	40	0.001244	1.29	1.01	2.64	4276	4000	10.47	12.96	True	361.1	312.3	25.52
234	25	2	0.5	gelu	120	40	0.001245	1.02	1.18	2.79	5617	4000	10.34	12.5	True	199.3	177	10.48
235	25	2	0.5	elu	120	40	0.001478	1.58	1.75	3.65	8151	4000	10.23	12.01	True	256.4	224.4	17.37
236	25	2	0.5	gelu	120	40	0.001317	1.07	1.08	3.27	4682	4000	10.57	12.7	True	245.6	219.9	13.12
237	25	2	0.5	gelu	120	40	0.001159	1.17	1.29	2.67	5772	4000	10.54	12.58	True	325.9	274.3	28.57
238	24	2	0.5	gelu	120	40	0.001252	1.25	1.15	3.05	7136	4000	10.42	12.8	True	318	279.7	19.93
239	26	2	0.5	gelu	120	40	0.00135	1.18	1.21	2.61	4296	4000	10.26	12.4	True	257.7	192.3	40.5
240	21	2	0.5	elu	120	40	0.001239	1.71	2.09	4.16	9486	4000	10.52	12.79	True	240.8	215.2	13.85
241	27	2	0.5	gelu	120	40	0.001112	1.04	1.19	2.66	4414	4000	10.18	12.04	True	546.5	497.3	30.35
242	27	2	0.5	gelu	120	40	0.001072	2.1	1.76	4.72	6868	4000	10.18	12.19	True	191.7	162.1	13.78
243	25	2	0.5	gelu	120	40	0.001269	1.01	1.22	2.77	4991	4000	10.14	12.13	True	292.3	252.9	24.29
245	22	2	0.5	gelu	120	40	0.001249	1.08	1.19	3.14	7207	4000	10.23	12.28	True	329.8	290.4	20.72
244	26	2	0.5	gelu	120	40	0.001091	2	1.92	4.73	6864	4000	10.65	14.42	True	302.4	254.1	26.24
246	26	2	0.5	gelu	120	40	0.001179	1.75	1.06	4.42	6459	4000	10.43	12.41	True	341.3	293.9	28.06
247	26	2	0.5	gelu	120	40	0.001132	1.03	1.09	2.92	5479	4000	10.27	12.09	True	271.7	241.1	16.75
248	21	2	0.5	gelu	120	40	0.001175	1.25	1.26	3.78	6706	4000	11.32	14.65	True	258.4	214.6	22.5
249	26	2	0.5	gelu	120	40	0.001495	1.12	1.03	3.2	7200	4000	10.14	12.05	True	312.8	275.1	21.3
250	26	2	0.5	gelu	120	40	0.001218	1.57	1.44	4.2	6765	4000	10.38	12.43	True	570.8	494.4	46.77
251	25	2	0.5	gelu	120	40	0.00137	1.04	1.28	2.67	6093	4000	10.53	12.86	True	363.9	323.8	22.76
252	25	2	0.5	gelu	120	40	0.00135	1.33	1.1	3	4444	4000	10.04	11.94	True	466.4	355.4	66.69
253	25	2	0.5	gelu	120	40	0.001134	1.34	1.06	2.85	4598	4000	10.42	12.28	True	363.4	299.9	37.32
254	25	2	0.5	gelu	120	40	0.001346	1.26	1.15	2.65	7427	4000	10.41	12.24	True	875	749	87.62
255	26	2	0.5	gelu	120	40	0.001024	2.42	2.08	4.81	7048	4000	10.04	12.19	True	212.6	185.1	13.1
256	26	2	0.5	gelu	120	40	0.001333	1.14	1	2.68	4912	4000	10.38	12.32	True	301.1	266.9	18
257	19	2	0.5	gelu	120	40	0.001359	1.53	1.7	4.18	6540	4000	10.29	12.14	True	589.3	499.1	56.33
258	27	2	0.5	elu	120	40	0.0009606	1.86	1.71	4.57	6941	4000	10.46	12.75	True	400.1	357	23.45
259	21	2	0.5	gelu	120	40	0.001343	1.05	1.27	3.68	5413	4000	10.23	12.36	True	387.5	343.9	23.72
260	24	2	0.5	elu	120	40	0.001257	1.7	2.12	3.66	8736	4000	10.43	12.75	True	346.9	303	24.34
261	26	2	0.5	gelu	120	40	0.001062	1.14	1.1	2.7	5012	4000	10.14	12.03	True	349.9	308.2	23.1
262	28	2	0.5	gelu	120	40	0.0009081	1.14	1.43	4.76	7279	4000	10.2	12.1	True	1485	1143	209.7
263	22	2	0.5	elu	120	40	0.001091	1.9	1.74	4.65	8803	4000	10.21	12.23	True	196.4	170.8	11.84
264	26	2	0.5	gelu	120	40	0.001175	2.11	1.6	4.55	7572	4000	10.36	12.38	True	241.4	206.5	17.73
265	25	2	0.5	gelu	120	40	0.001236	1.11	1	2.47	5892	4000	10.11	11.96	True	228.3	202.4	13.37
266	25	2	1.0	elu	120	40	0.001378	1.48	1.52	3.63	8711	4000	10.32	12.66	True	355.1	314	23.41
267	20	2	0.5	elu	120	40	0.001077	1.99	1.67	4.48	9197	4000	10.66	12.66	True	551.3	480.5	42.78
268	26	2	0.5	gelu	120	40	0.001245	1.18	1.01	3.18	4063	4000	10.2	12.29	True	245.2	213.4	17.26
269	25	2	0.5	elu	120	40	0.001109	1.79	1.69	3.82	9904	4000	10.18	12.18	True	296.6	254	24.88
270	26	2	0.5	gelu	120	40	0.001477	1.26	1.01	3.81	6968	4000	10.52	12.68	True	280	236.2	23.28
271	25	2	0.5	gelu	120	40	0.001215	1	1.12	2.83	4038	4000	10.44	12.71	True	250.6	226.8	13.3
272	20	2	0.5	elu	120	40	0.001056	1.85	2.09	4.98	9991	4000	10.58	12.82	True	525.5	440	47.74
273	27	1	0.5	gelu	120	40	0.001102	1.75	1.65	4.43	7771	4000	10.23	12.01	True	356.6	319.8	22.97
274	27	2	0.5	gelu	120	40	0.0009917	2.31	1.74	4.98	6509	4000	10.14	13.1	True	196.8	171.9	9.772
275	24	2	0.5	elu	120	40	0.001043	2	1.85	4.51	8391	4000	10.39	12.4	True	359.6	312.6	26.97
276	21	2	0.5	gelu	120	40	0.001243	1.52	1.11	3.68	4327	4000	10.65	12.81	True	283.6	250.6	18.05
277	28	2	0.5	gelu	120	40	0.0009662	2.23	1.61	4.37	6453	4000	10.57	14.77	True	241.7	194.4	24.04
278	21	2	0.5	elu	120	40	0.001143	1.8	1.68	4.36	7308	4000	10.11	11.6	True	330.1	287.3	25.67
279	22	2	0.5	gelu	120	40	0.001466	1.3	1.11	3.29	4811	4000	10.39	12.46	True	266.2	231.7	17.5
280	27	2	0.5	gelu	120	40	0.0009896	2.48	1.79	4.24	7048	4000	10.4	13.31	True	214.7	183.8	13.68
281	21	2	0.5	gelu	120	40	0.001154	1.08	1.42	3.39	5736	4000	10.13	11.9	True	185.1	158.3	11.3
283	22	2	0.5	gelu	120	40	0.001315	1	1	3.05	5764	4000	10.84	14.81	True	242.3	214	13.42
282	28	2	0.5	gelu	120	40	0.0009361	1.96	1.66	4.08	8223	4000	10.46	14.7	True	198.7	168.3	13.57
285	22	2	0.5	elu	120	40	0.001168	2.06	1.8	4.91	8799	4000	10.36	12.16	True	271.1	236.6	18.97
284	26	2	0.5	gelu	120	40	0.001046	2.25	1.5	4.95	6353	4000	10.28	12.53	True	400.2	285.4	69.31
287	28	2	0.5	gelu	120	40	0.0009646	1.75	1.63	4.24	9273	4000	10.21	12.19	True	240.7	208.9	15.81
286	22	2	0.5	elu	120	40	0.001067	1.61	1.76	4.22	9128	4000	10.23	11.9	True	263.4	217.6	25.58
289	20	2	0.5	gelu	120	40	0.001127	1.05	1.35	2.91	5867	4000	10.37	12.34	True	1475	1272	130.6
288	21	2	0.5	gelu	120	40	0.001014	1.02	1.4	3.38	5247	4000	10.21	12.28	True	233.9	198.4	17.2
290	27	2	0.5	gelu	40	40	0.001298	1.09	1.17	2.62	5420	4000	11.63	11.51	True	283	256.6	13.96
291	29	2	0.5	gelu	120	40	0.001001	2.05	1.79	4.27	8808	4000	10.24	12.4	True	269.7	222.5	26.49
292	22	2	0.5	gelu	120	40	0.001482	1.01	1.05	2.73	4842	4000	10.24	12.05	True	310.6	268.9	23.83
293	23	2	0.5	gelu	120	40	0.001223	1.02	1.03	3.65	5032	4000	10.38	12.75	True	296.7	266.1	15.3
294	29	2	0.5	gelu	120	40	0.001046	2.22	1.86	4.79	6135	4000	10.35	12.2	True	574.2	513.1	39.87
295	20	2	0.5	elu	120	40	0.001214	1.74	1.74	3.9	8670	4000	10.52	12.76	True	735.9	622.3	69.49
297	19	1	0.5	gelu	120	40	0.001288	1.49	1.65	4.58	6490	4000	10.23	12.27	True	385.7	274.8	69.15
296	21	2	0.5	elu	120	40	0.001223	1.95	1.56	4.27	8358	4000	10.28	12.24	True	265.9	231.8	18.7
298	21	2	0.5	elu	120	40	0.001174	1.83	1.92	3.38	9433	4000	10.36	12.61	True	687	582.3	62.25
299	25	2	0.5	elu	120	40	0.001296	1.83	1.6	3.35	8838	4000	10.25	12.36	True	1442	1218	147.7
300	28	2	0.5	gelu	120	40	0.001174	1.63	1.09	4.25	5825	4000	10.58	12.84	True	571.5	513.5	34.48
301	28	2	0.5	gelu	120	40	0.001146	2.17	1.6	4.8	6972	4000	10.42	12.86	True	249.8	218.1	15.51
302	26	2	0.5	gelu	120	40	0.001211	1.91	1.32	3.58	6534	4000	10.49	12.89	True	1697	1534	106.9
303	25	2	0.5	gelu	120	40	0.001239	1.21	1.22	3.15	7821	4000	10.35	12.82	True	393	331.4	36.04
304	25	2	0.5	elu	120	40	0.00166	1.81	1.6	4.01	8770	4000	10.16	11.89	True	242.7	214	16.23
305	22	2	0.5	elu	120	40	0.001152	2.05	1.47	4.86	9226	4000	10.4	12.43	True	546.7	403.9	82.45
306	28	2	0.5	gelu	120	40	0.0009792	1.91	1.78	4.07	8015	4000	10.23	12.2	True	575.5	501.9	47.46
307	26	2	0.5	gelu	120	40	0.0007408	1.23	1.55	4.6	8006	4000	10.29	12.13	True	224.6	195.9	13.88
308	28	3	0.5	gelu	120	40	0.001012	1.73	1.65	4.69	8862	4000	10.37	12.42	True	1142	1003	92.25
309	26	2	0.5	gelu	120	40	0.001046	1.89	2.36	4.61	6723	4000	10.43	12.64	True	432.3	380.1	28.69
310	25	2	0.5	elu	120	40	0.001346	1.59	1.87	3.75	9352	4000	10.38	12.44	True	347.6	312.1	19.55
311	21	2	0.5	elu	120	40	0.0009244	1.9	1.83	4.27	9373	4000	10.38	12.08	True	367.1	323.1	23.82
312	21	2	0.5	elu	120	40	0.0009483	2.02	1.73	4.72	8627	4000	10.28	12.09	True	383.3	336.3	27.24
314	20	2	0.5	gelu	120	40	0.001172	1.22	1.29	3.34	7434	4000	10.23	12.11	True	545.6	482.3	39.49
313	25	2	0.5	gelu	120	40	0.001355	1.24	1.23	2.89	5654	4000	10.48	12.79	True	330.9	299.3	17.35
315	28	2	0.5	gelu	120	40	0.001185	1.1	1.04	2.59	4960	4000	10.31	12.24	True	222.7	198.6	13.2
316	28	3	0.5	gelu	120	40	0.001086	2.07	1.73	4.71	7413	4000	11.54	14.42	True	215.2	185.4	13.62
317	27	2	0.5	gelu	120	40	0.00102	2.83	1.74	4.99	6996	4000	10.9	14.05	True	289.2	252.2	19.67
318	23	2	0.5	gelu	120	40	0.001243	1.16	1.35	3.65	5013	4000	10.29	12.18	True	376	335.3	24.69
319	22	2	0.5	elu	120	40	0.001345	1.86	2.02	3.68	9114	4000	10.23	11.97	True	290.8	249.6	23.32
320	28	2	0.5	gelu	120	40	0.00119	2.01	1.93	4.9	6744	4000	10.24	11.99	True	285.6	249.8	19.86
321	28	2	0.5	gelu	120	40	0.0008632	2.61	1.67	4.51	6790	4000	10.36	12.42	True	474	377.9	57.18
322	26	2	0.5	gelu	120	40	0.001211	1.15	1.11	3.28	6334	4000	10.21	12.15	True	295.7	261.1	21.29
323	28	2	0.5	gelu	120	40	0.001018	1.62	1.05	3.96	7059	4000	10.28	12.2	True	789.5	587.8	126.5
324	28	2	0.5	gelu	120	40	0.000866	2.33	1.58	4.54	7870	4000	10.48	12.47	True	410.7	353.1	32.28
326	27	2	0.5	gelu	120	40	0.001386	1.38	1.25	3.84	7397	4000	10.95	13.33	True	745.6	590.4	91.63
325	27	2	0.5	gelu	120	40	0.001005	1.62	1.15	4.19	6302	4000	11.49	14.57	True	216.9	187.6	13.47
327	25	2	0.5	gelu	120	40	0.001262	1.38	1.14	2.54	4809	4000	10.14	12.01	True	285.2	244.5	23.66
328	26	2	0.5	gelu	120	40	0.001226	1.77	2.36	4.49	6300	4000	10.03	11.78	True	253.1	219.3	18.91
329	22	2	0.5	elu	120	40	0.001013	1.64	1.64	4.77	9884	4000	10.58	12.82	True	323.8	290.2	18.93
330	28	2	0.5	gelu	120	40	0.001127	2.45	1.61	4.65	6309	4000	10.63	13.11	True	766.8	655.3	71.6
332	20	2	0.5	gelu	120	40	0.001037	1.4	1.14	4.03	4434	4000	10.39	12.28	True	8209	7243	589.3
331	25	2	0.5	elu	120	40	0.001507	1.49	1.96	3.51	8813	4000	10.1	11.7	True	379.1	330.7	26.65
334	18	2	0.5	gelu	120	40	0.001112	1.62	1.59	4.88	6606	4000	10.64	13.05	True	346.1	304.8	22.3
333	28	2	0.5	gelu	120	40	0.001026	1.76	1.5	3.49	7915	4000	10.25	12.3	True	231.2	201.7	15.85
335	27	2	0.5	gelu	120	40	0.0009307	2.25	1.63	4.15	8693	4000	10.86	13.02	True	242.1	191.4	27.35
336	25	2	0.5	elu	120	40	0.001588	1.52	1.38	3.95	9194	4000	10.1	11.93	True	222.8	191.2	17.86
337	23	2	0.5	gelu	120	40	0.001169	1.05	1.35	2.54	5372	4000	10.22	11.98	True	315.3	279.5	17.55
338	23	2	0.5	gelu	120	40	0.001241	1.23	1.36	2.82	4953	4000	10.31	12.27	True	287.6	253.8	17.56
339	27	2	0.5	gelu	120	40	0.001154	1.95	1.95	4.31	6087	4000	10.28	12.29	True	470.5	414.7	33.57
340	26	2	0.5	gelu	120	40	0.001183	1.4	1.05	2.84	5684	4000	10.4	12.49	True	310.2	282.6	15.31
341	19	2	0.5	gelu	120	40	0.001167	1.19	1.53	3.34	6081	4000	10.44	12.95	True	595.5	508.6	53.54
342	22	2	0.5	elu	120	40	0.0009886	2.31	1.9	4.3	9986	4000	10.3	12.2	True	394.2	352.3	24.88
343	20	2	0.5	gelu	120	40	0.001166	1.01	1.24	3.5	4360	4000	10.4	12.36	True	368.5	304.2	36.81
344	27	2	0.5	gelu	120	40	0.001368	1.4	1.01	2.83	7551	4000	10.27	12.64	True	839.1	667.4	106.6
345	23	2	0.5	elu	120	40	0.00121	2.12	1.87	3.84	9685	4000	10.68	13.02	True	304.4	259.6	25.06
347	15	1	0.5	gelu	120	40	0.001328	1.55	1.74	4.49	7072	4000	10.5	12.74	True	2242	2033	130.8
346	28	2	0.5	gelu	120	40	0.001237	1.8	1.05	4.39	6906	4000	9.936	13.72	True	234.7	192.4	19.94
348	25	2	0.5	gelu	120	40	0.0009016	1.73	2.26	4.96	7129	4000	10.42	12.33	True	266	231.5	16.31
349	24	2	0.5	gelu	120	40	0.001193	1.06	1.11	3.17	5463	4000	10.61	13.1	True	478.8	408.3	39.09
350	22	2	0.5	gelu	120	40	0.001161	1.31	1.35	4.21	4585	4000	10.58	12.67	True	245.9	209.7	18.55
351	24	2	0.5	gelu	120	40	0.001478	1.42	1.01	4.05	6598	4000	10.42	12.45	True	213.4	188.5	13.34
352	24	2	0.5	gelu	120	40	0.001515	1.03	1.14	3.03	5151	4000	10.67	13.41	True	349	306	25.22
353	26	2	0.5	gelu	120	40	0.001195	1.2	1.04	3.63	7005	4000	11.03	14.91	True	227.4	197.3	13.23
355	21	2	0.5	gelu	120	40	0.001261	1.12	1.54	3.48	5506	4000	10.09	12.12	True	436.6	377.9	35.95
354	27	2	0.5	gelu	120	40	0.0008467	1.22	1.97	4.85	7697	4000	10.04	12.34	True	184.7	153.7	13.95
356	26	2	0.5	elu	120	40	0.001493	1.46	1.64	4.1	8639	4000	10.56	13.23	True	485.3	409.2	45.34
357	21	2	0.5	elu	120	40	0.001369	2.02	1.88	4.28	8694	4000	10.17	12.03	True	282.9	243.8	21.76
358	27	2	0.5	gelu	120	40	0.0008521	1.24	1.79	4.88	7078	4000	10.45	12.57	True	229.7	200.3	15.9
359	26	1	0.5	gelu	120	40	0.000999	1.96	1.91	4.33	7611	4000	10.31	12.35	True	201.3	173.1	13.55
360	26	2	0.5	gelu	120	40	0.001246	2.35	1.57	4.58	6755	4000	10.19	12.22	True	442.2	390.6	30.88
361	21	2	0.5	gelu	120	40	0.001233	1.1	1.04	3.44	6193	4000	10.18	12.2	True	270.6	222.7	27.48
362	26	1	0.5	gelu	120	40	0.0009369	2.03	1.86	4.62	7698	4000	10.36	12.38	True	278.3	239.6	17.15
363	27	2	0.5	gelu	120	40	0.0009132	1.24	1.93	4.7	7795	4000	10.18	11.87	True	221.9	194.4	15.01
364	26	2	0.5	gelu	120	40	0.0009365	1.47	2.09	4.13	7327	4000	10.23	12.31	True	203.9	178.7	12.28
366	24	2	0.5	gelu	120	40	0.001083	1.02	1.18	2.72	6158	4000	10.48	12.73	True	769.3	661.2	68.75
365	27	2	0.5	gelu	120	40	0.0007644	1.44	1.79	4.95	8256	4000	10.38	13.2	True	202.6	169.8	14.05
367	25	1	0.5	gelu	120	40	0.001086	1.97	2.2	4.62	7933	4000	10.5	12.55	True	393.1	348.2	26.46
368	26	2	0.5	gelu	120	40	0.001089	2.51	1.84	4.75	6274	4000	10.22	12.02	True	313	217.2	58.15
369	20	1	0.5	gelu	120	40	0.001252	1.28	1.75	4.97	7367	4000	10.26	11.97	True	197.1	163.8	16.46
370	24	2	0.5	gelu	120	40	0.001134	2.05	2.18	4.95	7641	4000	10.68	13.82	True	214.8	185.4	11.88
371	19	1	0.5	gelu	120	80	0.001115	1.16	1.76	4.83	7691	4000	10.67	12.94	True	343.8	290.1	30.98
372	26	2	0.5	gelu	120	40	0.001037	2.25	1.77	4.37	8156	4000	10.17	12.31	True	356.2	320.4	22.01
373	29	2	0.5	gelu	120	40	0.00102	1.97	1.97	4.53	7305	4000	10.11	12.39	True	352.7	319	19.86
374	19	1	0.5	gelu	120	40	0.001261	1.25	1.58	4.87	7931	4000	10.13	11.79	True	373.9	206.5	104.6
375	22	2	0.5	gelu	120	40	0.001073	1.4	1.41	3.44	4355	4000	10.29	12.48	True	5988	5441	389.1
376	19	1	0.5	gelu	120	40	0.001331	1.17	1.91	4.54	7152	4000	10.44	12.46	True	321.1	271.6	25.79
377	21	2	0.5	gelu	120	40	0.001135	1.27	1.32	3.74	5806	4000	10.47	12.61	True	595.1	518.2	45.71
378	24	2	0.5	gelu	120	40	0.001238	1.39	1.07	3.61	6601	4000	10.35	12.66	True	345.2	308.9	21.22
379	22	2	0.5	gelu	120	40	0.001203	1.2	1.08	4.4	4446	4000	10.42	12.61	True	220.7	199.3	11.66
380	27	2	0.5	gelu	120	40	0.001145	1.88	1.61	4.02	8250	4000	10.59	13.14	True	608.5	544.1	38.1
381	22	1	0.5	gelu	120	40	0.001205	1.36	1.38	4.78	7159	4000	10.29	12.32	True	190.2	168.6	10.83
382	26	1	0.5	gelu	120	40	0.00104	2.1	1.94	4.03	6878	4000	10.22	12.07	True	367.2	313.5	33.11
383	21	2	0.5	gelu	120	40	0.001332	1.55	1.67	4.87	7303	4000	10.28	12.37	True	377.1	320.8	33.17
384	20	1	0.5	gelu	120	40	0.001141	1.38	1.67	4.9	6929	4000	10.14	11.95	True	197.9	169.5	13.64
385	27	2	0.5	gelu	120	40	0.000802	1.14	1.88	4.95	8425	4000	10.21	12.38	True	311.7	263.1	25.59
386	22	1	0.5	gelu	120	40	0.001236	1.19	1.3	4.61	7407	4000	10.61	12.89	True	218.1	190.4	13.8
387	20	2	0.5	gelu	120	40	0.001258	1.07	1.27	2.84	4815	4000	10.38	12.53	True	420.5	357.2	38.89
388	21	1	0.5	gelu	120	40	0.00128	1.4	1.43	4.63	6829	4000	10.31	12.18	True	287.9	252.5	18.61
389	20	1	0.5	gelu	120	40	0.001051	1.3	1.77	4.64	6798	4000	10.3	12.65	True	501.2	410.2	59.13
391	21	1	0.5	gelu	120	40	0.001205	1.32	1.41	3.91	6891	4000	10.31	12.35	True	274.6	192.5	48.97
390	22	2	0.5	gelu	120	40	0.001137	1.29	1.43	4.62	7557	4000	10.23	12.21	True	272.7	235	19.54
392	17	1	0.5	gelu	120	40	0.001303	1.37	1.46	4.55	6800	4000	10.45	12.8	True	228.5	176	30.49
393	27	2	0.5	gelu	120	40	0.0008924	2.14	2.06	4.89	6732	4000	10.54	12.68	True	7053	6120	485.8
394	25	2	0.5	gelu	120	40	0.001046	1.57	2.53	4.73	7122	4000	10.55	12.83	True	356.4	317.4	20.97
395	27	2	0.5	gelu	120	40	0.001165	1.84	1.81	4.15	7370	4000	10.1	11.96	True	243.6	212.5	14.89
396	23	2	0.5	gelu	120	40	0.001202	1.22	1.13	4.36	7156	4000	10.42	12.39	True	8808	7972	557.2
397	20	1	0.5	gelu	120	40	0.001183	1.34	1.97	4.27	7633	4000	10.36	12.17	True	313.1	278	17.75
398	26	2	0.5	gelu	120	40	0.0009735	2.24	1.65	4.46	5344	4000	10.35	12.32	True	589.2	525.1	38.3
399	23	1	0.5	gelu	120	40	0.001206	1.61	1.46	4.46	7303	4000	10.5	12.51	True	324.5	281.3	21.29
400	23	2	0.5	gelu	120	40	0.001452	1.12	1.02	3.78	7010	4000	10.31	12.23	True	246	216.2	15.15
401	20	1	0.5	gelu	120	40	0.001138	1.55	1.59	4.67	6837	4000	10.46	12.54	True	354	299.6	32.2
402	20	1	0.5	gelu	120	40	0.001203	1.17	1.9	4.83	6317	4000	10.25	12.32	True	320.3	276.1	24.73
403	27	2	0.5	gelu	120	40	0.001407	1.28	1.17	3.32	6766	4000	10.16	12.18	True	2767	2358	260.4
404	19	1	0.5	gelu	120	40	0.001108	1.19	1.31	4.99	7285	4000	10.37	12.07	True	301.9	269.1	17.9
405	25	2	0.5	gelu	120	40	0.001431	1.36	1.19	3.37	7687	4000	10.39	12.7	True	231.7	202.8	14.33
407	21	2	0.5	gelu	120	40	0.001107	1.04	1.33	3.41	6594	500	10.33	12.15	True	1.099e+04	9893	735.2
406	28	3	0.5	gelu	120	40	0.000844	1.27	1.72	4.83	7411	4000	10.28	12.05	True	714.2	622.2	60.56
408	23	2	0.5	gelu	120	40	0.001146	1.18	1.41	3.03	5566	4000	10.38	12.38	True	270.2	233.4	20.51
409	18	1	0.5	gelu	120	40	0.00117	1.23	1.81	4.4	6671	4000	10.09	11.94	True	183.4	157.2	12.76
411	17	1	0.5	gelu	120	40	0.001233	1.22	2.21	4.69	6259	4000	10.13	12.07	True	384.5	334.2	29.87
410	22	2	0.5	elu	120	40	0.001068	2.19	1.55	4.68	9940	4000	10.37	12.35	True	180	152.7	12.04
412	22	2	0.5	gelu	120	40	0.001314	1.07	1.37	3.79	6188	4000	10.46	12.8	True	325.2	289	18.35
413	22	2	0.5	elu	120	40	0.001184	2.34	1.62	4.52	9922	4000	10.47	12.72	True	312.8	282.4	16.11
414	22	2	0.5	elu	120	40	0.001036	2.28	1.52	4.92	9898	4000	10.22	12.21	True	423.2	373.5	28.14
415	29	2	0.5	gelu	120	40	0.0008759	2.04	1.98	4.54	7959	4000	10.34	12.44	True	361.1	309.3	27.25
416	25	2	0.5	gelu	120	40	0.0008601	1.36	2.05	4.86	7476	4000	10.41	12.23	True	276.7	196.5	47.46
417	22	2	0.5	gelu	120	40	0.001173	1.01	1.54	3.44	6129	4000	10.35	12.4	True	242.7	205.5	19.77
418	26	2	0.5	elu	120	40	0.001542	1.77	1.57	3.42	9509	4000	10.32	11.95	True	427.1	378.1	28.59
419	26	2	0.5	gelu	120	40	0.001018	2.07	1.96	4.99	7918	4000	10.31	12.46	True	901.9	760.4	92.68
420	23	2	0.5	elu	120	40	0.001189	1.76	1.78	4.48	7850	1000	10.69	13.13	True	643.6	585.2	33.51
421	22	2	0.5	elu	120	40	0.0009775	1.59	1.84	3.93	9916	4000	10.5	12.59	True	537.5	474.8	39.46
422	25	2	0.5	elu	120	40	0.001448	1.59	1.64	3.48	7358	4000	10.37	12.65	True	472.3	414	36.77
423	22	1	0.5	gelu	120	40	0.001118	1.37	1.99	4.7	7011	4000	10.31	12.4	True	303.6	268	21.15
424	20	2	0.5	gelu	120	40	0.00141	1.1	1	2.83	5240	4000	10.33	12.2	True	431.3	370.4	35.05
425	17	1	0.5	gelu	120	40	0.001096	1.16	1.95	4.68	7306	4000	10.26	12.37	True	401.4	333.9	35.57
427	22	1	0.5	gelu	120	40	0.001434	1.35	1.26	4.71	7191	4000	10.62	12.99	True	335.8	300.7	21.49
426	28	2	0.5	gelu	120	40	0.001007	2.71	1.88	4.69	5509	4000	10.16	14.91	True	201.9	173.3	14
428	20	2	0.5	gelu	120	40	0.001302	1.31	1.29	3.3	5176	4000	10.16	11.86	True	234.8	207.7	13.29
429	20	2	0.5	gelu	120	40	0.001472	1.16	1.37	2.94	5309	4000	10.45	12.62	True	458.4	406.3	28.67
430	20	1	0.5	gelu	120	40	0.001092	1.64	1.94	4.33	6550	4000	10.67	12.75	True	347	309.7	18.72
431	23	2	0.5	elu	120	40	0.001176	1.73	2.04	4.95	8532	4000	10.33	12.28	True	396.4	342.1	33.04
432	22	1	0.5	gelu	120	40	0.001099	1.48	1.29	4.87	7274	4000	10.17	12.07	True	264.3	230	19.81
433	28	2	0.5	gelu	120	40	0.0008236	1.11	2.46	4.95	8035	4000	10.24	12.01	True	370.6	308.6	35.8
434	28	2	0.5	gelu	120	40	0.0008992	1.25	1.15	4.75	7006	4000	10.13	11.99	True	492.7	406.6	49.27
435	27	2	0.5	gelu	120	40	0.0008839	1.36	2.41	4.63	8462	4000	10.22	11.73	True	214.2	180.9	17.2
436	20	2	0.5	elu	120	40	0.0009561	1.85	2.11	4.18	9967	4000	10.36	12.28	True	418.5	295.7	75.07
437	18	1	0.5	gelu	120	40	0.001085	1.31	1.76	3.88	7191	4000	10.4	12.3	True	343.1	296.2	25.17
438	21	2	0.5	elu	120	40	0.001098	2.1	1.45	4.11	9941	4000	10.41	12.38	True	297.2	256.1	21.71
439	16	1	0.5	gelu	120	40	0.001179	1.12	1.84	4.14	6336	4000	10.19	12.1	True	378.5	284.5	56.53
440	20	2	0.5	elu	120	40	0.0009359	2.29	1.66	4.61	9712	4000	10.25	12.29	True	289.6	241.4	23.85
441	27	3	0.5	gelu	120	40	0.001056	1.77	2.04	4.59	7693	4000	10.63	13.14	True	356.7	322.4	18.73
442	19	1	0.5	gelu	120	40	0.001116	1.5	1.83	4.94	6330	4000	9.997	11.87	True	221.8	178	25.19
443	22	2	0.5	gelu	120	40	0.001091	1.18	1.03	3.32	7267	4000	10.24	11.96	True	264.3	216.3	27.92
444	27	2	0.5	gelu	120	40	0.001051	1.19	1.15	3.16	5550	4000	10.43	13.08	True	199	172.8	13.59
445	17	2	0.5	gelu	120	40	0.001055	1.21	1.61	4.83	6775	4000	10.23	12.57	True	458.8	337.4	76.76
446	26	2	0.5	gelu	120	40	0.0009476	1.41	1.95	4.54	6442	4000	10.47	12.74	True	675.7	582.1	56.79
447	24	2	0.5	elu	120	40	0.0011	1.77	1.56	4.91	8393	4000	10.24	12	True	384.6	342.8	25.92
448	20	2	0.5	gelu	120	40	0.001096	1.04	1.71	4.03	5506	4000	10.66	12.77	True	403.3	359.4	23.02
449	19	2	0.5	gelu	120	40	0.001166	1.29	1.41	3.67	4904	4000	10.46	12.96	True	472.4	391.2	42.83
451	21	2	0.5	elu	120	40	0.001131	1.88	1.98	4.77	7918	4000	10.32	12.51	True	500.9	395.4	66.81
450	24	2	0.5	elu	120	40	0.001264	1.8	1.8	3.35	9749	4000	10.24	12.29	True	279.1	235.4	23.77
452	18	2	0.5	gelu	120	40	0.00128	1.09	2.02	4.04	6555	4000	10.46	13.11	True	345.8	302.9	24.17
453	28	2	0.5	gelu	120	160	0.0009386	1.97	1.91	3.72	8785	4000	10.68	14.22	True	488.9	423.4	34.63
454	24	2	0.5	gelu	120	40	0.001281	1.73	2.08	4.15	6993	4000	10.34	12.52	True	519.4	468.9	32.71
455	27	2	0.5	gelu	120	40	0.001352	1.08	1.02	3.02	5379	4000	10.39	12.3	True	658.8	534.2	80.82
456	21	1	0.5	gelu	120	40	0.001332	1.11	1.69	4.75	7267	4000	10.11	11.96	True	237.6	207.4	17.18
457	22	1	0.5	gelu	120	40	0.001156	1.32	1.48	4.46	6333	4000	10.36	12.38	True	238.8	203.7	18.21
458	26	2	0.5	gelu	120	40	0.0009399	2.78	1.77	4.84	5881	4000	10.64	12.85	True	526.6	442.8	50.49
459	27	2	0.5	gelu	120	40	0.001049	1.03	1.3	4.54	7318	4000	10.13	11.98	True	286.1	243.7	25.75
460	21	2	0.5	gelu	120	40	0.001371	1.22	1.43	3.05	6255	4000	10.39	12.38	True	440	379.1	36.53
462	19	1	0.5	gelu	120	40	0.001262	1.37	1.8	4.99	7014	4000	10.53	12.71	True	281.3	241.3	20.05
461	19	1	0.5	gelu	120	40	0.001081	1.33	2.19	4.22	6934	4000	10.42	12.35	True	299.1	256	23.71
463	25	2	2.0	gelu	120	40	0.001542	1.21	1.03	3.33	6657	4000	10.14	12.13	True	468.2	414.6	34.4
464	27	2	0.5	gelu	120	40	0.001234	1.57	1.88	4.67	6171	4000	10.11	12.1	True	271.6	239.5	17.74
465	29	2	0.5	gelu	120	40	0.001313	1.31	1.03	2.62	5016	4000	10.27	12.22	True	387.3	338.4	27.75
466	27	2	0.5	gelu	120	40	0.0008567	1.95	2.05	4.44	8883	4000	10.21	12.08	True	453.9	402.3	31.23
467	21	2	0.5	gelu	120	40	0.001026	1.41	1.18	3.42	4723	4000	10.08	13.2	True	342.6	292.4	26
468	28	2	0.5	gelu	120	40	0.0007994	1.43	1.43	5	6623	4000	10.45	12.44	True	333.7	294	22.65
469	22	2	0.5	gelu	120	40	0.001324	1.4	1.16	3.94	4888	4000	10.36	12.17	True	442.3	388.3	32.89
470	23	2	0.5	elu	120	40	0.001423	1.59	1.6	3.71	9630	4000	10.25	12.28	True	298	253.4	25.82
471	23	2	0.5	gelu	120	40	0.001358	1.39	1.06	2.68	5543	4000	10.25	12.36	True	8236	7361	585.2
472	21	1	0.5	gelu	120	40	0.001386	1.45	1.81	5	7569	4000	10.23	12.12	True	202	179.9	11.35
473	27	2	0.5	gelu	120	40	0.001116	2.25	2.17	4.96	5807	4000	10.12	12.06	True	396	318	49.26
474	28	2	0.5	gelu	120	40	0.0009186	1.8	1.4	4.43	7421	4000	10.36	12.57	True	376.7	329.3	26.93
475	27	2	0.5	gelu	120	40	0.0008833	2.28	1.84	4.96	7561	4000	10.29	13.59	True	226	193.2	13.49
476	22	2	0.5	elu	120	40	0.001077	1.99	1.21	4.5	9774	4000	10.37	12.42	True	224.8	195.3	13.94
477	26	2	0.5	gelu	120	40	0.0009721	1.37	1.2	2.45	5225	4000	10.3	12.53	True	458.3	390.6	36.1
478	21	1	0.5	gelu	120	40	0.001108	1.1	1.5	4.93	6637	4000	10.81	12.96	True	229	201.6	12.64
479	21	1	0.5	gelu	120	40	0.0009889	1.39	1.95	4.57	7484	4000	10.25	12.22	True	229.5	192.8	17
480	26	2	0.5	gelu	120	40	0.001209	1.53	1.01	3.22	5215	4000	10.39	12.25	True	241.7	212.9	14.76
481	28	2	0.5	gelu	120	40	0.001034	2.44	1.62	4.3	7840	4000	10.48	12.61	True	695.5	631	40.55
482	26	2	0.5	gelu	120	80	0.0009679	1.46	1.44	4.96	7382	4000	10.32	12.29	True	813.2	718.3	58.27
483	23	2	0.5	gelu	120	40	0.001105	1.46	1.2	3.82	4584	4000	10.22	12.05	True	386.8	332.1	31.59
484	21	1	0.5	gelu	120	40	0.001217	1.21	1.96	4.97	7716	4000	10.45	12.64	True	460.3	406.4	29.86
485	26	2	0.5	gelu	120	40	0.001257	1.23	1.29	4.96	7901	4000	10.25	12.41	True	214.6	188.1	13.86
486	27	2	0.5	gelu	120	40	0.0008791	2.1	1.61	3.63	7999	4000	10.31	12.21	True	461.8	416	28.9
487	22	1	0.5	gelu	120	40	0.001227	1.43	1.09	4.82	6964	4000	10.44	12.37	True	676.6	625.4	32.43
488	30	2	0.5	gelu	120	40	0.0008308	1.77	1.5	3.77	8531	4000	10.03	12.38	True	278	218.6	29.1
489	26	2	0.5	gelu	120	40	0.0007973	1.01	2.03	4.95	7801	4000	10.41	12.42	True	179.1	154.9	12.35
490	19	1	0.5	gelu	120	40	0.001362	1.74	1.95	4.83	6316	4000	10.34	12.48	True	230	197.3	16.03
491	27	2	0.5	gelu	120	40	0.0007959	1.01	1.85	4.28	8081	4000	10.35	12.45	True	436.7	338.6	57.42
492	21	2	0.5	gelu	120	40	0.001283	1.01	1.02	3.86	5478	4000	10.53	12.31	True	328.6	253.7	43.32
493	22	2	0.5	elu	120	40	0.001034	1.6	1.9	4.2	8109	4000	10.11	11.86	True	479.3	424.8	33.01
494	21	2	0.5	elu	120	40	0.0009644	1.95	2.17	4.14	8962	4000	10.47	12.44	True	359.6	311.4	27.78
495	29	2	0.5	elu	120	40	0.00139	1.79	1.84	3.71	9024	4000	10.24	12.38	True	511.9	434.8	45.83
496	17	1	0.5	gelu	120	40	0.0009773	1.3	1.62	4.5	6306	4000	10.28	12.16	True	385	309.4	43.52
497	27	2	0.5	gelu	120	40	0.0009339	2.02	1.74	4.01	7160	4000	10.44	12.73	True	516.2	394	74.6
498	27	2	0.5	gelu	120	40	0.0009424	1.02	2.29	4.59	8407	4000	10.3	12.06	True	7065	6055	649.2
499	28	2	0.5	gelu	120	40	0.0008103	1.37	1.92	4.06	7570	4000	10.38	12.52	True	683.1	587.2	58.59
500	20	1	0.5	gelu	120	40	0.001134	1.76	1.54	4.81	7556	4000	10.4	12.35	True	324	282.7	22.06
502	21	2	0.5	elu	120	40	0.001106	2.59	1.83	3.86	9548	4000	10.32	12.4	True	704.4	622.1	50.22
501	26	2	0.5	gelu	120	40	0.001092	1.26	1.23	2.77	4215	4000	10.38	12.51	True	387.8	318.7	42.04
504	22	2	0.5	gelu	120	40	0.001388	1.04	1.39	3.51	4494	4000	10.26	12.41	True	450.4	361.5	56.81
503	22	2	0.5	elu	120	40	0.001098	1.82	1.74	4.17	8576	4000	10.34	12.21	True	246.6	214	16.08
505	22	2	0.5	gelu	120	40	0.001462	1.39	1.42	3.58	6807	4000	10.69	12.96	True	281.5	249.6	17.82
507	23	2	0.5	elu	120	40	0.001032	2.62	1.55	4.77	9348	4000	10.34	12.22	True	585.3	461.2	70.6
506	29	2	0.5	gelu	120	40	0.001011	2.06	1.45	4.2	8011	4000	10.06	13.66	True	213.1	178.7	17.69
508	21	2	0.5	elu	120	40	0.001063	1.54	2.37	5	8869	4000	10.41	12.32	True	363.1	325	21.77
509	27	2	0.5	relu	120	40	0.0006989	1.02	1.75	4.77	8206	4000	10.51	12.6	True	826.4	693.4	84.83
511	26	2	0.5	gelu	120	40	0.001233	1.11	1.11	2.37	4954	4000	10.27	12.22	True	233.4	205.1	13.98
510	26	2	0.5	gelu	120	40	0.0009164	1.11	1.31	4.07	7518	4000	10.37	12.57	True	234.4	191.3	21.87
512	20	2	0.5	gelu	120	40	0.001101	1.03	1.36	3.5	5851	4000	10.49	12.5	True	687.3	590	58.17
513	26	2	0.5	gelu	120	40	0.0009332	2.37	2.01	4.97	4952	4000	10.76	13.21	True	270.8	228.4	22.95
514	20	1	0.5	gelu	120	40	0.001066	1.34	1.6	4.72	7629	4000	10.39	12.6	True	583.6	516.4	41.37
515	17	1	0.5	gelu	120	40	0.001143	1.28	1.65	4.55	6790	4000	10.21	12.06	True	260.2	225.8	17.33
516	23	2	0.5	gelu	120	40	0.001262	1.2	1.42	3.01	7185	4000	10.32	12.51	True	301.3	264.5	18.99
517	26	2	0.5	gelu	120	40	0.0008152	1.02	2.21	4.66	7945	4000	10.44	12.14	True	1373	1163	133.4
518	21	2	0.5	gelu	120	40	0.001077	1.23	1.43	2.98	6895	4000	10.39	12.36	True	451.2	404.3	27.96
519	18	1	2.0	gelu	120	40	0.001312	1.12	1.66	4.48	6632	4000	10.42	12.41	True	312.4	277.2	19.24
520	21	2	0.5	gelu	120	40	0.001352	1.23	2.02	4.53	7193	4000	10.23	12.28	True	487.8	422.4	41.61
521	22	2	0.5	gelu	120	40	0.001073	1.11	1.44	3.13	7654	4000	10.56	12.56	True	354.3	310.3	24.75
522	27	2	0.5	gelu	120	40	0.000935	1.03	1.65	4.7	7795	4000	10.41	12.61	True	277.4	240.1	18.98
523	28	2	0.5	gelu	120	40	0.0007866	2.28	1.58	3.79	7254	4000	10.34	12.11	True	266.6	228.5	20.25
524	23	2	0.5	elu	120	40	0.001009	1.42	2.04	4.27	9606	4000	10.64	13.11	True	662.1	540.7	75.67
525	22	2	0.5	elu	120	40	0.001273	1.64	1.81	3.55	7480	4000	10.33	12.35	True	283.3	238.4	24.86
526	25	2	0.5	gelu	120	40	0.0008897	2.33	1.62	4.8	6746	4000	10.19	12.07	True	218.5	184.6	16.11
527	20	2	0.5	gelu	120	40	0.001135	1.24	1.34	4.13	4216	4000	10.5	12.89	True	638.1	580.2	31.29
528	20	1	0.5	gelu	120	40	0.001212	1.5	1.44	4.18	7493	4000	10.55	12.89	True	305.4	270	19.76
529	26	2	0.5	gelu	120	40	0.00129	1.16	1.02	3.05	7421	4000	10.6	13.01	True	289.7	249.3	24.12
530	27	2	0.5	relu	120	40	0.0007922	1.07	2.16	4.24	7346	4000	10.43	12.6	True	451.7	368.7	51.25
531	23	2	0.5	elu	120	40	0.0009431	1.76	2.37	4.65	9868	4000	10.35	12.26	True	467.7	420.5	29.11
533	20	2	2.0	gelu	120	40	0.001152	1.37	1.08	3.64	4706	4000	10.31	12.17	True	213.7	185	13.57
532	26	2	0.5	gelu	120	40	0.000948	1.11	2.25	4.56	7353	4000	10.06	12.08	True	176.8	153.7	10.8
534	28	2	0.5	gelu	120	40	0.0007396	1.46	1.95	4.78	7129	4000	10.15	11.88	True	498.8	455.6	26.84
535	27	2	0.5	gelu	120	40	0.0008827	1.07	1.91	4.31	6910	4000	10.5	12.46	True	209.5	166.9	22.4
536	22	2	0.5	elu	120	40	0.001027	1.85	1.53	4.94	7941	4000	10.33	12.32	True	237.4	204.2	17.81
537	20	1	0.5	gelu	120	40	0.001152	1.26	1.52	4.59	6999	3000	10.23	12.25	True	419.2	359.5	31.53
538	22	2	0.5	gelu	120	40	0.001334	1.31	1.63	3.47	4500	4000	10.21	11.96	True	459.3	410.3	28.23
539	26	2	0.5	gelu	120	40	0.0007694	1.01	1.82	4.46	5866	4000	10.2	12.16	True	347.3	249.2	58.83
540	24	2	0.5	gelu	120	40	0.0008923	1.24	2.14	4.47	8656	4000	10.2	12.29	True	260.8	227.7	17.21
541	27	2	0.5	gelu	120	40	0.000754	1.04	2.08	4.97	8960	4000	10.41	12.49	True	284.4	244.1	20.78
542	27	1	0.5	gelu	120	40	0.001003	2.24	1.63	5	7686	4000	10.29	12.1	True	292.3	245.4	24.41
544	22	2	0.5	gelu	120	40	0.001082	1.22	1.4	3.76	5139	4000	10.36	12.18	True	414.3	350.5	40.03
543	24	2	0.5	gelu	120	40	0.0009117	1.1	1.44	4.83	7378	4000	10.2	12.34	True	259.7	208.9	25.91
545	22	2	0.5	gelu	120	40	0.001077	1.27	1.1	3.6	5615	4000	10.5	12.79	True	443	355.8	55.02
546	23	2	0.5	gelu	120	40	0.001084	1.33	1.26	3.3	7329	4000	10.16	11.98	True	432.2	371.9	37.12
548	26	2	0.5	gelu	120	40	0.00101	1.11	2.19	4.19	7479	4000	10.46	12.91	True	736.5	672.4	40.44
547	24	2	0.5	gelu	120	40	0.0009043	1.09	2.42	4.49	7363	4000	10.44	12.47	True	288.5	252.2	18.86
550	26	2	0.5	gelu	120	40	0.001346	1.05	1.15	3.64	7479	4000	10.39	12.46	True	776.4	674	65.99
549	18	1	0.5	gelu	120	40	0.001232	1.26	1.6	4.93	6200	4000	10.17	12.06	True	252.3	219.3	17.43
551	24	2	0.5	gelu	120	40	0.0007721	1.01	2.06	4.95	7492	4000	10.32	12.57	True	1445	1299	100.9
552	19	2	0.5	gelu	120	40	0.00129	1.03	1.9	4.96	7744	4000	10.18	12.07	True	224.3	193.9	13.47
554	22	2	0.5	elu	120	40	0.001043	1.81	1.5	4.59	8982	2000	10.47	12.52	True	334.9	294.3	25.26
553	25	2	0.5	gelu	120	40	0.0007794	1.12	1.9	4.68	8824	4000	10.13	12.01	True	223.1	199.3	11.7
555	27	2	0.5	gelu	120	80	0.001199	1.94	1.71	4.23	6703	4000	10.37	12.52	True	1034	921.9	74.14
556	22	2	0.5	gelu	120	40	0.001038	1.39	1.16	4.25	5427	4000	10.28	12.31	True	438	382.3	32.55
557	21	2	0.5	gelu	120	40	0.001128	1.02	1.65	3.54	4329	4000	10.27	12.03	True	379.4	338.9	23.36
558	27	2	0.5	gelu	120	40	0.00117	2.47	1.9	4.68	7226	4000	10.45	12.61	True	330.7	267	39.18
560	18	1	0.5	gelu	120	40	0.000998	1.31	2.06	4.66	6371	4000	10.19	11.99	True	461.3	373.2	53.94
559	27	2	0.5	gelu	120	40	0.001055	1.02	1.88	4.62	6556	4000	10.61	12.97	True	259.3	204.5	29.48
561	26	2	0.5	gelu	120	40	0.001036	1.1	1.05	3.18	4126	4000	10.22	12.36	True	419.9	355.6	39.55
562	26	2	0.5	gelu	120	40	0.0006776	1.13	2.06	4.76	7857	4000	10.08	11.89	True	566.2	484.9	47.97
564	20	2	0.5	gelu	120	40	0.001367	1.27	1.75	4.88	7913	4000	10.53	12.74	True	949.3	780.3	111.2
563	28	2	0.5	elu	120	40	0.001399	1.46	1.61	3.68	9788	4000	10.29	12.37	True	362.5	318.9	25.83
566	22	2	0.5	elu	120	40	0.00144	1.45	1.82	3.67	8398	4000	10.18	12.14	True	262.9	235.7	15.76
565	26	2	0.5	gelu	120	40	0.0007551	1.11	2.18	4.85	6914	4000	10.6	12.87	True	1176	1052	75.77
567	24	2	0.5	elu	120	40	0.00125	1.59	1.58	3.85	8112	4000	10.23	11.92	True	287.1	250.9	20.75
568	26	2	0.5	gelu	120	40	0.000742	1.01	2.05	4.75	9983	4000	10.42	12.51	True	263.8	225.5	21.34
569	21	2	0.5	elu	120	40	0.001256	1.69	1.91	4.92	8792	4000	10.43	12.3	True	277.2	213.9	32.93
570	18	1	0.5	gelu	120	40	0.001153	1.39	1.62	3.66	6376	4000	10.49	12.57	True	226.7	202	11.07
571	21	2	0.5	gelu	120	40	0.001416	1.37	1.33	2.91	6943	4000	10.1	11.68	True	309.1	269.2	21.76
572	23	2	0.5	elu	120	40	0.001	2.16	1.3	4.84	9352	4000	10.22	11.95	True	340.5	291.3	27.92
573	25	2	0.5	gelu	120	40	0.001083	1.08	1.3	3.04	5101	4000	10.23	12.44	True	617.5	546.3	41.77
574	22	2	0.5	elu	120	40	0.001016	1.94	2.1	3.88	9679	4000	10.47	12.44	True	423.9	358.4	39.1
575	26	2	0.5	gelu	120	40	0.0015	1.63	1.08	3.06	7424	4000	10.42	12.74	True	280.7	240	21.05
577	23	2	0.5	elu	120	40	0.0008699	2.36	1.54	4.65	9435	4000	10.33	12.42	True	577.1	450	75.3
576	28	2	0.5	gelu	120	40	0.0007496	1.23	2.34	4.44	7656	4000	10.33	12.27	True	257.4	218	20.42
578	25	2	0.5	gelu	120	40	0.001499	1.13	1.06	2.58	3908	4000	10.16	11.92	True	332.2	287.9	26.01
579	24	1	0.5	gelu	120	80	0.001019	1.25	1.54	4.68	7117	4000	10.21	12.51	True	270.3	236.6	18.75
580	26	2	0.5	gelu	20	40	0.0009198	1	2.45	4.68	7658	4000	16.01	14.44	True	267.5	184.8	20.16
581	28	2	0.5	gelu	120	40	0.0009916	1.09	2.49	4.93	7024	4000	10.31	12.38	True	354.2	282.6	44.14
582	27	2	0.5	gelu	120	40	0.001312	1.01	1.12	3.01	4614	2000	10.18	11.87	True	319	284.2	19.92
583	28	2	0.5	gelu	120	40	0.001046	2.39	2.15	4.21	6610	4000	10.48	12.66	True	475.9	421.4	33.35
584	17	1	0.5	gelu	120	40	0.001187	1.12	1.79	3.27	6220	4000	10.38	12.62	True	312.8	279.4	17.02
586	20	2	0.5	elu	120	40	0.001238	2.05	1.38	4.82	9689	4000	10.28	12.33	True	416	353.7	35.75
585	26	1	0.5	gelu	120	40	0.001144	2.24	1.69	4.61	8076	4000	10.12	11.69	True	378.9	256.9	76.27
588	22	1	0.5	gelu	120	40	0.001026	1.44	1.42	3.99	7198	4000	10.36	12.33	True	319.3	267	30.7
587	29	3	0.5	gelu	120	40	0.001001	2.08	1.94	4.45	6861	4000	10.31	12.15	True	264.8	222.9	23.44
589	20	2	0.5	gelu	120	40	0.001204	1.05	1.69	3.57	6692	4000	10.35	12.57	True	257.2	183.9	40.21
590	26	2	0.5	gelu	120	40	0.0009841	1.14	2.4	4.3	6533	4000	10.39	12.07	True	212.8	189.1	11.55
591	20	2	0.5	relu	120	40	0.001185	1.1	1.7	3.37	4918	4000	10.45	12.51	True	915.7	826.5	57.56
593	24	2	0.5	gelu	120	40	0.001389	1.14	1.24	3.01	4406	4000	10.06	12.13	True	310.4	271.3	22.42
592	26	3	0.5	gelu	120	40	0.001157	1.85	1.63	4.49	7499	4000	10.72	13.81	True	276.6	216.7	32.3
594	29	2	0.5	gelu	120	40	0.0008018	1.24	1.93	4.94	7442	1500	10.38	12.36	True	281.9	240.6	23.55
595	22	1	0.5	gelu	120	40	0.001234	1.28	1.44	4.72	8001	2000	10.29	12.34	True	324.4	296.2	16.46
597	21	1	0.5	gelu	120	40	0.001355	1.7	1.41	4.94	7033	4000	10.5	12.68	True	281.3	222.3	32.11
596	25	2	0.5	gelu	120	40	0.001081	2.24	1.86	4.01	6487	4000	10.32	12.98	True	227.7	192.5	18.02
598	19	1	0.5	gelu	120	40	0.001125	1.19	2.08	3.58	6907	4000	10.21	11.88	True	335.4	282.4	28.86
599	28	2	0.5	gelu	120	40	0.0007356	1.16	1.76	4.78	7864	4000	10.21	11.92	True	604.2	506.1	62.54
600	27	2	0.5	gelu	120	40	0.001091	2.06	1.56	3.8	6981	4000	11.23	13.45	True	199.1	173.6	12.24
601	28	2	0.5	gelu	120	40	0.001047	1.37	2.11	4.71	7283	4000	10.47	12.42	True	188.4	164.2	12.04
602	22	2	0.5	elu	120	40	0.0008716	1.92	1.49	4.96	9482	4000	10.52	12.36	True	342.6	284.6	22.83
603	19	1	0.5	gelu	120	40	0.001226	1.07	1.44	4.46	7346	4000	10.28	12.4	True	218.7	188.4	12.45
605	17	1	0.5	gelu	120	40	0.001155	1.74	1.53	4.8	6205	4000	10.14	11.95	True	267	233.5	15.31
604	23	2	0.5	gelu	120	40	0.001469	1.22	1.35	3.54	5776	4000	10.37	12.49	True	288.5	252.7	18.49
606	22	1	0.5	gelu	120	40	0.001216	1.33	1.57	4.22	7698	4000	10.35	12.4	True	507.6	442.1	37.52
607	29	2	0.5	gelu	120	40	0.0008592	1.17	1.73	4.16	7273	4000	10.25	12.04	True	490.1	424.7	37.63
608	18	1	0.5	gelu	120	40	0.0009747	1.06	1.97	4.63	6118	4000	10.48	12.16	True	177.9	149.8	12.19
609	23	1	0.5	gelu	120	40	0.001323	1.19	1.25	4.54	6660	4000	10.41	12.55	True	219.5	173.4	25.15
611	26	3	0.5	gelu	120	40	0.0009142	1.03	1.92	4.22	7451	4000	10.42	12.6	True	2533	2287	167
610	28	2	0.5	gelu	120	40	0.001095	1.74	2.49	4.54	7104	4000	10.06	11.85	True	288.2	249.6	21.66
613	18	1	0.5	gelu	120	40	0.00104	1.02	2	4.52	5932	4000	10.43	12.37	True	450.5	392.3	34.17
612	28	2	0.5	gelu	120	40	0.0009273	1.59	2.18	4.94	7102	4000	10.31	12.4	True	336.3	289.6	25.92
614	28	2	0.5	gelu	120	40	0.0009142	2.86	1.97	4.76	6552	4000	10.46	12.87	True	451.4	411.4	22.77
615	21	2	0.5	gelu	120	40	0.0011	1.29	1.69	3.89	5649	4000	10.29	12.47	True	291.8	252.3	20.85
617	25	2	0.5	gelu	120	40	0.001216	1.16	1.05	2.41	4208	4000	10.27	12.29	True	574.3	483.9	58.15
616	25	2	0.5	gelu	120	40	0.001517	1.33	1.31	2.88	6685	4000	10.32	12.75	True	407.8	354.4	29.55
618	29	2	0.5	gelu	120	40	0.001097	1.17	1.79	4.78	7581	4000	10.43	12.66	True	573.8	450.6	75.2
619	27	2	0.5	gelu	120	40	0.0008805	1.54	2.03	4.5	8044	4000	10.27	12.06	True	377.2	311.6	38.62
621	21	2	0.5	gelu	120	40	0.001156	1.61	1.02	4.48	4485	4000	10.39	12.29	True	7663	6801	512.9
620	20	1	0.5	gelu	120	40	0.001498	1.31	2.12	4.69	7118	4000	10.22	12.41	True	190.4	166.5	11.7
622	22	2	0.5	gelu	120	40	0.001315	1.37	1.26	3.4	5987	4000	10.43	12.55	True	709.1	627.6	51.35
623	18	3	0.5	gelu	120	40	0.0009068	1.1	1.98	4.8	6055	4000	10.26	12.19	True	424.8	372.9	30.73
624	26	2	0.5	elu	120	40	0.001391	1.64	1.98	3.92	7135	4000	10.13	12.09	True	261.2	235.5	14.72
625	19	1	0.5	gelu	120	40	0.001361	1.36	1.85	3.91	7302	4000	10.57	12.99	True	188.8	166.9	10.68
626	20	1	0.5	gelu	120	40	0.001431	1.37	2.24	4.42	6399	4000	10.44	11.94	True	235.3	205.9	15.18
627	21	2	0.5	gelu	120	40	0.001504	1.41	2.23	4.58	6960	4000	10.33	12.46	True	2178	1836	235.9
628	19	1	0.5	gelu	120	40	0.0008445	1.07	2.03	4.54	5969	4000	10.42	12.33	True	380.7	329.6	30.86
629	19	1	0.5	gelu	120	40	0.001375	1.4	1.95	3.8	7220	4000	10.25	11.92	True	366.6	312.8	31.88
631	22	2	0.5	elu	120	40	0.001086	2.25	1.7	4.73	7571	4000	10.35	12.21	True	197	168.3	13.77
630	24	2	0.5	gelu	120	40	0.0009899	1.15	2.11	4.89	7180	4000	10.62	12.91	True	319.5	283.4	21.54
632	21	1	0.5	gelu	120	40	0.001144	1.15	1.2	4.89	6846	4000	10.46	12.21	True	275.9	239.9	20.56
633	28	1	0.5	gelu	120	40	0.0009782	1.33	2.34	4.56	7671	4000	10.06	11.94	True	278.6	243.6	18.31
634	23	2	0.5	elu	120	40	0.001082	2.35	1.77	4.39	7678	4000	10.29	12.41	True	196.7	166.9	14.84
635	20	1	0.5	gelu	120	40	0.0013	1.62	2.25	4.99	6823	4000	10.24	12.3	True	181.5	158.3	11.4
636	19	1	0.5	gelu	120	40	0.00154	1.42	2.42	4.65	7140	4000	10.03	11.87	True	368.4	245	78.21
638	21	2	0.5	elu	120	40	0.001118	2.1	1.38	4.19	7403	4000	10.28	12.1	True	269.1	234.9	18.28
637	26	2	0.5	gelu	120	40	0.0009555	1.09	2.63	4.03	7836	4000	10.21	12.06	True	177.6	158.6	10.33
640	18	1	0.5	gelu	120	40	0.001473	1.32	1.58	3.64	6977	4000	10.21	12.01	True	317.8	265.8	29.19
639	23	1	0.5	gelu	120	40	0.001243	1.28	1.61	4.93	7198	4000	10.26	11.85	True	272	240.4	16.62
642	20	2	0.5	gelu	120	40	0.001357	1.73	1.94	4.65	6939	4000	10.24	11.7	True	239.7	208.5	15.44
641	29	2	0.5	gelu	120	40	0.001019	1.66	2.36	4.97	7739	4000	10.36	12.18	True	318.2	241	47.39
644	29	2	0.5	gelu	120	40	0.0008868	1.32	2.07	4.2	7001	4000	10.2	12.14	True	278.4	235.3	26.39
643	26	2	0.5	gelu	120	40	0.0009727	1.19	2.73	4.17	7294	4000	10.32	12.31	True	203.6	178.9	12.36
645	17	1	0.5	gelu	20	40	0.0008704	1	1.9	4.33	5945	4000	18.61	16.12	True	313.8	197.3	14.09
646	19	1	0.5	gelu	120	40	0.001447	1.43	1.89	4.45	7295	4000	10.44	12.72	True	247	214.8	16.43
647	18	1	0.5	gelu	120	40	0.001394	1.69	2.13	4.35	7481	4000	10.06	11.76	True	261.5	227.4	17.06
648	17	1	0.5	gelu	120	40	0.001033	1.02	1.64	4.64	6705	4000	10.51	12.79	True	397.1	304.8	53.99
649	18	2	0.5	gelu	120	40	0.001229	1.52	2.39	4.83	6658	4000	10.44	12.53	True	343.5	305.8	21.88
650	21	1	0.5	gelu	120	40	0.001355	1.58	2.11	4.96	6743	4000	10.36	12.26	True	312.3	274.4	21.82
651	28	2	0.5	gelu	120	40	0.001011	1.36	2.25	4.44	7222	4000	10.23	12.51	True	360.1	319.5	20.43
652	27	2	0.5	gelu	120	40	0.001325	1.26	1.02	3.14	4741	4000	10.48	12.76	True	416.9	359.7	35.09
654	26	2	0.5	gelu	120	40	0.001009	1.13	2.86	4	8085	1000	10.3	12.17	True	599.8	490.1	69.18
653	21	1	0.5	gelu	120	40	0.001522	1.28	1.88	4.27	7186	4000	10.34	12.43	True	226.8	202.8	11.28
655	25	2	0.5	gelu	120	40	0.0009837	1.15	2.69	4.92	7688	4000	10.19	12.04	True	245.1	206.5	21.52
656	26	2	0.5	gelu	120	40	0.0008258	1.43	2.44	4.52	7815	4000	10.34	12.15	True	321.3	287	18.05
657	29	2	0.5	gelu	120	40	0.001109	1.12	2.31	4.73	7840	4000	10.82	13.19	True	379.1	342.3	19.34
658	27	2	0.5	gelu	120	40	0.001018	1.32	2.72	4.37	8474	4000	10.25	12.26	True	210.6	184	14.04
659	22	2	0.5	elu	120	40	0.0009892	2.11	1.87	3.92	8186	4000	10.51	12.6	True	341.3	297.3	25.14
660	21	1	0.5	gelu	120	40	0.00139	1.17	2.27	4.67	7197	4000	10.33	12.73	True	244.9	206.8	19.57
661	24	1	0.5	elu	120	40	0.001057	2.22	1.82	4.32	7464	4000	10.59	12.69	True	416.5	362.8	32.21
662	24	2	0.5	elu	120	40	0.001107	2.22	1.54	4.5	8071	4000	10.13	12.04	True	437.6	385.6	29.02
663	20	1	0.5	gelu	120	40	0.00127	1.78	2.65	4.64	6327	4000	10.13	12.03	True	341.1	291.6	29.58
664	23	2	0.5	elu	120	40	0.001194	2.04	1.82	4	7692	4000	10.22	12.25	True	254.4	205.5	27.02
665	26	2	0.5	gelu	120	40	0.0009083	1.08	2.35	3.83	8484	4000	10.29	12.25	True	289.3	252.5	20.46
666	19	1	0.5	gelu	120	40	0.001679	1.36	1.86	4.97	6980	4000	10.49	12.87	True	453.8	403.3	30.43
667	25	2	0.5	gelu	120	40	0.0009001	1.23	2.14	4.24	7953	4000	10.31	12.24	True	280.2	250.6	15.53
668	20	1	0.5	gelu	120	40	0.001333	1.65	2.74	4.72	7323	4000	10.4	12.68	True	201.9	173.4	15.25
669	18	1	0.5	gelu	120	40	0.00108	1.09	2.24	4.69	6721	4000	10.08	12.28	True	294.4	253.9	21.73
670	22	1	0.5	gelu	120	40	0.001096	1.52	1.7	4.93	7529	4000	10.14	12.09	True	306.9	271.6	19.52
671	23	2	0.5	elu	120	40	0.0009732	1.8	2.25	4.34	8047	4000	10.42	12.49	True	1256	1136	71.53
672	20	1	0.5	gelu	120	40	0.001243	1.27	1.72	3.76	6720	4000	10.47	12.64	True	284.7	254	17.44
673	25	2	0.5	gelu	120	40	0.0009973	1.29	2.24	3.84	8529	4000	10.33	12.38	True	227.1	198.8	13.75
674	19	1	0.5	gelu	120	40	0.001191	1.99	1.95	4.92	7302	4000	10.4	12.64	True	351	315.1	21.12
675	20	2	0.5	elu	120	40	0.001113	2.35	1.91	4.61	9991	4000	10.28	12.46	True	369.4	301.2	34.43
676	25	2	0.5	gelu	120	40	0.0009447	1.02	2.07	4.97	7917	4000	10.35	12.67	True	383.8	349.7	20.46
677	19	1	0.5	gelu	120	40	0.00128	1.44	1.72	3.39	7245	4000	10.3	12.36	True	390	332.4	34.12
679	24	2	0.5	elu	120	40	0.001028	2.52	1.77	4.16	7442	4000	10.3	12.37	True	332.7	297	20.96
678	28	2	0.5	gelu	120	40	0.0009154	1.02	2.16	3.71	7329	4000	10.29	12.16	True	196.3	171.8	11.05
681	19	1	0.5	gelu	120	40	0.001309	1.44	1.71	4	7808	4000	10.31	12.18	True	238.1	199.9	20.94
680	22	3	0.5	elu	120	40	0.001122	2.22	1.88	3.93	7073	4000	10.4	12.71	True	308.2	269.1	18.97
683	19	1	2.0	gelu	120	40	0.001327	1.23	1.62	3.95	7343	4000	10.13	11.92	True	288	251.8	19.64
682	30	2	0.5	gelu	120	40	0.0008409	1.1	2.59	3.55	8012	4000	10.72	13.04	True	200.6	168.9	13.44
684	20	1	0.5	gelu	120	40	0.00152	1.42	1.56	4.08	7255	4000	10.32	12.33	True	219.8	191.8	14.32
685	26	2	0.5	gelu	120	40	0.0009912	1.73	1.81	4.14	6593	4000	10.14	12.22	True	4965	4528	298.6
686	29	2	0.5	gelu	120	40	0.001003	1.25	2	3.89	7427	4000	10.34	12.25	True	359.5	297.9	36.42
687	18	1	0.5	gelu	120	40	0.0009925	1.13	1.92	4.09	6925	4000	10.11	11.89	True	339.6	297.1	21.86
688	26	2	0.5	gelu	120	40	0.0008045	1.63	1.89	4.96	7474	2000	10.46	12.59	True	451.8	381.2	43.93
689	24	2	0.5	gelu	120	40	0.0007722	1.19	2.24	4.82	8121	4000	10.17	12.08	True	291	253.6	20.84
690	20	1	0.5	gelu	120	40	0.001163	1.69	2.27	4.99	7192	4000	10.34	12.35	True	341.8	303.8	20.74
691	21	1	0.5	gelu	120	40	0.001355	2	1.87	4.89	6695	4000	10.32	12.39	True	301.1	255	28.54
692	29	2	0.5	gelu	120	40	0.001011	1.03	2.08	3.78	6985	4000	10.31	11.99	True	295.8	258.1	20.43
693	18	1	0.5	gelu	120	40	0.001401	1.41	1.72	4.99	5950	4000	10.3	11.97	True	221.4	191.5	15.99
695	19	1	0.5	gelu	120	40	0.001397	1.16	2.21	4.03	7685	4000	10.54	12.88	True	481.7	440.3	24.51
694	28	2	0.5	gelu	120	40	0.0009369	1.05	1.94	4.1	7661	2000	10.5	12.48	True	240.6	204.5	20.44
696	28	2	0.5	gelu	120	40	0.0008213	1.09	2.24	4.91	7368	4000	10.57	13.06	True	308.3	267.7	19.31
697	28	2	0.5	gelu	120	40	0.000923	1.01	2.45	4.13	7198	4000	10.43	12.7	True	224.6	196.3	13.67
698	21	1	0.5	gelu	120	40	0.001701	1.33	2.22	4.7	7070	4000	10.23	12.14	True	296.5	250.6	25.86
699	30	2	0.5	gelu	120	40	0.0009903	1.27	1.96	5	7194	4000	10.34	12.18	True	1614	1459	112.5
700	30	2	0.5	gelu	120	40	0.0007906	1.16	2.16	3.73	7382	4000	10.05	11.74	True	294.8	257.2	20.21
701	19	1	0.5	gelu	120	40	0.0009935	1.14	2.15	4.84	5365	4000	10.41	12.46	True	174.9	149.4	13.44
702	26	3	0.5	gelu	120	40	0.001247	1.3	1.01	2.39	4296	4000	10.48	12.76	True	498.8	425.2	46.43
703	27	2	0.5	gelu	120	40	0.0008624	1.02	1.79	3.71	7504	4000	10.22	11.97	True	265.2	230.4	18.49
704	18	2	0.5	gelu	120	40	0.0009224	1.16	2.3	4.58	5272	4000	10.18	12.36	True	329.3	293.7	21.31
705	29	2	0.5	gelu	120	40	0.0008722	1.09	1.94	3.35	7357	4000	10.32	12.65	True	238.5	206.7	15.67
706	18	1	0.5	gelu	120	40	0.0009557	1.05	1.99	4.92	6492	4000	10.5	12.55	True	283.6	243.9	19.45
707	28	2	0.5	gelu	120	40	0.0009228	1.04	2.4	3.45	6826	4000	10.59	12.9	True	401	362.8	20.22
708	17	1	0.5	gelu	120	40	0.001133	1.37	2.08	4.8	6904	4000	10.32	12.49	True	213.3	173.9	18.73
709	17	1	0.5	gelu	120	40	0.0009231	1.09	2.21	4.84	5041	4000	10.31	12.36	True	180.9	145.7	16.34
710	18	1	0.5	gelu	120	40	0.0009893	1.3	2.7	4.89	5577	4000	10.17	11.91	True	293.9	241.7	30.52
711	26	2	0.5	gelu	120	40	0.0007628	1.06	2.76	4.9	8023	4000	10.64	13.04	True	891.3	791.1	64.14
712	26	2	0.5	gelu	120	40	0.001138	1.04	1.01	3.01	4595	4000	10.21	12.08	True	314	277.5	19.06
713	29	1	0.5	gelu	120	40	0.0008305	1.08	2.13	3.45	7626	4000	10.09	12.14	True	365.6	307.6	33.92
714	17	1	0.5	gelu	120	40	0.0008677	1.12	2.71	4.76	4830	4000	10.39	12.07	True	360.2	321	23.46
715	26	2	0.5	gelu	120	40	0.0009278	1.07	2.97	4.17	4725	4000	10.18	11.92	True	441.3	385.6	31.86
716	25	2	0.5	gelu	120	40	0.0008337	1.09	2.3	3.68	6084	4000	10.52	12.75	True	353.8	312.2	22.04
717	19	1	0.5	gelu	120	40	0.0008872	1.15	2.06	4.97	5098	4000	10.65	12.96	True	742.2	643.4	61.63
718	26	2	0.5	gelu	120	40	0.001475	1.2	1.1	3.66	6143	4000	10.17	12.08	True	294.9	262.1	18.44
719	21	2	0.5	elu	120	40	0.00101	1.56	1.84	4.48	7040	4000	10.6	12.74	True	384.5	328.1	34.39
720	27	2	0.5	gelu	120	40	0.0009678	1.02	2.46	4.21	9277	4000	10.35	12.41	True	239.8	211.4	15.4
721	17	1	0.5	gelu	120	40	0.001066	1.12	2.51	4.53	5112	4000	10.51	12.7	True	215.5	175.7	16.77
722	19	1	0.5	gelu	120	40	0.001361	1.07	1.73	3.93	5637	4000	10.53	12.84	True	232.1	196.6	19.41
723	20	1	0.5	gelu	120	40	0.0009683	1.28	2.31	4.4	5362	4000	10.21	12.29	True	209.6	179.8	13.42
724	20	1	0.5	gelu	120	40	0.0009468	1.02	1.91	4.61	5432	4000	10.39	12.33	True	192.4	166.9	12.43
725	26	2	0.5	elu	120	40	0.001112	1.39	2.19	4.54	7448	4000	10.25	12.26	True	225.6	191.9	17.49
726	18	1	0.5	gelu	120	40	0.0009909	1.54	2.21	4.86	5252	4000	10.37	12.52	True	257.4	221.1	17.01
727	21	2	0.5	gelu	120	40	0.001312	1.28	1.07	2.59	4597	4000	10.23	12.01	True	320.3	284.7	20.37
728	20	1	0.5	relu	120	40	0.0009992	1.09	1.94	4.3	5219	4000	10.14	12.14	True	308.9	272.2	20.07
729	27	2	0.5	gelu	20	40	0.000893	1.03	2.2	3.69	7271	4000	15	15.17	True	802.4	349.3	13.12
730	27	2	0.5	gelu	120	40	0.00102	1.32	1.38	4.84	7905	4000	10.35	12.49	True	242.4	217	14.17
731	19	1	0.5	gelu	120	40	0.001047	1.01	2.45	4.93	5638	4000	10.66	12.85	True	251.6	214.7	17.05
732	17	1	0.5	gelu	120	40	0.0008704	1.04	2.33	4.06	5507	4000	10.46	12.92	True	229	189.1	19.59
733	21	3	0.5	gelu	120	40	0.001077	1.12	1.22	3.69	5453	4000	10.46	12.46	True	561.4	492.1	41.21
734	25	2	0.5	gelu	120	40	0.000941	1.12	2.85	4.43	8907	4000	10.4	12.23	True	295.3	250.5	25.8
735	26	2	0.5	gelu	120	40	0.000653	1.06	1.7	4.41	7486	4000	10.38	12.76	True	273.4	236.8	16.16
737	19	1	0.5	relu	120	40	0.00136	1.12	2.27	4.86	6847	4000	10.27	12.06	True	233.9	201.5	17.52
736	25	2	0.5	gelu	120	160	0.0008006	1.19	1.85	4.72	7941	4000	10.2	11.95	True	522.2	473.1	29.37
738	21	1	0.5	gelu	120	40	0.001045	1.12	1.59	3.5	5949	4000	10.34	12.18	True	382.3	334.8	28.12
739	28	2	0.5	gelu	120	40	0.001083	1.56	2.02	4.81	7309	4000	10.11	11.62	True	309.1	273.7	19.17
740	21	1	0.5	gelu	120	40	0.0009805	1.22	2.04	4.61	6065	4000	10.64	13.19	True	196.6	162.7	15.4
741	18	1	0.5	gelu	120	40	0.001056	1.36	1.95	4.22	5118	4000	10.56	12.83	True	468.7	410.6	34.17
742	21	2	0.5	gelu	120	40	0.0009604	1.07	2.04	4.15	5218	4000	10.38	12.66	True	360	295.3	39.33
743	22	2	0.5	gelu	120	40	0.001469	1.17	1.36	3.01	7408	4000	10.12	11.92	True	288.2	248.3	21.21
744	18	1	0.5	gelu	120	40	0.0008682	1.22	1.67	4.72	5956	4000	10.39	12.32	True	244.4	194.3	22.73
745	18	1	0.5	gelu	120	40	0.0009379	1.09	1.84	4.2	5441	4000	10.51	12.83	True	366.7	336	16.33
747	17	1	0.5	gelu	120	40	0.00109	1.08	1.98	4.56	4975	4000	10.4	12.44	True	231.1	197.1	16.92
746	20	2	0.5	gelu	120	40	0.0008742	1	1.79	4.25	5525	4000	10.55	12.78	True	261.4	227	18.5
748	18	1	0.5	gelu	120	40	0.0008664	1.09	2.15	4.1	4665	4000	10.47	12.43	True	278.1	231.5	28.09
749	20	2	0.5	gelu	120	40	0.0009548	1.12	1.75	4.62	6018	4000	10.4	12.44	True	232.3	201.2	15.04
750	19	1	0.5	gelu	120	40	0.001088	1.27	1.73	4.79	5282	4000	10.23	12	True	302.9	246.5	32.92
751	22	2	0.5	elu	120	40	0.0009427	1.94	1.44	4.3	9988	4000	10.34	12.26	True	510.8	452.8	36.03
753	19	1	0.5	gelu	120	40	0.001005	1.18	2.09	4.85	5746	1500	10.35	12.24	True	406.5	337	41
752	17	1	0.5	gelu	120	40	0.0008578	1.15	2.18	4.63	5433	4000	10.45	12.42	True	300.5	267	15
755	20	1	0.5	gelu	120	40	0.001403	1.43	2.26	4.19	7687	4000	10.09	11.7	True	240.6	208.4	18.38
754	19	1	0.5	gelu	120	40	0.001006	1.24	2.58	4.79	6407	4000	10.28	12.27	True	359.4	314	27.16
756	21	1	0.5	gelu	120	40	0.001155	1.12	1.33	3.65	6283	4000	10.42	12.47	True	214.7	182	16.86
757	27	2	0.5	gelu	120	40	0.0007299	1.02	2.48	3.78	7172	4000	10.45	12.84	True	780.4	680.5	61
758	25	2	0.5	gelu	120	40	0.001077	1.06	1.76	4.52	7979	4000	10.35	12.56	True	446	394	30.03
759	29	2	0.5	gelu	120	40	0.00102	1	2.06	3.26	8118	4000	10.24	12.24	True	256.2	220.5	18.39
760	15	1	0.5	gelu	120	40	0.0009743	1.03	1.99	4.95	4784	4000	10.62	12.76	True	397.9	306.4	53.61
761	23	1	0.5	gelu	120	40	0.001063	1.05	1.39	3.54	5395	4000	10.26	12.19	True	301	268.9	19.08
762	17	1	0.5	gelu	120	40	0.001104	1.2	1.74	4.34	5668	4000	10.2	11.91	True	181.4	153	12.54
763	22	3	0.5	gelu	120	40	0.001118	1.25	1.35	2.94	6472	4000	10.21	11.96	True	331.4	294	21.44
764	16	1	0.5	gelu	120	40	0.001151	1.09	1.55	4.25	5815	4000	10.28	11.97	True	298.8	260.2	20.36
765	27	2	0.5	gelu	120	40	0.001154	1.22	2.16	4.99	6980	4000	10.36	12.42	True	361.7	321.2	20.41
766	19	1	0.5	gelu	120	40	0.001469	1.18	2.01	4.89	7528	3000	10.19	12.19	True	206.5	172.5	16.75
767	20	3	0.5	gelu	120	40	0.001146	1.01	1.42	2.92	5692	4000	10.2	12.18	True	1014	909.2	72.54
768	19	1	0.5	gelu	120	40	0.001514	1.36	2.09	3.24	6992	4000	10.19	11.91	True	519.2	336	116.7
769	20	1	0.5	gelu	120	40	0.00102	1.14	1.26	3.32	5534	4000	10.21	12.12	True	382.8	308.6	44.96
770	28	2	0.5	gelu	120	40	0.000707	1.16	1.96	4.48	7173	4000	10.36	12.5	True	1.029e+04	8807	947.3
772	21	1	0.5	gelu	120	40	0.001012	1.07	1.61	4.24	5387	4000	10.3	12.51	True	298.4	259.5	21.3
771	20	1	0.5	gelu	120	40	0.0009509	1.25	1.73	4.54	5552	4000	10.28	12.16	True	214.5	154.1	34.69
773	22	1	0.5	gelu	120	40	0.001302	1.47	2.52	4.55	6775	4000	10.18	12.08	True	296	259.7	20.52
774	20	1	0.5	gelu	120	40	0.001671	1.47	2.16	4.68	7685	4000	10.31	12.41	True	284.8	254.8	16.72
776	19	1	0.5	gelu	120	40	0.0009602	1.07	2.37	3.84	5549	4000	10.33	12.06	True	232	205.5	12.67
775	27	2	0.5	gelu	120	40	0.0008128	1.28	2.09	4.18	8154	4000	10.35	12.41	True	283.3	238.1	21.49
777	16	1	0.5	gelu	120	40	0.000991	1.27	2.9	4.53	5247	4000	10.26	12.27	True	232.3	203.5	13.8
778	17	1	0.5	gelu	120	160	0.001018	1.25	2.21	4.76	5421	4000	10.38	12.23	True	550.2	465.1	50.35
779	22	3	0.5	gelu	120	40	0.001074	1.12	1.44	3.3	5846	4000	10.7	12.93	True	6523	6018	338.6
780	19	1	0.5	gelu	120	40	0.001327	1.66	2.36	4.05	6317	4000	10.09	11.74	True	237.8	207.5	16.7
781	21	2	0.5	elu	120	40	0.001076	2.07	1.94	4.35	7164	4000	10.14	12.2	True	268.1	235.8	16.92
782	21	1	0.5	gelu	120	40	0.0009506	1.19	1.81	4.99	4959	1500	10.12	11.78	True	279.4	253.8	15.21
783	19	1	0.5	gelu	120	40	0.0009982	1.08	1.5	4.6	5699	4000	10.19	11.96	True	304.5	252.7	29.71
784	27	2	0.5	gelu	120	40	0.001179	1.56	2.25	4.04	6756	4000	10.26	11.93	True	364.7	314.5	28.04
786	20	1	0.5	gelu	120	40	0.0008593	1.02	2.02	4.2	6594	4000	10.87	13.27	True	469.5	405.1	40.56
785	27	2	0.5	gelu	120	40	0.000958	1.05	3.11	3.69	6912	4000	10.56	12.76	True	269.7	236.9	16.79
787	19	1	0.5	gelu	120	40	0.0008545	1.08	1.51	4.69	5146	4000	10.35	12.28	True	306.8	279	16.28
788	16	1	0.5	gelu	120	40	0.001146	1.39	1.63	4.25	5731	3000	10.63	12.94	True	189.9	163.6	12.34
789	20	1	0.5	gelu	120	40	0.001079	1.26	2.09	4.99	5347	4000	10.2	12.07	True	247.3	205.8	19.4
790	18	1	0.5	gelu	120	40	0.00107	1.1	1.6	3.8	6618	4000	10.31	12.28	True	315.7	288.1	16.86
791	16	1	0.5	gelu	120	40	0.001185	1.34	1.77	3.97	5343	4000	10.39	12.29	True	198.4	164.6	18.2
792	18	1	0.5	gelu	120	40	0.001176	1.2	2.18	4.73	5303	4000	10.49	12.6	True	347.1	299.9	28.02
793	28	2	0.5	gelu	120	40	0.0009207	1.06	2.48	4.39	5477	4000	10.5	12.64	True	491	421.4	42.48
794	21	1	0.5	elu	120	40	0.0009924	1.89	1.57	4.95	9420	4000	10.48	12.27	True	255.9	205.3	21.11
795	15	1	0.5	gelu	120	40	0.001056	1.48	1.73	4.64	6415	3000	10.43	12.42	True	274	244.4	15.92
796	23	3	0.5	gelu	120	40	0.001108	1.53	1.11	4.75	7066	4000	10.34	12.39	True	1534	1321	131.3
797	23	1	0.5	elu	120	40	0.001111	2.49	1.56	4.72	9707	4000	10.2	12.32	True	287.8	250.3	18.87
798	20	1	0.5	gelu	120	40	0.001492	1.3	1.85	2.8	6956	4000	10.15	12.08	True	356.1	307.5	26.06
799	18	2	0.5	gelu	120	40	0.00121	1.07	1.1	2.98	5038	4000	10.25	12.17	True	355.6	313.9	22.63
800	18	1	0.5	gelu	120	40	0.001112	1.43	1.97	4.17	6134	4000	10.19	12.06	True	340	276.3	36.59
801	22	2	0.5	gelu	120	40	0.001121	1.17	1.06	2.65	6782	4000	10.39	12.3	True	224.4	191.7	15.86
802	21	2	0.5	gelu	120	40	0.001284	1.53	1.22	4.34	7336	4000	10.29	12.38	True	5164	4332	418.6
803	16	1	0.5	gelu	120	40	0.001038	1.45	1.53	4.5	5788	3000	10.45	12.64	True	212.5	180.5	15.63
804	21	2	0.5	gelu	120	40	0.001311	1.05	1.36	2.68	5762	4000	10.2	12.25	True	320.6	271.6	27.15
806	20	1	0.5	gelu	120	40	0.001585	1.52	1.99	3.96	6909	4000	10.56	12.61	True	232.9	198.8	12.94
805	19	1	0.5	gelu	120	40	0.001538	1.21	1.88	3.76	7449	4000	10.21	12.02	True	189.8	160.9	13.54
808	15	1	0.5	gelu	120	40	0.001243	1.45	1.58	4.07	6025	3000	10.33	12.28	True	315.9	258.9	31.83
807	21	3	0.5	elu	120	40	0.00106	2.07	1.68	4.6	9798	4000	10.36	12.37	True	219.8	188	16.25
809	19	1	0.5	gelu	120	40	0.001683	1.15	2.14	3.81	7133	4000	10.3	12.31	True	231.7	206.8	12.7
810	15	1	0.5	gelu	120	40	0.0009485	1.19	1.82	4.51	6007	4000	10.53	12.8	True	281.5	243.5	15.78
811	24	2	0.5	gelu	120	40	0.0008622	1.08	2.78	3.92	6679	4000	10.49	12.72	True	370	332.2	20.68
812	21	3	0.5	elu	120	40	0.001162	2.19	1.45	4.18	9967	4000	10.23	12.05	True	320.5	264.5	30.54
814	16	1	0.5	gelu	120	40	0.000846	1.01	1.85	4.91	5038	4000	10.59	12.81	True	347.7	309.9	22.31
813	17	1	0.5	gelu	120	40	0.001166	1.42	1.86	4.57	5625	4000	10.53	12.68	True	195.2	169.8	11.62
815	21	2	0.5	gelu	120	40	0.00111	1.14	1.75	3.28	5880	4000	10.23	12.35	True	269	233.1	18.02
816	29	2	0.5	gelu	120	40	0.001075	1.46	2.03	4.84	6362	4000	10.17	12.21	True	9809	8561	807.2
817	26	2	0.5	gelu	20	40	0.0008872	1.1	2.9	4.49	6995	4000	11.84	13.25	True	379.6	239.4	20.72
818	19	2	0.5	gelu	120	40	0.001367	1.16	1.16	2.3	5041	4000	10.26	12.48	True	346.3	299.3	27.41
819	21	2	0.5	gelu	120	40	0.001352	1.16	1.65	2.9	6916	4000	10.33	12.37	True	536.9	461.7	46.17
820	22	1	0.5	elu	120	40	0.001099	1.94	1.76	4.2	9970	4000	10.21	12.14	True	368.5	307.5	36.94
821	25	2	0.5	gelu	120	40	0.0008107	1.08	2.87	4.35	5710	4000	10.23	12.24	True	204.9	178.7	12.79
822	28	2	0.5	gelu	120	40	0.0008977	1.3	1.47	4.74	8306	4000	10.26	11.95	True	246.7	221.3	14.57
823	21	1	0.5	gelu	120	40	0.001468	1.06	1.9	3.12	7070	4000	10.11	11.88	True	281.3	222.5	34.77
824	22	1	0.5	elu	120	40	0.001188	1.91	1.61	4.76	9278	4000	10.44	12.79	True	287.5	214	44.98
825	20	1	0.5	gelu	120	40	0.001584	1.15	1.82	3.78	7676	4000	10.07	12.13	True	343.8	270.1	45.38
826	19	2	0.5	gelu	120	40	0.001181	1.08	1.33	3.14	5311	4000	10.21	12.36	True	461	412.3	29.29
827	27	2	0.5	gelu	120	40	0.001175	2.26	2.41	4.68	6612	4000	10.25	12.09	True	392.5	349.3	24.02
828	28	2	0.5	gelu	120	40	0.00104	1.1	2.77	4.39	7916	4000	10.66	12.68	True	481.5	424.2	32.67
829	18	1	0.5	gelu	120	40	0.001111	1	1.64	3.89	5507	4000	10.22	12.07	True	243.6	211.3	16.78
830	23	2	0.5	elu	120	40	0.001098	1.69	2.41	4.77	5991	4000	10.48	12.87	True	265.8	237.6	15.32
831	21	1	0.5	gelu	120	40	0.001473	1.33	2.78	4.85	7005	4000	10.25	11.97	True	205.4	178.1	13.15
832	20	1	0.5	gelu	120	40	0.001404	1.66	2.38	4.23	7095	4000	10.61	12.75	True	424.1	370.1	29.57
833	21	2	0.5	gelu	120	40	0.001367	1.29	1.44	4.88	6736	4000	10.41	12.47	True	663.5	580.2	51.74
834	16	1	0.5	gelu	120	40	0.001046	1.18	1.92	4.12	5765	3000	10.64	12.77	True	194.7	169.6	11.11
835	22	2	0.5	gelu	120	40	0.001346	1.02	1.22	2.41	4477	4000	10.6	12.85	True	404.5	357.5	26.88
836	22	2	0.5	gelu	120	40	0.001035	1.02	2.22	3.99	7240	4000	10.18	12.02	True	256.8	225.2	14.73
837	29	2	0.5	gelu	120	40	0.0008789	1.36	2.42	4.6	7769	4000	10.68	14.45	True	193.3	166.5	12.02
838	21	2	0.5	gelu	120	40	0.001125	1.09	1.39	4.98	7180	4000	10.09	12	True	373.2	323.1	28.33
839	15	1	0.5	gelu	120	40	0.001106	1.45	1.89	4.3	5593	3000	10.58	12.74	True	450.5	371.2	47.11
840	21	2	0.5	gelu	120	40	0.001063	1.26	1.48	3.23	5568	4000	10.31	12.16	True	286.7	243.8	24.95
842	16	2	0.5	gelu	120	40	0.001254	1.07	1.21	2.72	4728	4000	10.32	12.6	True	377.2	332.6	24
841	22	3	0.5	elu	120	40	0.0009085	2.57	1.56	4.4	9859	4000	10.32	12.49	True	448.8	391.3	32.06
844	20	1	0.5	gelu	120	40	0.001249	1.12	1.73	3.6	8039	4000	10.16	12.15	True	292.1	257.7	19.1
843	24	2	0.5	gelu	120	40	0.0007382	1.13	1.92	4.35	7759	4000	10.39	12.32	True	421.7	370.3	29.94
846	20	1	0.5	gelu	120	40	0.001411	1.25	2.02	3.78	6642	4000	10.35	12.02	True	219.4	186.8	17.98
845	22	2	0.5	gelu	120	40	0.001161	1.58	1.72	4.56	6552	4000	10.41	12.19	True	200.4	168.1	16.18
847	16	1	0.5	gelu	120	40	0.0009663	1.29	2.08	4.9	4625	4000	10.2	12.22	True	314.2	271.1	21.69
848	21	1	0.5	gelu	120	40	0.001304	1.25	2.11	3.72	7640	4000	10.3	12.28	True	607.1	476.7	80.94
849	28	2	0.5	gelu	120	160	0.001018	1.79	1.87	4.53	6422	4000	10.12	11.73	True	9288	8088	667.7
850	27	2	0.5	gelu	120	40	0.001537	1.26	1.13	3.4	5047	4000	10.43	12.64	True	323.1	274	29.1
851	19	1	0.5	gelu	120	40	0.001285	1	2.06	4.05	6641	4000	10.08	11.85	True	193.4	168.8	12.26
852	15	1	0.5	gelu	120	40	0.001239	1.21	1.87	4.68	5604	4000	10.21	12.35	True	418.2	362.4	26.62
853	21	3	0.5	gelu	120	40	0.001334	1.51	1.33	4.8	7337	4000	10.45	12.52	True	513	414.1	60.12
854	20	1	0.5	gelu	120	40	0.001205	1.35	2.76	4.78	7224	4000	10.31	12.25	True	232.3	205.1	13.65
855	17	1	0.5	gelu	120	40	0.001264	1.3	1.45	4.23	5550	4000	10.49	12.18	True	428.5	384.5	25.56
856	19	1	0.5	gelu	120	40	0.001028	1.25	1.66	4.58	6149	2000	10.49	12.7	True	208.2	178.9	12.41
857	21	1	0.5	elu	120	40	0.001036	2.01	1.35	4.15	9529	4000	10.67	13.24	True	253	203.4	28.58
858	17	1	0.5	gelu	120	40	0.001152	1.54	1.64	3.87	5775	3000	10.33	12.34	True	677.5	585.1	56.18
859	15	1	0.5	gelu	120	40	0.0009935	1.4	1.58	3.86	6107	3000	10.34	12.19	True	791.2	711.4	48.24
861	22	2	1.0	elu	120	40	0.001054	1.83	1.99	4.85	7124	4000	10.58	12.76	True	196.6	164	16.42
860	29	2	0.5	gelu	120	40	0.001169	1.35	2.33	4.21	6954	4000	10.1	11.73	True	252.3	216.9	19.15
862	22	2	0.5	gelu	120	40	0.0009819	1.04	1.39	4.14	5756	4000	10.24	11.87	True	448.6	390.1	32.7
863	29	2	0.5	gelu	120	40	0.0006868	1.15	1.56	4.85	7133	4000	10.14	12.15	True	267.6	235.8	17.35
864	21	2	0.5	gelu	120	40	0.001243	1.26	1.16	3.04	4524	4000	10.31	12.34	True	517.2	473	27.47
865	21	1	2.0	gelu	120	40	0.001158	1.53	2.39	4.97	6638	4000	10.14	11.81	True	354.9	304.7	29.43
866	19	1	0.5	gelu	120	40	0.00108	1.34	2.48	4.94	4850	4000	10.58	12.83	True	372.9	310.7	35.64
867	23	1	0.5	gelu	120	40	0.001143	1.59	1.37	4.97	6618	4000	10.24	12.18	True	325.1	282.1	25.1
868	18	1	0.5	gelu	120	40	0.0008434	1.11	2.16	4.9	4234	4000	10.27	12.33	True	310.3	266	25.26
869	22	2	0.5	elu	120	40	0.001047	1.79	1.98	4.43	6486	4000	10.35	12.85	True	511.4	432.9	45.3
870	23	3	0.5	elu	120	40	0.001245	2.33	1.35	4.55	9872	4000	10.13	11.79	True	297	256.7	21.02
871	19	1	0.5	gelu	120	40	0.001659	1.06	1.62	3.64	6953	4000	10.44	12.38	True	270.4	235.6	18.74
872	17	1	0.5	gelu	120	40	0.0009819	1.15	1.7	3.73	4930	4000	10.15	12.35	True	412.3	355.3	33.99
873	23	2	0.5	gelu	120	40	0.001495	1.23	1.22	2.58	4490	4000	10.17	12.16	True	446.8	385	35.72
874	20	1	0.5	gelu	120	40	0.0009347	1.2	1.78	4.08	6244	4000	10.55	13.07	True	237.5	214.4	11.99
875	17	1	0.5	gelu	120	40	0.001516	1.01	1.82	3.87	7175	4000	10.25	12.18	True	230.6	198.9	15.03
876	19	1	0.5	relu	120	40	0.001853	1.31	2.06	4.61	7268	4000	10.24	11.99	True	459.9	410.1	31.04
877	24	1	0.5	elu	120	40	0.001044	1.89	1.51	4.78	9881	4000	10.59	12.94	True	344.5	298.5	25.12
878	28	2	0.5	gelu	120	40	0.0007877	1.41	1.68	4.95	7559	4000	10.17	11.99	True	592.2	525.8	41.55
879	16	1	0.5	gelu	120	40	0.001388	1.51	1.81	3.72	5810	3000	10.47	12.3	True	297.4	266.9	17.39
880	19	1	0.5	gelu	120	40	0.001561	1.53	1.89	3.54	8063	4000	10.32	12.6	True	4444	3947	348.3
881	22	2	0.5	gelu	120	40	0.001368	1.42	1.14	4.07	6438	4000	10.24	12.03	True	249.7	217	18.5
882	21	3	0.5	gelu	120	40	0.00113	1.29	1.48	4.36	7057	4000	10.33	12.39	True	671.5	586.3	55.6
883	18	1	0.5	gelu	120	40	0.001363	1.31	2.64	4.8	6416	4000	10.48	12.74	True	817.7	733.3	49.64
884	19	1	0.5	gelu	120	40	0.00104	1.04	2.27	4.75	4947	4000	10.24	12.03	True	307.9	264.1	22.66
885	19	1	0.5	gelu	120	40	0.001426	1.29	2	3.51	7838	2000	10.33	12.32	True	282.6	251.3	17.67
886	16	1	0.5	gelu	120	40	0.001179	1.37	1.31	3.76	5455	3000	10.33	12.12	True	424.1	365.6	32.53
887	18	1	0.5	gelu	120	40	0.001481	1.13	1.72	4.37	7910	4000	10.29	12.06	True	290.7	252.5	19.14
888	28	2	0.5	gelu	120	40	0.001216	1.28	2.55	4.36	7775	4000	10.4	12.35	True	336.3	290.7	25.53
889	15	1	0.5	gelu	120	40	0.001155	1.23	1.51	4.43	4791	3000	10.65	12.99	True	257.2	221.6	20.5
890	22	1	0.5	gelu	120	40	0.001345	1.79	1.92	4.96	7436	4000	10.28	12	True	245.2	221.1	13.35
891	24	3	0.5	elu	120	40	0.001061	2.07	1.58	4.69	9803	4000	10.15	11.93	True	422.4	373.4	28.28
893	18	1	0.5	gelu	120	40	0.001233	1.35	1.79	4.07	6924	1000	10.2	11.91	True	582.7	496	53.17
892	26	2	0.5	gelu	120	40	0.0008504	1.24	2.94	3.93	8871	4000	10.22	12.1	True	306.5	260.2	26.22
895	17	1	0.5	gelu	120	40	0.001519	1.73	2.11	4.69	6697	4000	10.28	12.11	True	447.5	404.1	24.14
894	23	3	0.5	elu	120	40	0.001049	2.62	1.69	4.81	9822	4000	10.45	12.89	True	292.5	253.8	19.82
896	17	1	0.5	gelu	120	40	0.001557	1.13	1.68	3.39	7880	4000	10.06	12.2	True	188.5	164	11.36
897	19	1	0.5	gelu	120	40	0.00139	2.07	2.22	4.17	7209	4000	10.4	12.41	True	526.7	480.4	29.44
898	16	1	0.5	gelu	120	40	0.001497	1.08	1.69	3.57	8135	4000	10.23	12.31	True	336.7	304.9	19.08
900	16	1	0.5	gelu	120	40	0.001368	1.2	1.66	4.82	5849	3000	10.43	12.52	True	275.2	240.2	17.82
899	26	2	0.5	gelu	120	40	0.00106	1.31	3.22	3.85	7389	4000	10.49	12.55	True	217.2	183.1	18.62
901	15	1	0.5	gelu	20	40	0.0009003	1.06	2.21	4.38	4998	4000	12.01	13.58	True	192.9	156.6	12.66
902	16	1	0.5	gelu	120	40	0.001316	1.18	1.83	4.85	6532	4000	10.19	12.13	True	516.7	452.6	38
903	20	1	0.5	gelu	120	40	0.001422	1.75	1.84	4.43	7042	4000	10.32	12.45	True	214.1	191.2	11.35
904	27	2	0.5	gelu	120	40	0.0009545	1.2	2.57	3.58	7871	4000	10.51	12.59	True	383.3	330.2	31.1
905	17	1	0.5	gelu	120	40	0.001498	1.11	1.88	2.97	6063	4000	10.39	12.54	True	311	273.4	20.02
907	17	1	0.5	gelu	120	40	0.001546	1.05	1.53	3.23	6186	4000	10.3	12.2	True	301.3	265.2	18.91
906	18	1	0.5	gelu	120	40	0.00101	1.22	2.07	4.31	4437	4000	10.34	12.36	True	194	174.6	10.37
909	18	1	0.5	gelu	120	40	0.001601	1.43	1.57	2.96	8884	4000	10.34	12.39	True	328.5	245.9	50.54
908	22	2	0.5	elu	120	40	0.00108	2.56	1.3	4.42	9968	4000	10.19	13.64	True	240.2	199.9	18.96
910	18	1	0.5	gelu	120	40	0.0009281	1.41	2.02	4.5	5560	3000	10.3	11.94	True	329.9	288	25.77
911	22	1	1.0	gelu	120	40	0.00149	1.21	1.85	4.94	7098	4000	10.34	12.45	True	209.2	180.5	14.73
912	19	1	1.0	gelu	120	40	0.001168	1.95	2.37	4.78	6546	4000	10.36	12.57	True	916.6	788.1	76.57
914	17	1	0.5	gelu	120	40	0.001723	1.14	1.83	3.36	7519	4000	10.33	12.2	True	265.6	216.3	25.12
913	23	1	0.5	gelu	120	160	0.001363	1.46	1.58	4.98	7576	4000	10.19	11.96	True	435.4	389.4	26.31
916	23	2	0.5	elu	120	40	0.001063	1.39	2.07	4.38	7696	4000	10.17	11.87	True	311	270.1	22.15
915	26	2	0.5	gelu	120	40	0.0008839	1.18	3.24	3.59	7529	4000	10.79	12.85	True	742.2	659	53.12
918	23	2	0.5	gelu	120	40	0.001102	1.19	1.39	3.96	6454	4000	10.27	12.08	True	235.7	199.7	18.3
917	28	3	0.5	gelu	120	40	0.0008005	1.04	2.23	4.86	7919	4000	10.29	12.1	True	233.5	196.4	18.21
920	17	1	0.5	gelu	120	40	0.001446	1.14	1.86	2.84	8437	4000	10.27	12.36	True	445	380.7	37.13
919	23	2	0.5	gelu	120	40	0.001311	1.39	1.46	4.71	7172	4000	10.16	11.82	True	220.3	194.5	12.39
922	26	2	0.5	gelu	40	40	0.0009302	1.18	1.68	4.5	7477	4000	10.49	10.21	True	3998	3189	239.2
921	22	1	0.5	gelu	120	40	0.0007193	1.16	1.95	4.97	7946	4000	10.29	12.21	True	182.6	151.5	16.07
924	21	1	0.5	gelu	120	40	0.001033	1.19	2.19	4.63	4695	4000	10.27	11.97	True	805.3	664.6	89.35
923	18	1	0.5	gelu	120	40	0.001601	1.4	2.1	4.83	6381	4000	10.28	12.02	True	303.4	253.6	27.07
925	16	1	0.5	gelu	120	40	0.001133	1.28	1.68	4.91	5099	4000	10.43	12.58	True	238.4	213.8	13.07
926	17	1	0.5	gelu	120	40	0.001027	1.21	1.55	4.35	4880	4000	10.24	12.21	True	362.9	319	24.77
927	19	2	0.5	gelu	120	40	0.001331	1.15	1.34	4.04	5563	4000	10.13	12.19	True	244.8	216.2	16.84
928	21	2	0.5	gelu	120	40	0.001154	1.07	1.46	2.79	5130	4000	10.16	11.94	True	208.1	179.7	13.51
929	22	1	0.5	gelu	120	40	0.0007743	1.37	1.8	4.9	7046	4000	10.29	12.52	True	537.5	461.8	46.09
930	20	1	0.5	gelu	120	40	0.001978	1.12	1.95	4.29	7181	4000	10.33	12.18	True	227.4	187.7	23.05
931	21	2	0.5	gelu	120	40	0.001444	1.15	1.79	2.76	4870	4000	10.2	12.08	True	287.1	252.1	17.44
933	22	1	0.5	gelu	40	40	0.0007244	1.06	2.08	4.84	7258	4000	11.75	10.02	True	3650	3170	191.4
932	24	3	0.5	gelu	120	40	0.0007737	1.16	2.09	4.65	7505	4000	10.2	12.18	True	217.2	187.8	14.24
934	16	1	0.5	gelu	120	40	0.001237	1.51	1.48	4.85	5668	3000	10.3	12.63	True	713.9	620.2	56.8
935	22	1	0.5	gelu	120	40	0.0008025	1.26	2.02	4.67	8531	4000	10.56	12.53	True	363.4	313.5	30.68
936	18	1	0.5	elu	120	40	0.001563	1.17	1.6	3.37	8035	4000	10.29	12.29	True	386.4	351.7	20.05
937	22	1	0.5	gelu	120	40	0.0006967	1.06	1.83	4.97	6234	4000	10.48	12.84	True	597.5	537.7	37.77
938	22	1	0.5	gelu	120	40	0.0006177	1.3	1.81	4.9	7479	4000	10.34	12.28	True	1365	1232	75.27
939	18	1	0.5	gelu	120	40	0.001519	1.05	1.51	3.07	7496	4000	10.2	12.06	True	232.4	186	26.45
940	16	1	0.5	gelu	120	40	0.0009538	1.03	2.28	4.96	5840	4000	10.52	12.77	True	221.3	185.1	13.61
941	21	1	0.5	gelu	120	40	0.0006828	1.12	1.98	4.81	8211	4000	10.25	12.28	True	642.5	575.9	44.75
942	21	1	0.5	gelu	120	40	0.0006661	1.16	1.75	4.82	9312	4000	10.62	12.75	True	364.3	321	25.42
943	25	2	0.5	gelu	120	40	0.001246	2.1	2.22	4.71	6848	4000	10.5	12.74	True	272	238.3	17.58
944	20	2	0.5	gelu	120	40	0.001138	1.07	1.32	4.28	5552	4000	10.43	12.71	True	397.5	340.4	32.68
945	17	1	0.5	gelu	120	40	0.001184	1.02	2.22	4.3	5743	4000	10.68	13.17	True	193	157	16.63
946	17	1	0.5	gelu	120	40	0.001352	1.31	2.05	3.63	6812	4000	10.37	12.24	True	222.5	190.6	14.43
948	22	2	0.5	elu	120	40	0.001218	1.53	1.3	4.89	9827	4000	10.25	12.29	True	490.9	409.1	49.24
947	26	1	0.5	gelu	120	40	0.0007777	1.2	2.08	4.56	8225	4000	10.29	12.91	True	225	173.1	27.07
949	23	2	0.5	gelu	120	40	0.001157	1.57	1.45	4.13	7493	4000	10.81	13.46	True	509.4	369.4	85.94
950	24	2	0.5	gelu	120	40	0.001236	1.56	2.27	4.96	6227	4000	10.25	12.44	True	240.3	193.4	26.76
951	21	1	0.5	gelu	120	40	0.0007105	1.31	2.25	4.95	9800	4000	10.22	12.35	True	273.3	231.6	20.37
952	22	1	0.5	gelu	120	40	0.0007417	1.24	1.66	4.47	6270	4000	10.45	12.52	True	210	178.5	14.49
953	25	2	0.5	gelu	120	40	0.0008689	1	2.45	3.86	7535	4000	10.17	11.94	True	269	236	17.17
954	16	1	0.5	gelu	120	40	0.001585	1.08	1.53	3.82	7531	4000	10.19	12.05	True	299.6	253.6	25.07
955	27	2	0.5	gelu	120	40	0.000892	1.14	3.2	3.93	8267	4000	10.55	13.06	True	246.5	190.9	31.88
956	26	2	0.5	gelu	120	40	0.0007978	1.24	2.53	4.46	7078	4000	10.56	12.73	True	240.4	201.8	20.58
957	22	1	0.5	gelu	120	40	0.000743	1.16	1.93	4.29	9485	4000	10.55	12.66	True	268.2	231.8	19.79
959	22	2	0.5	gelu	120	40	0.00119	1.02	1.02	2.25	5404	4000	10.33	12.3	True	465.7	417.8	28.27
958	25	2	0.5	gelu	120	40	0.0009071	1.36	3.12	4.33	8398	4000	10.18	12.15	True	315.9	263.7	27.79
960	22	2	0.5	gelu	120	40	0.001193	1.36	1.49	2.71	5613	4000	10.71	13.96	True	269.8	222.4	23.28
961	24	2	0.5	gelu	120	40	0.0007803	1.43	1.76	4.4	7451	4000	10.22	12.22	True	249.8	222	13.87
962	16	1	0.5	gelu	120	40	0.00159	1.22	2.19	3.63	7703	4000	10.56	12.47	True	208	184.9	11.28
963	19	1	0.5	gelu	120	40	0.001391	1.24	1.64	4.09	6129	4000	10.22	12.62	True	192.8	166.1	12.23
964	22	2	0.5	elu	120	40	0.001299	1.9	1.68	4.6	9779	4000	10.53	12.41	True	332	288.6	23.06
965	24	1	0.5	gelu	120	40	0.0006354	1.15	1.92	4.96	7960	4000	10.26	12.3	True	388.2	319.5	40.6
967	16	1	0.5	gelu	120	40	0.0007713	1.08	2.21	4.53	4368	4000	10.36	12.28	True	840.2	747.8	58.86
966	22	2	0.5	elu	120	40	0.001184	1.48	1.65	4.72	9644	4000	10.85	15.28	True	238.7	183.6	29.5
969	15	1	0.5	relu	120	40	0.001725	1.01	1.63	3.26	7734	4000	10.2	12.01	True	354.1	291.9	32.79
968	25	2	0.5	gelu	120	40	0.0009003	1.02	1.79	4.77	7405	4000	10.4	12.1	True	341.3	281	33.46
970	17	1	0.5	gelu	120	40	0.001382	1.12	1.79	3.34	7184	4000	10.36	12.34	True	350.1	292.3	32.5
971	17	1	0.5	gelu	120	40	0.001393	1.19	1.77	3.07	7850	4000	10.34	11.98	True	351.5	315.6	20.74
972	22	2	0.5	gelu	120	40	0.001295	1.01	1.44	2.25	4975	4000	10.5	12.21	True	5386	4518	542.6
974	16	1	0.5	gelu	120	40	0.001364	1.27	1.85	3.47	8363	4000	10.24	12.18	True	304	264.2	19.36
973	21	1	0.5	gelu	120	40	0.0007718	1.17	1.72	4.89	7522	4000	10.34	12.26	True	293.7	256.3	19.61
975	18	1	0.5	gelu	120	40	0.001019	1.39	1.71	4.86	7162	4000	10.26	12.2	True	379.6	333.4	27.23
976	18	1	0.5	gelu	120	40	0.001199	1.1	1.47	4.13	4869	4000	10.33	12.11	True	422.4	364.6	33.38
978	17	1	0.5	gelu	120	40	0.001583	1.3	1.83	3.85	7910	4000	10.24	11.96	True	302.6	255.4	26.43
977	26	3	0.5	gelu	120	40	0.0008495	1.09	2.22	4.44	8078	4000	10.47	12.7	True	202.3	176.1	12.49
979	31	1	0.5	gelu	120	40	0.0007436	1.01	1.95	4.92	7415	4000	10.11	11.67	True	226.4	196.8	15.1
980	22	2	0.5	elu	120	40	0.001229	1.48	1.98	3.93	8323	4000	10.54	12.86	True	215	184.2	16.01
981	17	1	0.5	gelu	120	40	0.0007942	1.21	2.56	4.12	4772	4000	10.36	12.34	True	572.6	494.2	48.31
982	18	1	0.5	gelu	120	40	0.001573	1.32	1.82	4.28	6793	4000	10.27	12.15	True	260	222.2	18.35
984	18	1	0.5	gelu	120	40	0.001543	1.28	1.64	3.15	7377	4000	10.5	12.63	True	312.8	270.9	23.66
983	25	2	0.5	gelu	120	40	0.001111	1.01	2.52	4.73	7110	4000	10.4	12.18	True	465.7	391	48.44
986	22	1	0.5	gelu	120	40	0.001287	1.74	1.97	4.38	6301	4000	10.21	12.05	True	338.5	290.6	27.45
985	22	1	0.5	gelu	120	40	0.000779	1.15	2.39	4.51	8073	4000	10.47	12.44	True	225.2	190.6	17.17
987	24	3	0.5	gelu	120	40	0.0009528	1.09	1.96	4.49	8020	4000	10.13	11.95	True	347.1	310.8	21.13
988	21	1	0.5	gelu	120	40	0.0006878	1.1	2.28	4.58	9156	4000	9.967	12.25	True	195.6	158.5	14.83
990	21	2	0.5	elu	120	40	0.0009835	1.29	1.98	4.51	8888	4000	10.22	12.3	True	203.8	174.1	13.77
989	27	2	0.5	gelu	120	40	0.001064	1.26	2.16	4.9	8126	4000	10.63	12.99	True	264	232.1	16.23
992	20	2	0.5	elu	120	40	0.001055	1.43	1.42	4.93	9903	4000	10.23	12.24	True	567.1	490.5	48.5
991	20	1	0.5	gelu	120	40	0.00104	1.07	1.82	4.8	6027	3000	10.22	12.13	True	228.6	191.4	19.43
993	20	1	0.5	gelu	120	40	0.001796	1.31	2.08	3.35	7295	4000	10.33	11.97	True	283.5	241	23.51
994	21	1	0.5	gelu	120	40	0.001543	1.14	2.38	4.83	7997	4000	10.26	12.33	True	288.2	248.6	22.49
996	17	1	0.5	gelu	120	40	0.00129	1.61	1.84	4.8	5901	3000	10.71	13.05	True	420.7	359	34.3
995	18	1	0.5	gelu	120	40	0.001115	1.33	2.06	4.11	7613	2000	10.63	12.9	True	276	229.4	22.62
998	14	1	0.5	gelu	120	40	0.001011	1.27	1.65	4.28	5293	3000	10.55	12.83	True	678.4	605.9	40.74
997	22	1	0.5	gelu	120	40	0.0006519	1.06	1.99	4.38	6743	4000	10.23	12.52	True	236.3	185.8	23.99
999	21	2	0.5	gelu	120	40	0.001055	1.19	1.5	3.46	6502	4000	10.18	11.93	True	337	294.4	25.25
1000	18	1	0.5	gelu	120	40	0.001289	1.89	2.62	4.52	6940	4000	10.41	12.4	True	206.3	180.9	13.25
1001	25	2	0.5	gelu	120	40	0.001218	1.11	1.37	2.41	4961	4000	10.1	11.92	True	208.5	181.9	14
1002	22	1	0.5	gelu	120	40	0.000714	1.16	2.01	4.85	5291	4000	10.12	12.02	True	289.1	245.2	24.14
1003	23	1	0.5	gelu	120	40	0.000717	1.25	2.04	4.57	6560	4000	10.45	12.43	True	205.3	169.6	17.6
1004	22	2	0.5	gelu	120	40	0.0007639	1.01	2.11	4.84	8188	4000	10.46	12.75	True	261.2	214.8	23.53
1005	20	1	0.5	gelu	120	40	0.001234	1.12	1.76	4.25	6504	1500	10.28	12.19	True	345	303.3	21.99
1006	25	2	0.5	gelu	120	40	0.0008777	1.03	2.94	4.48	7902	4000	10.4	12.44	True	374.2	335	23.09
1007	16	1	0.5	gelu	120	40	0.0008913	1.4	1.74	4.55	5605	4000	10.3	12.22	True	542.6	363.9	113.4
1008	21	1	0.5	gelu	120	40	0.0008083	1.02	1.79	4.95	9105	4000	10.11	11.71	True	501.4	406.5	59.75
1009	23	2	0.5	gelu	120	40	0.001186	1.1	1.21	3.19	4259	4000	10.35	12.3	True	1002	898.8	65.3
1010	25	2	0.5	elu	120	40	0.001071	2.53	1.49	4.01	9885	4000	10.29	12.17	True	512.4	403.2	66.5
1011	19	1	0.5	gelu	120	40	0.001349	1.74	2.22	4.98	7192	4000	10.24	12.09	True	521.2	445.8	46.19
1012	19	1	0.5	gelu	120	40	0.001522	1.13	2.11	3.17	7496	4000	10.2	12.2	True	244	207.3	18.14
1013	31	2	0.5	gelu	120	40	0.0007194	1.1	1.96	4.84	8271	4000	10.36	12.35	True	522.9	464.5	36.19
1014	18	1	0.5	gelu	120	40	0.001507	1.07	1.5	2.66	8238	4000	10.69	12.74	True	400.6	341.2	34.94
1015	21	3	0.5	gelu	120	40	0.0008559	1.07	1.87	4.54	7578	4000	10.28	12.18	True	1527	1389	98.63
1016	24	2	0.5	gelu	120	40	0.0008446	1.21	3.19	4.07	7946	4000	10.61	12.91	True	418.1	376.5	23.99
1017	21	2	0.5	elu	120	40	0.001034	2.32	1.92	4.52	8864	4000	10.35	12.53	True	435.5	384.8	28.65
1019	17	1	0.5	gelu	120	40	0.001581	1.26	1.49	2.99	8175	4000	10.61	12.67	True	260.9	217.5	22.56
1018	26	2	0.5	gelu	120	40	0.001021	1.14	3.16	3.29	7899	4000	10.33	12.23	True	240.5	209.8	14.01
1020	28	2	0.5	gelu	120	40	0.0009646	1.36	2.53	4.75	6536	4000	10.17	12.22	True	702.5	611	54.32
1021	23	2	0.5	elu	120	40	0.0009634	1.84	1.74	4.95	9152	4000	10.4	12.37	True	424.3	379.9	26.09
1023	22	1	0.5	gelu	120	40	0.001403	1.65	2.6	4.98	6236	4000	10.28	12.13	True	256	221.7	16.8
1022	22	2	0.5	elu	120	40	0.0009179	2.49	2.04	4.88	8218	4000	10.24	12.79	True	264.6	224	20.31
1025	18	1	0.5	gelu	120	40	0.001494	1.58	1.8	4.55	8045	4000	10.6	12.82	True	368.7	300.8	38.42
1024	19	2	0.5	gelu	120	40	0.0008497	1.18	2.13	4.33	7991	4000	10.27	12.2	True	305.2	258.2	25.82
1026	15	1	0.5	elu	120	40	0.0008919	1.22	2.57	4.72	5215	4000	10.47	12.58	True	287.4	241.7	22.8
1027	19	1	0.5	gelu	120	40	0.001172	1.39	2.33	4.85	5835	4000	10.36	12.56	True	249.2	200.6	26.27
1029	22	1	0.5	gelu	120	40	0.0008395	1.07	2.34	4.56	9039	4000	10.21	12.18	True	286.7	248.9	20.88
1028	26	2	0.5	gelu	120	40	0.00112	1.02	2.67	3.67	8280	4000	10.29	12.5	True	217.4	192.7	13.47
1031	22	1	0.5	gelu	120	40	0.0008119	1.37	2.17	4.84	9337	4000	10.61	12.97	True	3469	2659	432.8
1030	18	1	0.5	gelu	120	40	0.0009459	1.02	2.4	4.46	6292	4000	10.13	12.12	True	249	222.4	14.37
1032	29	2	0.5	gelu	120	40	0.0009762	1.15	1.71	4.82	7011	3000	10.17	12	True	328.7	256	40.92
1033	24	1	0.5	gelu	120	40	0.0007946	1.05	2.06	4.51	8786	4000	10.65	14.05	True	219.4	187.2	14.74
1034	23	1	0.5	gelu	20	40	0.0007105	1.27	2.13	4.52	7582	4000	14.5	11.61	True	511.5	254.3	19.47
1035	18	1	0.5	gelu	40	40	0.001132	1.11	1.93	4.18	5509	4000	10.91	10.96	True	4530	3824	386.3
1036	21	1	0.5	gelu	40	40	0.001344	1.36	1.15	4.55	7724	4000	9.572	12.32	True	321.4	276.8	20.18
1037	22	1	0.5	gelu	120	40	0.0006458	1.33	2.1	4.93	6206	4000	10.41	12.7	True	215.6	188.2	11.8
1038	22	2	0.5	elu	120	40	0.00129	2.24	1.38	4.19	9679	4000	10.45	12.42	True	360.9	310.9	28.97
1039	20	1	0.5	gelu	120	160	0.001424	1.19	2.1	3.52	7338	500	10.11	11.41	True	9397	7985	840.9
1040	26	2	0.5	gelu	120	40	0.0009177	1.17	2.25	4.92	7437	4000	10.35	12.37	True	267.3	231.8	18.38
1041	25	2	0.5	relu	120	40	0.0009118	1.11	2.33	4.76	6805	4000	10.38	11.93	True	475	430.7	27.48
1042	17	1	0.5	gelu	120	40	0.0008991	1.1	2.17	4	6247	4000	10.29	12.71	True	384.6	342.6	24.45
1043	26	2	0.5	gelu	120	40	0.001467	1.02	1.35	2.93	5150	4000	10.37	12.63	True	340.2	300.6	22.11
1044	24	1	0.5	gelu	120	40	0.000801	1.02	2.06	4.66	7471	4000	10.39	12.36	True	220.7	192.2	12.62
1045	16	1	0.5	gelu	120	40	0.001606	1.49	1.44	3.44	7644	4000	10.12	12.11	True	431.9	357.4	43.15
1046	22	2	0.5	elu	120	160	0.0009861	2.18	1.45	4.25	9499	4000	11.39	15.01	True	500.9	444	32.48
1047	21	1	0.5	gelu	120	40	0.0008618	1.1	2.16	4.09	4851	4000	10.5	12.71	True	195	161.3	14.27
1048	20	1	0.5	gelu	120	40	0.001384	1.39	2.94	4.01	6726	4000	10.27	12.4	True	279.2	246.5	18.24
1049	22	2	0.5	gelu	120	40	0.001179	1.26	2.16	4.64	6718	4000	10.33	12.4	True	547.2	479.8	41.82
1050	19	1	0.5	gelu	120	40	0.0017	1.18	2.17	3.78	7993	4000	10.3	12.34	True	244.3	213.3	16.84
1051	21	1	0.5	gelu	120	40	0.001097	1.39	2.72	4.39	6170	4000	10.39	12.21	True	209.8	180.6	13.61
1052	29	1	0.5	gelu	120	40	0.0008255	1.11	2.11	4.94	8077	4000	10.24	12.02	True	244.1	180.2	36.75
1053	21	1	0.5	gelu	120	40	0.001496	1.43	1.82	4.52	6528	4000	10.21	12.36	True	283.5	240.1	24.02
1055	22	1	0.5	gelu	120	40	0.0009706	1.07	2.37	4.8	5765	4000	10.31	12.29	True	260.2	220.6	19.73
1054	22	1	0.5	gelu	120	40	0.0006636	1.16	1.48	4.74	5867	4000	10.3	13.45	True	229.2	192	16.11
1056	17	1	0.5	gelu	120	40	0.0008932	1.15	1.51	4	6069	4000	10.39	12.42	True	196.2	162.6	15.26
1057	14	1	0.5	gelu	80	40	0.00112	1.32	1.59	4.45	5865	3000	10.43	12.68	True	410.9	349.6	37.19
1059	18	1	0.5	gelu	120	40	0.001161	1.02	1.58	4.63	5269	4000	10.66	12.99	True	534.1	431.6	60.13
1058	26	2	0.5	gelu	120	40	0.00103	1.07	2.51	3.52	7399	4000	10.3	12.17	True	220.4	197.6	11.84
1060	18	1	0.5	gelu	120	40	0.001318	1.52	2.05	4.93	6685	1000	10.5	12.38	True	470.6	394	43.36
1061	18	1	0.5	gelu	120	40	0.001357	1.61	1.53	4.98	7247	4000	10.46	12.99	True	278.2	246.4	18.04
1062	22	2	0.5	gelu	120	40	0.0008552	1	1.86	4.5	7354	4000	10.37	12.2	True	248.7	187.7	35.03
1063	22	2	0.5	elu	40	40	0.001176	2.93	1.47	4.7	9910	4000	9.955	11.02	True	282.6	234.5	16.63
1064	18	1	0.5	gelu	120	40	0.001178	1.21	1.71	4.06	5906	4000	10.2	12.04	True	515.8	450.9	38.11
1065	23	2	0.5	elu	120	40	0.0009415	1.65	2.08	3.93	6970	4000	10.44	12.71	True	422.5	378.7	26.24
1066	28	2	0.5	gelu	120	40	0.001024	1.04	1.6	4.14	7537	4000	10.05	12.08	True	264.2	230.3	17.45
1067	26	1	0.5	gelu	120	40	0.0008599	1.06	1.62	4.68	7457	4000	10.31	12.54	True	221.8	165.9	33.28
1068	27	2	0.5	gelu	120	40	0.001292	1.17	1.68	3.09	5820	4000	10.49	12.82	True	263.1	234.6	13.82
1069	22	2	0.5	elu	120	40	0.001006	1.58	1.27	4.15	9737	4000	10.42	12.77	True	643.2	577.8	43
1070	22	1	0.5	gelu	120	40	0.001436	1.12	1.43	4.63	7723	4000	10.29	12.31	True	345.5	315.1	16.81
1071	27	2	0.5	gelu	120	40	0.001064	1.33	1.73	4.34	7377	4000	10.3	12.45	True	231.7	199.6	16.17
1072	20	1	0.5	gelu	120	40	0.001627	1.18	1.7	4.96	7496	4000	10.22	11.89	True	286.9	253.9	18.07
1074	17	1	0.5	gelu	120	40	0.001158	1.64	1.57	4.02	4976	3000	10.22	12.15	True	321	271.5	27.47
1073	28	2	0.5	gelu	120	40	0.001218	1.04	1.2	3.25	5157	4000	10.43	12.09	True	180.7	158.1	10.62
1076	18	1	0.5	gelu	120	40	0.0011	1.23	2.43	4.02	5809	4000	10.44	12.48	True	360.4	323.2	21.58
1075	22	1	0.5	gelu	120	40	0.000831	1.17	1.96	4.24	7755	4000	10.66	14.08	True	233.3	199.8	14.06
1077	28	2	0.5	gelu	120	40	0.001432	1.08	1.28	3.32	5541	4000	10.16	12.34	True	250.9	220.4	17.17
1078	28	1	0.5	gelu	120	40	0.0009648	1.1	2.24	4.59	7230	4000	10.61	12.61	True	198.8	171.8	12.96
1079	22	2	0.5	gelu	120	40	0.001066	1.04	1.52	3.8	5507	3000	10.32	12.51	True	415.2	362.4	30.07
1080	28	2	0.5	gelu	120	40	0.001201	1.04	1.44	3.07	4858	4000	10.19	12.03	True	391.9	343.5	27.6
1081	17	1	0.5	gelu	120	40	0.00109	1.5	1.38	3.76	6068	3000	10.34	12.4	True	307.4	266	21.58
1083	15	1	0.5	gelu	120	40	0.0009481	1	1.66	4.19	6674	4000	10.21	12.11	True	373.2	319.7	26.39
1082	29	2	0.5	gelu	120	40	0.001241	1.15	1.11	2.93	4974	4000	10.49	12.97	True	359	321.4	22.12
1084	18	1	0.5	gelu	120	40	0.001043	1.1	2.26	4.5	7622	4000	10.1	12.12	True	358.3	305	32.62
1085	22	1	0.5	gelu	120	40	0.000674	1.06	1.98	4.79	4628	4000	10.42	12.25	True	316.5	282.1	19.48
1086	17	1	0.5	gelu	120	40	0.001438	1.26	1.48	3.64	7690	4000	10.4	12.11	True	414.3	361.3	28.29
1087	23	2	0.5	gelu	120	40	0.001094	1.42	1.47	4.83	6944	4000	10.26	12.39	True	329.5	299.7	16.49
1088	17	1	0.5	gelu	120	40	0.0008314	1.29	1.84	4.11	5040	4000	10.21	12.12	True	362.1	329	20.04
1089	21	1	0.5	gelu	120	40	0.001056	1.08	2.35	4.76	7534	4000	10.43	12.69	True	367.8	329.2	23.95
1090	27	2	0.5	elu	120	40	0.000977	2.05	2.11	4.28	9552	4000	10.31	12.31	True	237.3	204.8	15.29
1091	24	2	0.5	gelu	120	40	0.001034	1.09	2.75	3.83	7582	4000	10.29	12.37	True	559.1	349.4	133.3
1092	28	2	0.5	gelu	20	40	0.001229	1.27	1.01	3.33	5361	4000	739.3	69.15	True	524	264.6	21.47
1093	23	2	0.5	gelu	120	40	0.001032	1.29	1.7	4	6555	4000	10.44	12.61	True	441.4	388.8	29.93
1094	22	1	0.5	gelu	120	40	0.0008619	1.06	2.14	4.47	7056	4000	10.38	12.44	True	238.3	201.1	20.12
1095	25	2	0.5	elu	120	40	0.001107	1.58	2.27	4.23	8759	4000	10.29	12.06	True	314.5	273.4	23.15
1096	21	2	0.5	elu	80	40	0.001149	2.48	1.8	4.66	9387	4000	11	13.83	True	367.2	320.4	26.41
1097	26	2	0.5	gelu	120	40	0.0007116	1.11	2.12	4.07	8287	4000	10.36	12.59	True	329.8	291.5	22.03
1098	24	2	0.5	gelu	120	40	0.001115	1.1	1.47	3.49	5906	4000	10.08	12.05	True	340.4	284.2	33.39
1099	22	1	0.5	gelu	120	40	0.0007585	1.21	1.58	4.9	8585	4000	10.41	12.34	True	285.6	250.6	18.66
1100	23	1	0.5	gelu	120	40	0.0006933	1.01	2.15	4.58	7903	4000	10.51	12.44	True	378.2	320.9	31.24
1102	29	2	0.5	gelu	120	40	0.001211	1.02	1.09	3.38	5310	4000	10.29	12.06	True	537.4	416.9	75.89
1101	27	2	0.5	gelu	120	40	0.001136	1	1.45	3.61	5281	4000	10.14	12.35	True	268.8	235.4	17.98
1103	18	1	0.5	gelu	20	40	0.001309	1.4	1.86	4.71	7794	4000	1.782e+07	1.626e+05	True	537	331.7	14.7
1104	18	1	0.5	gelu	120	40	0.001509	1.06	1.79	2.6	7486	4000	10.49	12.71	True	323.2	241.2	42.35
1106	24	3	0.5	gelu	120	40	0.001232	1.6	1.44	4.53	7133	4000	10.33	12.05	True	380.3	337.6	25.32
1105	30	2	0.5	gelu	120	40	0.001037	1.58	1.93	4.67	7707	4000	10.21	12.13	True	322.8	281.2	22.16
1108	22	2	0.5	elu	120	40	0.001052	3.37	1.44	4.14	9972	4000	10.34	12.33	True	319.5	277.6	23.07
1107	31	2	0.5	gelu	120	40	0.0009659	1.04	2.22	4.27	7706	4000	10.46	12.68	True	348.6	302	26.87
1110	18	1	0.5	gelu	120	40	0.001023	1.32	1.64	4.23	5646	4000	10.23	12.28	True	226.3	194.4	15.39
1109	30	1	0.5	gelu	120	40	0.000934	1.22	2.25	4.23	7276	4000	10.29	11.76	True	359.5	295.6	37.78
1111	22	1	0.5	gelu	120	40	0.001277	1.52	2.29	4.95	7416	4000	10.4	12.32	True	193.2	167.2	13.94
1112	19	1	0.5	elu	120	40	0.0009589	1.18	1.75	4.6	4969	4000	10.23	12.18	True	235.7	209.3	12.43
1113	17	1	0.5	gelu	120	40	0.001063	1.19	2.02	3.81	6184	4000	10.53	12.75	True	481.1	418.9	37.32
1114	20	1	0.5	gelu	80	40	0.001136	1.11	2.35	4.35	5439	4000	9.96	12.26	True	618.1	557.6	35.29
1115	20	1	0.5	gelu	120	40	0.001627	1.25	1.97	4.67	6102	4000	10.21	12.05	True	236.9	207.8	14.8
1116	17	1	0.5	gelu	120	40	0.0009856	1.04	2.48	4.63	4457	4000	10.57	12.74	True	418	371.8	27.03
1117	22	1	0.5	gelu	120	40	0.001148	1.67	1.31	4.23	6592	4000	10.58	12.6	True	249.8	218.4	15.41
1118	26	2	0.5	elu	120	40	0.001056	2.46	2	4.26	9035	4000	10.51	12.61	True	246.1	221.1	12.52
1119	17	1	0.5	gelu	120	40	0.001092	1.14	1.75	4.82	6100	3000	10.39	12.18	True	371.1	332.9	21.37
1120	21	1	0.5	gelu	120	40	0.001294	1.48	1.55	4.84	6107	4000	10.38	12.49	True	258.4	224.5	16.56
1121	16	1	0.5	gelu	120	40	0.001395	1.1	1.82	3.83	7663	500	10.48	12.64	True	1.109e+04	9718	798
1123	20	2	0.5	elu	120	40	0.001081	1.48	1.79	4.73	8923	4000	10.5	12.75	True	380.2	338.2	25.54
1122	25	2	0.5	gelu	120	40	0.0008155	1.41	1.3	5	8386	4000	10.33	12.45	True	290.8	259.9	17.17
1124	19	1	0.5	gelu	120	80	0.001586	1.41	1.91	3.78	7397	4000	10.4	12.33	True	426.6	365.7	34.81
1125	27	2	0.5	gelu	80	40	0.0009754	1.09	3.16	3.95	7749	4000	10.84	13.81	True	402	356.4	24.68
1126	25	1	0.5	gelu	120	40	0.001016	1.17	2.36	4.55	7735	4000	10.24	12.21	True	345.6	301.6	25.29
1127	22	1	0.5	gelu	120	40	0.0005912	1.25	2.33	4.8	8357	4000	10.44	12.13	True	330.8	295.4	18.33
1128	19	1	0.5	gelu	120	40	0.001285	1.23	2.53	4.28	7308	4000	10.12	11.88	True	369.8	313.9	32.48
1129	27	2	0.5	gelu	120	40	0.001212	1.02	1.31	3.73	4677	4000	10.09	12.03	True	459.9	412.2	31.66
1130	17	1	0.5	gelu	20	40	0.001251	1.53	1.82	4.16	6494	4000	10.78	14.09	True	267	180.4	17.75
1131	21	2	0.5	gelu	120	40	0.001014	1.62	1.46	4.52	7062	4000	10.69	12.85	True	577.6	467.3	68
1132	27	1	0.5	gelu	120	40	0.0008554	1.08	1.89	4.3	7089	4000	10.33	12.4	True	331.5	292.3	21.95
1133	17	1	0.5	gelu	120	40	0.001754	1.03	1.65	2.76	8070	4000	10.13	12.11	True	322.1	247.5	42.79
1134	17	1	0.5	gelu	120	40	0.001326	1.17	1.97	4	8146	4000	10.34	12.43	True	408.6	353.3	31.57
1136	19	1	0.5	gelu	120	40	0.001343	1.3	2.36	4.98	7434	4000	10.36	12.22	True	202.2	170.6	13.53
1135	29	2	0.5	gelu	120	40	0.001059	1.3	2.85	4.85	7454	4000	10.27	12.22	True	298.7	252.8	25.62
1138	28	2	0.5	gelu	120	40	0.001065	1.09	1.07	3.42	5214	500	10.08	11.7	True	1700	1398	206
1137	23	1	0.5	gelu	120	40	0.0008012	1.06	1.71	4.64	5133	4000	10.37	12.16	True	242.1	211.4	15.65
1139	20	1	0.5	gelu	20	40	0.001207	1.52	1.71	4.64	7456	4000	11.84	11.46	True	280	212.3	32.41
1140	21	2	0.5	elu	120	40	0.00114	1.35	1.24	4.56	9473	4000	10.12	11.9	True	6696	5900	468.9
1141	22	2	0.5	gelu	120	40	0.001029	3.01	1.52	4.82	9946	4000	10.25	12.11	True	1661	1374	169.9
1142	22	1	0.5	gelu	120	40	0.000756	1.02	1.65	4.4	6891	4000	10.53	12.58	True	401.3	343.1	32.8
1143	20	1	0.5	gelu	120	40	0.001576	1.01	1.9	4.41	6506	4000	10.37	12.56	True	364.6	332.1	19.06
1144	17	1	0.5	gelu	40	40	0.0009769	1.01	2.09	4.71	5385	4000	10.48	11.17	True	384.3	328	29.52
1145	28	2	0.5	elu	120	40	0.001041	1.91	2.29	4.6	8037	4000	10.32	12.55	True	290.4	242.5	24.18
1146	22	1	0.5	gelu	120	40	0.001182	1.94	2.23	4.52	6968	4000	10.59	12.96	True	247	215.6	14.38
1147	24	1	0.5	gelu	120	40	0.0009024	1.16	2.11	4.4	6596	4000	10.65	12.99	True	309	266.7	21.9
1148	17	1	0.5	gelu	120	40	0.001711	1.11	1.37	3.47	7256	4000	10.16	11.95	True	233.7	198.7	19.14
1149	17	1	0.5	gelu	120	40	0.001105	1.12	1.8	3.76	7936	4000	10.24	11.89	True	246.3	205.4	21.12
1150	27	2	1.0	gelu	120	40	0.001104	1.26	2.19	4.13	7632	4000	10.12	12.34	True	265.5	235.4	15.42
1151	29	2	2.0	gelu	120	40	0.001363	1.01	1.17	3.18	4939	4000	10.19	11.93	True	212.3	181.2	14.6
1152	20	1	0.5	gelu	120	40	0.001203	1.31	2.2	4.84	7029	4000	10.31	12.17	True	349.3	312	20.28
1153	19	2	0.5	elu	120	40	0.001047	1.77	2.19	4.11	9421	4000	10.61	12.86	True	226.1	191.9	18.34
1154	17	2	0.5	gelu	120	40	0.0009643	1.11	2.3	4.65	7372	4000	10.43	12.48	True	313.5	271.4	22.74
1156	17	1	0.5	gelu	120	40	0.001012	1	1.69	4.96	5350	4000	10.42	12.08	True	267.6	221.6	22.69
1155	28	2	0.5	gelu	120	40	0.001399	1.1	1.37	3.21	4167	4000	10.35	12.79	True	187.6	159.9	14.73
1157	20	2	0.5	elu	120	80	0.001062	2.73	1.54	4.61	9565	4000	10.19	12.22	True	343.3	299.9	24.63
1158	23	2	0.5	gelu	120	40	0.0009215	1.11	2.04	4.02	7462	4000	10.35	12.51	True	289.7	256.9	16.7
1159	29	2	0.5	gelu	120	40	0.001401	1.12	1.33	2.87	3876	4000	10.25	12.11	True	412.9	365.5	29.97
1161	20	2	0.5	elu	120	40	0.0009619	2.97	1.37	4.74	9630	4000	10.46	12.68	True	1223	1121	70.99
1160	29	3	0.5	gelu	120	40	0.001209	1.14	1.42	3.22	5240	4000	10.32	12.56	True	308	275.9	17.79
1162	16	1	0.5	gelu	120	40	0.001024	1.48	1.8	4.55	5002	3000	10.64	12.92	True	291	253.3	21.64
1163	29	2	0.5	gelu	120	40	0.001395	1.07	1.71	3.4	5546	4000	10.23	12.09	True	238	210	14.72
1164	28	1	0.5	gelu	120	40	0.001119	1.28	1.17	3.09	4874	4000	10.35	12.4	True	392.5	311.8	46.91
1165	28	2	0.5	gelu	120	40	0.001494	1.09	1.58	2.92	3187	4000	10.53	12.45	True	375.5	316.9	35.11
1166	28	3	0.5	gelu	120	40	0.001192	1.01	1.13	3.36	5011	4000	10.48	12.58	True	2091	1652	293.8
1167	26	2	0.5	gelu	120	40	0.000776	1	1.78	4.95	7762	2000	10.34	11.91	True	254.6	208.2	24.11
1168	29	2	0.5	gelu	120	40	0.0008484	1.4	1.84	4.59	8236	4000	10.4	12.58	True	254.2	214.1	19.67
1169	28	2	0.5	gelu	120	40	0.00128	1.33	1.76	3.04	4088	4000	10.65	12.75	True	262.3	228.4	17.37
1170	19	2	0.5	gelu	120	40	0.0009817	1.22	2.26	4.28	7535	4000	10.27	12.38	True	272	217	28.93
1171	29	2	0.5	gelu	120	40	0.0007973	1.01	2.12	4.54	8157	4000	10.46	12.49	True	421.7	374.1	25.48
1172	16	1	0.5	gelu	120	40	0.0007269	1.1	1.87	4.75	8257	4000	10.42	12.53	True	338.2	301.6	19.99
1173	28	2	0.5	gelu	120	40	0.001324	1.08	1.2	3.2	3448	4000	10.43	12.3	True	295.6	260.4	18.96
1174	26	1	0.5	gelu	120	40	0.001356	1.07	1.14	3.59	5712	4000	10.45	12.52	True	332.8	295.3	19.81
1175	19	1	0.5	gelu	120	40	0.0009525	1.01	2.56	4.13	4373	4000	10.32	11.94	True	374.8	326.8	28.16
1176	19	1	0.5	gelu	120	40	0.001746	1.51	1.67	3.5	7048	4000	10.48	12.46	True	259.5	210	29.17
1177	28	2	0.5	gelu	120	80	0.000898	1.1	2.9	4.3	7894	4000	10.31	12.65	True	319.7	277.9	20.44
1178	26	2	1.0	gelu	120	40	0.0007562	1.34	2.06	4.76	7732	4000	10.31	12.29	True	248.4	193.2	26.35
1179	28	2	0.5	gelu	120	40	0.001449	1.28	1.56	3.44	3538	4000	10.07	11.9	True	426.2	367.5	35.55
1180	22	2	0.5	elu	120	40	0.001154	3.75	1.68	4.43	9868	4000	10.73	13.29	True	364.7	315.4	27.58
1181	17	1	0.5	gelu	120	40	0.001011	1.11	1.97	4.46	3457	4000	10.51	12.66	True	200.1	165.2	17.61
1182	17	1	0.5	gelu	120	40	0.0008077	1.03	2.28	4.43	3705	4000	10.19	12.45	True	299.5	261	18.87
1183	29	2	0.5	gelu	120	40	0.001527	1.14	1.49	3.55	4202	4000	10.24	12.01	True	275.4	242.2	19.09
1184	26	2	0.5	gelu	120	40	0.001448	1.07	1.56	3.15	4200	4000	10.32	12.61	True	325.2	272.6	31.02
1185	22	1	0.5	gelu	120	40	0.001318	1.89	2.65	4.71	7008	4000	10.41	12.61	True	629	535.8	58.73
1186	26	2	0.5	gelu	120	40	0.001441	1.11	1.29	3.3	2009	4000	10.32	12.66	True	375.9	318.1	32.47
1187	22	1	0.5	gelu	120	40	0.001362	1.27	1.7	3.8	7182	4000	10.27	12.31	True	316.9	279.8	20.59
1188	30	2	0.5	gelu	120	40	0.001365	1.09	1.1	3.33	5710	4000	10.31	12.16	True	246.7	212.7	17.71
1189	19	1	0.5	gelu	120	40	0.001449	1.64	1.69	3.62	7445	4000	10.31	11.91	True	257.9	204.6	28.98
1190	30	2	0.5	gelu	120	40	0.001022	1.21	2.32	4.19	6971	500	10.3	12.27	True	1564	1403	105.2
1191	18	1	0.5	gelu	120	40	0.0006938	1.16	1.98	4.67	9375	4000	10.41	12.62	True	313	282.7	17.34
1192	17	1	0.5	gelu	120	80	0.001512	1.04	1.68	3.1	8308	4000	10.78	13.28	True	317.1	279.8	20.2
1193	16	1	0.5	gelu	120	40	0.0009436	1.08	1.92	4.21	4821	4000	10.52	12.54	True	362.6	325.1	21.85
1194	25	2	0.5	gelu	120	40	0.001087	1.17	2.6	4.35	8606	4000	10.18	12.26	True	291.7	253.9	19.76
1195	29	1	0.5	gelu	120	40	0.001143	1.07	1.31	3.43	5165	4000	10.15	11.77	True	180.5	154.7	12.67
1196	15	1	0.5	gelu	120	40	0.001084	1.35	1.84	3.84	4957	3000	10.34	12.28	True	730.4	657.2	42.7
1197	30	2	0.5	gelu	120	40	0.001046	1.03	1.43	3.22	4570	4000	10.22	11.8	True	338	290.4	27.68
1198	22	2	0.5	elu	120	40	0.001147	2.4	2.19	4.49	9477	4000	10.21	12.27	True	228.4	196.7	13.61
1199	29	1	0.5	gelu	120	40	0.001094	1.13	1.3	3.54	5296	4000	10.33	12.14	True	191.4	169.2	11.63
1200	24	1	0.5	gelu	120	40	0.0006648	1.34	1.66	4.85	7132	4000	10.3	12.38	True	212.5	179.3	13.96
1202	19	1	0.5	gelu	120	40	0.001714	1.27	1.78	3.33	7612	500	10.24	11.95	True	521.7	436.5	44.59
1201	24	1	0.5	gelu	120	40	0.0006662	1.26	1.91	4.62	5714	4000	9.999	11.7	True	285.7	254.4	17.92
1204	16	1	0.5	gelu	120	40	0.001719	1.12	1.66	3.29	8221	4000	10.26	12.19	True	270.3	233.4	17.97
1203	27	2	0.5	gelu	120	40	0.0008349	1.2	1.1	4.47	7530	4000	10.18	12.13	True	353.7	307.4	27.62
1205	19	1	0.5	elu	120	40	0.001271	1.56	2.86	4.98	6558	4000	10.51	12.49	True	269.9	231.3	19.55
1206	31	2	0.5	gelu	120	40	0.0008454	1.01	2.17	4.99	7338	4000	10.17	12.24	True	271.2	229.5	20.84
1207	27	3	0.5	gelu	120	40	0.001032	1.06	2.28	4.39	7986	4000	10.35	12.71	True	434.5	393.6	23.9
1208	19	1	0.5	gelu	120	40	0.001108	1.58	1.54	4.18	6054	4000	10.53	12.45	True	392	349.8	22.79
1209	20	1	0.5	gelu	120	40	0.001201	1.9	1.72	4.23	7025	4000	10.29	12.33	True	454.8	392.9	39.1
1210	32	2	0.5	gelu	120	40	0.0007392	1.3	1.7	4.59	7496	4000	10.17	12.38	True	215.2	162	31.19
1211	30	2	0.5	gelu	120	40	0.001141	1.3	1.23	3.47	5434	4000	10.35	12.44	True	505.3	453.5	28.02
1213	22	2	0.5	elu	120	40	0.001044	1.75	1.89	3.87	7461	4000	10.17	12.39	True	295.5	260	19.62
1212	29	2	0.5	gelu	120	40	0.001228	1.05	1.42	3.46	5187	3000	10.31	12.57	True	212.8	185.2	14.26
1214	29	2	0.5	gelu	120	40	0.001465	1.21	1.19	3.65	3768	4000	10.16	12.63	True	457.8	401.5	32.06
1215	14	1	0.5	gelu	120	40	0.001279	1.18	1.51	4.24	5836	3000	10.3	11.97	True	205.4	162.6	15.49
1217	28	2	0.5	gelu	20	40	0.001364	1.14	1.32	3.12	4763	4000	19.96	20.29	True	278.9	201.6	15.99
1216	29	2	0.5	gelu	120	40	0.001325	1.16	1.21	3.61	5142	4000	10.25	12.23	True	187.6	166.8	10.99
1218	20	2	0.5	elu	120	40	0.001183	1.72	1.58	4.85	9428	4000	10.4	12.6	True	249.1	215.8	18.75
1219	18	2	0.5	gelu	120	40	0.0009651	1.18	1.77	3.88	5803	4000	10.37	12.59	True	1287	1131	97.54
1220	27	1	0.5	gelu	120	40	0.001209	1.23	1.53	3.37	5185	4000	10.58	12.84	True	205	174.9	16.66
1221	29	1	0.5	gelu	120	40	0.001094	1.28	1.57	3.49	4879	4000	10.31	12.49	True	252.2	224.9	15.42
1223	18	1	0.5	gelu	120	40	0.001589	1.18	1.88	3.58	8663	4000	10.28	11.9	True	250.1	211.7	21.48
1222	30	2	0.5	gelu	120	40	0.001285	1.25	1.35	3.84	5131	4000	10.16	12.17	True	578.7	512.3	40.56
1225	26	1	0.5	gelu	120	40	0.001001	1.13	1.2	3.58	5146	4000	10.3	12.26	True	260.6	228.6	18.8
1224	29	2	0.5	gelu	120	40	0.001165	1.01	1.31	3.38	5760	4000	10.17	12.15	True	181.8	159	11.63
1227	29	2	0.5	gelu	120	40	0.001228	1.03	1.05	2.8	5749	4000	10.56	13.01	True	4874	4213	388.6
1226	29	1	0.5	gelu	120	40	0.001298	1.01	1.28	3.21	5178	4000	10.16	12.07	True	214.9	189.9	12.32
1228	27	2	0.5	gelu	120	40	0.001499	1.03	1.27	3.34	4517	4000	10.41	12.51	True	224.8	197.5	14.24
1229	29	2	0.5	gelu	120	40	0.001358	1.25	1.05	3.82	4788	4000	10.1	11.84	True	379	329.2	30.65
1230	29	2	0.5	gelu	120	40	0.001191	1.01	1.39	3.24	6027	1500	10.28	12.42	True	390.3	342.6	29.46
1231	29	2	0.5	gelu	120	40	0.00121	1.11	1.17	3.76	5842	4000	10.26	12.08	True	284.1	247.7	19.46
1232	22	2	0.5	elu	120	40	0.001122	1.94	1.5	4.6	9928	500	10.41	12.46	True	8948	7570	629.4
1233	28	2	0.5	gelu	80	40	0.001155	1.35	2.18	4.56	7609	4000	10.28	12.4	True	390.6	347.1	25.16
1234	29	1	0.5	gelu	120	40	0.001233	1.01	1.67	3.35	5096	4000	10.52	13.22	True	225	198.8	12.78
1235	29	1	0.5	gelu	120	40	0.001319	1.2	1.36	3.76	5110	4000	10.33	12.43	True	295	254.1	22.32
1236	22	1	0.5	gelu	120	40	0.0006059	1.06	1.72	4.74	7890	4000	10.15	11.86	True	314.9	278.4	19.22
1237	29	2	0.5	gelu	120	40	0.00123	1	1.33	4.28	5145	4000	10.26	12.07	True	260.9	229.1	18.68
1238	17	1	0.5	gelu	120	40	0.001156	1	2.01	4.99	5520	4000	10.19	11.79	True	208.6	184.6	11.04
1239	22	2	0.5	elu	120	40	0.0009217	1.44	1.93	3.81	7597	4000	10.4	12.36	True	649.2	589.6	36.94
1240	30	1	0.5	gelu	120	40	0.001249	1.26	1.28	3.26	5704	4000	10.26	12.1	True	391.9	327.8	39.12
1241	28	2	0.5	gelu	120	40	0.001214	1.21	1.41	2.82	5613	4000	10.18	12.04	True	477.8	417.2	35.68
1242	16	1	0.5	gelu	120	40	0.00141	1.19	1.49	3.48	8702	4000	10.28	12.03	True	285.4	243.4	22.37
1243	28	2	0.5	gelu	120	40	0.00113	1.08	1.46	3.12	3563	4000	10.25	12.71	True	228.8	202.1	13.64
1244	30	2	0.5	gelu	120	40	0.001075	1.44	2.38	4.25	7756	4000	10.26	11.98	True	254.1	222.8	17.92
1245	28	1	0.5	gelu	120	40	0.001119	1.04	1.53	3.05	4703	4000	10.4	12.23	True	218.5	192.2	14.11
1246	29	1	0.5	gelu	120	40	0.001101	1.01	1.21	3.41	4434	4000	10.2	12.07	True	242.3	216.7	14.46
1248	30	2	0.5	gelu	40	40	0.001458	1.03	1.23	3.59	4830	4000	10.29	12.37	True	279	245.2	14.9
1247	25	2	0.5	gelu	120	40	0.0009915	1.14	3.49	3.96	8254	4000	10.51	12.71	True	290.8	253	20.99
1250	18	1	0.5	gelu	120	40	0.001767	1.26	1.53	3.54	7786	4000	10.21	11.94	True	375.6	322.4	31.39
1249	28	2	0.5	gelu	120	40	0.001273	1.24	1.21	3.68	5089	4000	10.06	11.79	True	315.2	267.6	26.58
1252	27	2	0.5	gelu	120	40	0.001065	1.22	1.44	3.02	5144	4000	10.08	12.05	True	275.2	222.7	30.79
1251	29	2	0.5	gelu	120	40	0.001333	1.3	1.09	3.05	5559	4000	10.3	12.48	True	253.1	205.9	26.1
1253	27	3	0.5	gelu	120	40	0.0009067	1.05	2.3	4.8	7278	4000	10.22	12.15	True	753	628.1	82.44
1254	18	2	0.5	gelu	120	40	0.001349	1.26	1.87	4.39	7528	4000	10.39	12.38	True	771.7	651	81.1
1255	31	1	0.5	gelu	120	40	0.001169	1.01	1.2	3.42	5406	4000	10.23	12.23	True	332.4	262.7	41.54
1256	27	1	0.5	gelu	120	40	0.0007827	1.05	2.16	4.93	7664	4000	10.08	12.01	True	191.8	168.9	12.01
1257	17	2	0.5	gelu	120	40	0.001276	1.17	1.58	4.55	6244	4000	10.43	12.12	True	304	259.8	22.78
1258	30	2	0.5	gelu	120	40	0.001266	1.02	1.26	3.27	4456	4000	10.2	12.02	True	323.7	278.4	25.46
1259	18	1	0.5	gelu	80	40	0.001414	1.51	1.7	4.04	6984	4000	10.32	12.78	True	377.9	312.5	39.93
1260	18	2	0.5	gelu	120	40	0.001154	1.18	1.95	4.54	6637	4000	10.66	12.99	True	566.8	493.6	45.32
1261	28	3	0.5	gelu	20	40	0.0009474	1.1	1.92	4.74	7414	4000	11.94	12.3	True	286.9	226.3	20.12
1262	17	1	0.5	gelu	120	40	0.0008121	1.16	2.28	4.51	6565	4000	10.44	12.24	True	210	173.5	13.09
1263	29	2	0.5	gelu	120	40	0.001574	1.12	1.23	3.87	5612	4000	10.08	11.85	True	229	160.8	40.51
1264	29	1	0.5	gelu	120	40	0.00121	1.02	1.31	3.65	4802	1500	10.32	12.16	True	355.9	310.9	25.94
1265	30	2	0.5	gelu	120	40	0.001288	1.24	1.46	3.21	4662	4000	10.71	13.13	True	854.1	709.4	84.56
1266	17	2	0.5	gelu	120	40	0.001093	1.36	1.75	4.23	7565	4000	10.54	12.91	True	520.7	464.4	33.93
1267	21	2	0.5	elu	120	40	0.001056	1.5	2.26	4.51	9525	4000	10.71	13.27	True	261.4	229.5	15.81
1268	18	1	0.5	gelu	120	40	0.0009754	1.15	1.81	4.86	4202	4000	10.47	12.54	True	189.1	158.4	13.21
1269	20	1	0.5	gelu	120	40	0.00153	1.29	1.68	4.2	8044	4000	10.43	12.58	True	360.9	305.8	29.99
1270	19	1	0.5	gelu	120	40	0.001151	1	1.6	4.28	6137	4000	10.52	12.67	True	607.6	464.6	86.58
1271	18	2	0.5	gelu	120	40	0.001032	1.13	2.17	4.94	4046	4000	10.38	11.91	True	282.9	223.3	33.52
1272	29	2	0.5	gelu	120	40	0.001202	1.04	1.34	3.47	3784	1000	10.03	11.55	True	429.5	370.5	34.6
1273	18	1	0.5	gelu	120	40	0.00102	1.63	1.88	4.35	7190	3000	10.57	13.01	True	330.3	271	35.5
1274	30	2	0.5	gelu	120	40	0.0009853	1.11	1.22	3.35	5686	4000	10.17	12.07	True	222.3	192	14.81
1275	20	2	0.5	gelu	120	40	0.0007163	1.04	1.89	4.75	7760	4000	10.49	12.52	True	229	194	16.69
1276	28	2	0.5	gelu	120	40	0.001747	1.04	1.31	3.36	3990	4000	10.43	12.49	True	849.2	715	86.74
1277	20	1	0.5	gelu	120	40	0.0008368	1.19	2.39	4.68	5736	4000	10.19	12.16	True	656.5	591.3	40.79
1278	18	1	0.5	gelu	120	40	0.001777	1.15	1.78	3.91	7372	4000	10.65	13	True	268	231.3	19.9
1279	19	1	0.5	gelu	120	160	0.0008711	1.18	2.16	4.37	5239	4000	10.25	12.44	True	337.2	296.4	25.26
1280	30	2	0.5	gelu	120	40	0.001098	1.02	1.19	3.01	6199	4000	10.42	12.48	True	269.3	237.8	16.19
1281	29	2	0.5	gelu	120	40	0.001083	1.01	1.37	2.87	5216	4000	10.2	11.65	True	261.6	221.1	20.71
1282	28	2	0.5	elu	120	40	0.001177	1.27	2.52	4.76	7066	4000	10.36	12.46	True	251.4	210.9	21.82
1283	16	1	0.5	gelu	120	40	0.001148	1.19	1.54	4.4	7599	4000	10.31	12.08	True	373.6	327.1	27.57
1284	20	1	0.5	gelu	120	40	0.001434	1.61	2.97	4.57	6305	4000	10.21	11.74	True	263.5	219.7	23.49
1285	19	2	0.5	gelu	120	40	0.001015	1.18	1.8	4.89	5127	4000	10.34	12.41	True	352.7	309.3	24.09
1286	27	3	0.5	gelu	120	40	0.0009181	1.33	2.66	4.48	7273	4000	10.2	12.14	True	285.1	244.8	22.2
1287	29	1	0.5	gelu	120	40	0.001115	1.01	1.55	3.35	5711	4000	10.21	11.97	True	302.5	253.2	30.48
1288	30	2	0.5	gelu	20	40	0.001083	1.04	1.47	3.63	6091	4000	13.35	10.82	True	341.4	224.2	14.49
1289	28	2	0.5	gelu	120	40	0.001707	1.33	1.35	3.27	4465	4000	10.22	12.07	True	225.3	194.1	17.13
1290	27	2	0.5	gelu	120	40	0.001349	1.29	1.29	3.01	4247	4000	10.21	12.16	True	324.5	292	18.92
1291	25	2	0.5	gelu	120	40	0.001083	1.05	3.29	4.3	7289	4000	10.32	12.31	True	328.9	278	28.33
1292	28	2	0.5	gelu	120	40	0.001021	1.25	1.96	4.59	6661	4000	10.22	11.83	True	379	314.2	37.11
1293	21	1	0.5	gelu	120	40	0.001399	1.59	1.93	4.82	5836	4000	10.28	12.32	True	351.9	313.7	21.65
1294	19	1	0.5	gelu	120	40	0.001173	1.06	1.66	5	6893	4000	10.35	12.35	True	202.5	175.2	11.41
1295	27	2	0.5	gelu	120	40	0.0009902	1.54	2.5	4.58	7938	4000	10.48	12.61	True	611.8	518.9	58.13
1296	17	3	0.5	gelu	120	40	0.0008237	1.14	1.75	4.65	4424	4000	10.1	12.24	True	410	355.2	30.15
1297	27	2	2.0	gelu	120	40	0.0007967	1.14	1.34	4.36	7498	4000	10.36	12.14	True	234.5	204.2	12.96
1299	16	1	0.5	gelu	120	40	0.002006	1.03	1.74	3.22	7555	4000	10.43	12.49	True	380.2	325	32.95
1298	29	2	0.5	gelu	120	40	0.001166	1.19	1.53	3.32	5589	4000	10.28	12.13	True	287.3	252	19.5
1300	27	1	0.5	gelu	120	40	0.001278	1.03	1.52	3.39	5767	4000	10.28	12.48	True	286.5	246.8	21.44
1301	26	1	0.5	gelu	120	40	0.0009145	1.32	2.71	4.66	7222	4000	10.33	11.85	True	300.1	262.6	21.6
1303	18	1	0.5	gelu	120	40	0.0007146	1.26	2.16	4.88	7486	4000	10.14	12.24	True	439.2	299.9	76.24
1302	21	2	0.5	elu	120	40	0.000846	1.15	2.36	4.59	8103	4000	10.49	12.84	True	348.3	278	40.02
1304	19	1	0.5	gelu	120	40	0.001496	1.93	2.76	4.75	6601	4000	10.34	12.46	True	421.6	339.2	49.04
1305	18	3	0.5	gelu	120	40	0.0009259	1.24	1.81	4.98	3232	4000	10.21	12.05	True	240.1	209.5	14.24
1307	24	2	0.5	elu	120	40	0.0009491	2.88	1.75	4.8	9925	4000	10.42	12.32	True	473.2	398.8	41.62
1306	23	2	0.5	gelu	120	40	0.001224	1.16	1.68	3.31	5200	4000	10.17	12.18	True	221.3	197.5	12.36
1308	31	2	0.5	gelu	120	40	0.001596	1.2	1.39	3.28	5243	4000	10.26	12.3	True	473.5	392.3	49.33
1309	18	1	0.5	relu	120	40	0.0009854	1.25	2.22	4.63	5037	4000	10.21	12.03	True	220.6	190.8	14.53
1310	15	1	0.5	gelu	120	40	0.001498	1.25	1.52	3.08	7611	4000	10.36	12.18	True	309.3	268.2	22.18
1311	26	2	0.5	gelu	120	40	0.0008663	1.69	1.37	4.97	7424	4000	10.37	12.69	True	369.7	303.9	33.92
1312	26	1	0.5	gelu	120	40	0.0006841	1.11	1.91	4.96	5657	4000	10.73	13.22	True	205.9	167.7	21.24
1313	28	1	0.5	gelu	120	40	0.001291	1.03	1.14	3.87	5062	4000	10.43	12.36	True	230.6	205.2	13.27
1314	19	1	0.5	gelu	120	40	0.001011	1.23	1.74	4.83	2978	4000	10.28	12.09	True	240	167.1	41.6
1315	16	1	0.5	gelu	120	40	0.0009359	1.05	1.74	4.74	3951	4000	10.54	12.69	True	338.5	295.3	20.93
1317	25	1	0.5	gelu	120	40	0.0009228	1.12	2.1	4.08	7493	4000	10.26	12.1	True	217.6	172.5	25.25
1316	30	2	0.5	gelu	120	40	0.0014	1.15	1.41	3.05	5889	4000	10.54	12.62	True	242.1	214.5	14.53
1319	31	1	0.5	gelu	120	40	0.001242	1.04	1.28	3.93	5002	4000	10.55	12.43	True	1e+06		
1318	27	1	0.5	gelu	120	40	0.0007102	1.23	1.86	4.6	7015	4000	10.37	12.27	True	357.5	296.9	37.05
1320	32	2	0.5	gelu	120	40	0.0007759	1.16	2.35	4.62	7967	4000	10.58	13.14	True	444.3	397.1	25.99
1321	18	2	0.5	gelu	120	40	0.0008764	1.22	1.9	4.98	3760	4000	10.37	12.45	True	274.6	239.7	19.65
1322	18	1	0.5	gelu	20	40	0.001436	1.38	1.59	4.32	7731	4000	11.55	9.752	True	208.9	165.8	15.61
1324	17	1	0.5	gelu	120	40	0.001767	1.43	1.68	3.14	7778	4000	10.2	12	True	525.3	456.2	43.16
1323	16	1	0.5	gelu	120	40	0.0007646	1.36	1.98	4.66	7915	4000	10.39	12.36	True	398.4	353.1	24.92
1326	29	2	0.5	gelu	120	40	0.001338	1.08	1.39	2.9	4475	500	10.91	14.11	True	7603	6996	389
1325	26	2	0.5	gelu	120	40	0.001055	1	1.44	3.3	6181	4000	10.29	12.32	True	241.1	208.4	16.89
1327	18	1	0.5	gelu	120	40	0.001041	1.46	1.47	4.8	3820	4000	11.7	15.95	True	326.9	265	30.78
1328	28	2	0.5	gelu	120	40	0.000955	1.2	2.07	4.13	8061	4000	10.45	12.4	True	449.8	399	25.73
1330	29	1	0.5	gelu	120	40	0.001132	1.06	1.24	4.07	5693	4000	10.25	12.19	True	413.6	374	23.86
1329	30	1	0.5	gelu	120	40	0.00107	1.12	1.24	3.11	5368	500	10.11	11.75	True	1.079e+04	9742	729.4
1331	15	1	0.5	gelu	120	40	0.001232	1.13	1.46	4.63	6316	4000	10.08	11.99	True	259.4	219.8	21.04
1333	17	1	0.5	gelu	120	40	0.001269	1.61	1.9	3.5	7188	4000	10.42	12.41	True	520	430.2	54.59
1332	29	2	0.5	gelu	120	40	0.001002	1.13	1.53	3.15	5762	4000	10.23	11.92	True	333	265.4	38.19
1334	29	2	0.5	gelu	120	40	0.001146	1.29	1.14	3.14	5988	4000	10.55	12.77	True	620.2	533.8	55.09
1335	18	1	0.5	gelu	120	40	0.0007963	1.01	1.63	4.46	6969	4000	10.38	12.73	True	577.5	485.9	54.57
1336	15	1	0.5	gelu	120	40	0.000962	1.43	2.35	4.45	5638	4000	10.42	12.78	True	232.4	167.2	36.19
1338	17	1	0.5	gelu	120	40	0.0009918	1.14	1.95	4.98	5948	4000	10.51	12.43	True	325.1	287.5	20.94
1337	28	2	0.5	gelu	120	40	0.001281	1.17	1.49	3.38	4265	4000	10.75	13.86	True	207.7	180.3	14.93
1340	19	1	0.5	gelu	120	40	0.0007472	1.19	1.83	4.8	6972	4000	10.56	13.01	True	298	247.2	23.75
1339	28	2	0.5	gelu	80	40	0.001212	1.12	1.22	3.24	5910	4000	10.76	13.79	True	326.5	284	22.34
1341	17	1	0.5	gelu	120	40	0.001287	1.05	1.62	3.29	8158	4000	10.38	12.1	True	353.6	303.5	27.72
1342	29	2	0.5	gelu	120	40	0.00135	1.41	1.16	3.61	5634	4000	10.31	12.4	True	293.2	248.8	25.46
1344	29	1	0.5	gelu	120	40	0.001037	1.2	1.46	3.05	5286	4000	10.58	12.87	True	462.9	405.8	35.13
1343	30	1	0.5	gelu	120	40	0.001031	1.11	1.08	3.36	4846	4000	10.28	12.16	True	201.5	173.1	14.72
1345	16	1	0.5	gelu	120	40	0.001096	1.11	1.65	4.86	4212	4000	10.54	13.22	True	230	190.5	16.41
1346	17	2	0.5	gelu	120	40	0.0009811	1.17	1.88	4.58	4545	4000	10.33	12.57	True	633.7	520.8	62.07
1347	18	1	0.5	gelu	120	40	0.00118	1.14	1.77	4.33	7650	4000	10.41	12.51	True	469	429.8	22.76
1348	22	2	0.5	elu	120	40	0.001018	1.1	2.15	4.07	8762	4000	10.46	12.41	True	196.9	168	15.06
1349	19	1	0.5	gelu	120	40	0.0008797	1.21	2.07	4.43	3494	4000	10.22	12.03	True	407.8	333	42.99
1350	16	1	0.5	gelu	120	40	0.0009297	1.04	2.32	4.7	3351	4000	10.55	12.5	True	244.4	203.6	21.6
1351	27	3	0.5	gelu	120	80	0.0008369	1.12	2.51	4.18	7125	4000	10.3	12.35	True	440.7	365.4	42.39
1352	29	2	0.5	gelu	120	40	0.0009002	1.14	1.24	4.22	7363	4000	10.33	11.99	True	231.7	197.7	15.35
1353	29	1	0.5	gelu	120	40	0.001417	1.25	1.16	3.38	4952	4000	10.25	11.89	True	256.9	218.2	20.55
1354	17	1	0.5	gelu	120	40	0.001017	1.07	1.41	4.26	5460	4000	10.21	12.1	True	304.1	266.8	20.49
1355	20	1	0.5	gelu	120	40	0.0008852	1.21	1.54	4.61	3713	4000	10.73	13.34	True	183.3	156.3	11.02
1356	27	2	0.5	gelu	120	40	0.001374	1.09	1.03	4	5262	4000	10.42	12.8	True	260.2	220.1	23.36
1357	21	1	0.5	gelu	120	40	0.0009143	1.27	1.5	4.67	4091	4000	10.34	12.43	True	329.6	290.9	23.67
1358	17	2	0.5	gelu	120	40	0.001097	1.08	1.98	4.35	5388	4000	10.48	12.61	True	346.2	301.6	24.01
1359	29	2	0.5	gelu	120	40	0.0006959	1.01	2.07	4.84	7755	4000	10.34	12.14	True	3410	2706	386.4
1360	26	2	0.5	elu	120	40	0.001026	1.73	1.6	4.99	9931	4000	10.2	12.21	True	299.4	254.8	25.02
1361	28	1	0.5	gelu	120	40	0.001106	1.11	1.26	3.49	5972	4000	10.04	11.93	True	422.9	363.9	35.54
1362	16	2	0.5	gelu	120	40	0.001116	1.35	1.77	4.34	5592	4000	10.29	12.11	True	706.2	636.1	41.56
1363	27	2	0.5	gelu	120	40	0.001348	1.02	1.38	3.41	4043	500	10.27	12.29	True	534.9	447.4	54.54
1364	20	1	0.5	gelu	120	40	0.0009253	1.21	1.45	4.75	3392	4000	10.29	12.05	True	273.8	245	14.62
1365	17	3	0.5	gelu	120	40	0.001196	1.27	1.82	3.97	5077	4000	10.39	12.39	True	285.5	237.7	26.22
1366	22	2	0.5	elu	120	40	0.001107	2.33	2.02	4.84	8065	4000	10.35	12.4	True	747.5	673	49.86
1367	27	2	0.5	gelu	120	40	0.001226	1.12	2.07	4.67	7778	4000	10.09	11.93	True	276	236.8	23.23
1368	27	2	0.5	gelu	120	40	0.001256	1.37	1.54	3.19	5304	4000	10.51	13.01	True	239.8	208.7	15.2
1369	24	1	0.5	gelu	120	40	0.0007557	1.26	2.22	4.97	9920	4000	10.33	12.18	True	258.7	201.3	29.92
1370	22	2	0.5	gelu	120	40	0.0009552	1.15	2.61	4.66	6914	4000	10.32	12.33	True	203.7	176.9	13.1
1371	30	3	0.5	gelu	120	40	0.001252	1.04	1.08	3.14	5614	4000	10.19	12.49	True	176.4	153.6	12.11
1372	26	2	0.5	gelu	120	40	0.001504	1.04	1.23	3.38	3717	4000	10.79	13.4	True	318.3	284.4	18.71
1374	20	1	0.5	gelu	120	40	0.0008554	1.06	1.21	4.71	3975	4000	10.43	12.41	True	420.6	372.8	27.82
1373	29	1	0.5	gelu	120	40	0.0009167	1.52	2	4.91	6852	4000	10.07	13.41	True	232.6	195.8	15.85
1375	29	2	0.5	gelu	120	40	0.001563	1.09	1.12	3.05	4436	4000	10.21	11.85	True	356.4	309.1	28.15
1376	22	1	0.5	elu	120	40	0.001045	1.95	2.25	4.43	8782	4000	10.32	12.35	True	238.8	191.6	25.53
1377	28	3	0.5	gelu	120	40	0.001141	1.14	1.16	3.18	5656	4000	10.32	12.19	True	390.7	348.1	26.14
1378	17	2	0.5	gelu	120	40	0.001179	1.25	1.38	4.53	5715	4000	11.26	14.66	True	265.3	222.3	18.97
1379	20	1	0.5	gelu	120	40	0.001234	1.14	2.57	4.61	6804	4000	10.62	12.84	True	244.8	216.6	13.95
1380	22	1	0.5	gelu	120	40	0.0008758	1.1	1.5	4.7	2967	4000	10.42	12.53	True	236.4	205.3	14.28
1381	22	3	0.5	elu	120	40	0.001044	2.08	2.03	4.12	8086	4000	10.4	12.61	True	640.6	538.9	63.2
1383	22	1	0.5	gelu	120	40	0.0008053	1.06	1.76	4.54	3958	3000	10.42	12.54	True	191.6	163	13.18
1382	28	3	0.5	gelu	120	40	0.001074	1.26	1.99	4.99	7009	4000	10.43	12.71	True	227.9	199.9	13.41
1384	21	1	0.5	gelu	120	40	0.0009173	1.57	1.54	4.75	3326	4000	10.41	12.27	True	429.5	381.4	29.01
1385	20	1	0.5	gelu	120	40	0.0009072	1.26	1.49	4.16	2937	4000	10.66	13.04	True	477.6	415.3	29.86
1387	29	1	0.5	gelu	120	40	0.001058	1.44	2.03	4.28	7265	4000	10.43	12.62	True	348.6	259.3	56.09
1386	30	3	0.5	gelu	120	40	0.00128	1.1	1.03	3.36	5744	4000	10.17	12.68	True	328.7	293.8	19.95
1389	28	2	0.5	gelu	120	40	0.001325	1.11	1.42	3.81	3561	4000	11.03	13.34	True	700	550.1	96.19
1388	27	2	0.5	gelu	120	40	0.001608	1.16	1.55	3.4	4560	4000	10.49	12.73	True	453.7	355.9	61.01
1390	30	3	0.5	gelu	120	40	0.001321	1.11	1.25	3.05	5480	4000	10.61	12.68	True	1053	859.5	120.4
1391	29	2	0.5	elu	120	40	0.001141	2.01	1.79	4.59	9247	4000	10.29	11.89	True	253	227	15.01
1392	20	1	0.5	gelu	120	40	0.0007892	1.37	1.46	4.51	3500	4000	10.35	12.34	True	465.3	397.2	41.63
1393	29	2	0.5	gelu	120	40	0.001161	1.03	1	3.34	6225	4000	10.44	12.44	True	1362	1215	100.5
1394	17	2	0.5	elu	120	40	0.001026	2.38	1.84	4.96	9954	4000	10.27	12.14	True	258.2	212.5	21.84
1395	29	1	0.5	gelu	120	40	0.001204	1.17	2.16	4.67	7734	4000	10.41	12.55	True	202.8	171.8	14.52
1396	17	1	0.5	gelu	120	40	0.001438	1.41	2.14	3.29	7525	4000	10.26	12.15	True	215.2	174	18.74
1397	23	3	0.5	elu	120	40	0.001165	1.93	2.1	4.24	9207	4000	10.34	12.25	True	338.6	295.4	24.03
1398	29	2	0.5	gelu	120	40	0.001623	1.05	1.46	3.63	5075	4000	10.14	12.04	True	225.1	196.8	15.23
1399	18	1	0.5	gelu	120	40	0.0008465	1.23	1.63	4.77	3821	4000	10.33	12.12	True	405.1	360.9	23.41
1400	28	3	0.5	gelu	120	40	0.000994	1.63	2.15	4.49	6874	4000	10.23	12.03	True	465	413.7	31.1
1401	16	1	0.5	gelu	120	40	0.0009105	1.03	2.27	4.13	6874	4000	10.5	12.85	True	242.1	194.7	22.86
1402	15	1	0.5	gelu	120	40	0.0009315	1.15	2.57	4.72	4336	4000	10.67	13.06	True	649.9	578.7	40.14
1403	30	2	0.5	gelu	120	40	0.0009337	1.02	2.91	4.51	7707	4000	10.21	12.3	True	297.1	260	17.26
1405	28	2	0.5	relu	120	40	0.001008	1.18	1.24	4.44	6845	4000	10.49	12.75	True	304	261.4	23.64
1404	30	1	0.5	gelu	120	40	0.0009922	1.14	1.94	4.74	6743	4000	11.15	14.21	True	211.6	170.5	23.52
1406	21	1	0.5	gelu	120	40	0.0008822	1.14	1.74	4.11	3969	1500	10.15	11.95	True	297.5	265.9	15.13
1407	28	2	0.5	gelu	120	40	0.0007998	1.21	1.39	4.99	7598	2000	10.36	12.45	True	273.2	239	16.29
1408	22	1	0.5	gelu	120	40	0.0007357	1.25	1.48	4.79	4470	4000	10.98	14.27	True	248.1	205.3	21.43
1409	22	3	0.5	elu	120	40	0.001069	1.36	1.94	4.49	8878	4000	10.35	12.23	True	413.1	368.4	25.03
1410	26	2	0.5	gelu	120	40	0.001319	1.28	1.2	3.34	3475	4000	10.12	11.92	True	263.1	229.7	18.55
1411	18	1	0.5	gelu	120	40	0.0008999	1.08	1.74	4.89	5529	3000	10.46	12.27	True	221.3	194.3	12.23
1412	21	1	0.5	gelu	120	40	0.0008502	1.08	1.76	4.67	3490	4000	10.2	12.2	True	263.4	230.1	17.68
1413	28	2	0.5	gelu	120	40	0.0009273	1.07	1.31	3.35	5346	4000	10.26	12.23	True	368.3	327	24.21
1414	19	1	0.5	gelu	120	40	0.0008462	1.03	2.34	4.91	6772	4000	10.18	12.27	True	356.7	308.7	27.32
1415	31	2	0.5	gelu	120	40	0.00125	1.14	1.29	2.87	5407	4000	10.14	11.84	True	300.9	263.8	20.06
1416	30	2	0.5	gelu	120	40	0.001115	1.05	3.09	4.17	7265	4000	10.3	12.2	True	304.2	266.9	19.28
1417	22	2	0.5	gelu	120	40	0.001174	1.06	1.21	3.36	5722	4000	10.45	12.53	True	222.7	178.4	24.46
1418	31	2	0.5	gelu	120	40	0.001397	1.23	1.33	3.85	5898	4000	10.16	12.19	True	202.5	181.9	10.78
1419	18	1	0.5	gelu	120	40	0.0009053	1.2	1.69	4.14	3133	4000	10.47	12.55	True	190.5	163.6	12.98
1421	15	1	0.5	gelu	120	40	0.001377	1.02	1.76	3.14	7273	1000	10.28	12.71	True	359	311.6	25.83
1420	22	1	0.5	gelu	120	40	0.0006745	1.12	1.81	4.75	3112	1500	10.14	11.53	True	322.9	271.3	29.83
1423	17	1	0.5	gelu	120	40	0.0008879	1.07	2.01	4.94	7178	4000	10.61	12.94	True	306.3	271.5	18.98
1422	27	2	0.5	gelu	120	40	0.0009497	1.2	1.85	4.69	8853	4000	10.2	12.15	True	292	247.4	24.83
1424	22	1	0.5	elu	120	40	0.001042	1.43	2.07	4.58	9218	4000	10.42	12.48	True	246.4	215.2	14.11
1425	21	1	0.5	gelu	120	40	0.001326	2.16	1.96	4.39	7289	4000	10.41	12.76	True	226.4	200	13.06
1426	20	1	0.5	gelu	120	40	0.0008058	1.35	1.7	4.22	3877	1000	10.07	11.93	True	403	320.6	48.99
1427	28	2	0.5	gelu	120	40	0.001204	1.14	1.19	3.37	4390	4000	10.03	11.79	True	361.6	314.1	27.99
1428	29	2	0.5	gelu	120	40	0.00134	1.2	1.37	3.22	5214	1000	10.3	12.2	True	8856	7551	774.9
1430	28	3	0.5	gelu	120	40	0.0009774	1.27	1.96	4.29	7305	4000	10.16	11.84	True	1067	851.7	142.6
1429	31	3	0.5	gelu	120	40	0.001192	1.05	1.03	3.03	5084	4000	10.04	12.01	True	391.2	238.8	96.07
1432	31	3	0.5	gelu	120	40	0.001403	1.16	1.13	3.25	6223	4000	10.21	12.47	True	1089	958.6	85.89
1431	21	1	0.5	gelu	120	40	0.0007098	1.34	1.98	4.27	7083	4000	11.02	14.21	True	248.1	208.7	17.87
1433	20	2	0.5	elu	80	40	0.00109	1.11	1.61	3.68	5694	4000	10.44	12.55	True	789.5	633.3	101.5
1434	30	3	0.5	gelu	120	40	0.001112	1.08	1.08	2.88	6081	4000	10.42	12.43	True	861.2	737	84.6
1435	18	3	0.5	gelu	120	40	0.00116	1.11	1.58	4.6	5570	4000	10.41	12.49	True	619.2	533.3	54.32
1437	22	3	0.5	elu	120	40	0.00101	1.74	2.17	4.6	7411	4000	10.54	12.84	True	1415	1322	59.43
1436	26	2	0.5	elu	120	40	0.0009519	2.63	1.5	4.64	9773	4000	10.39	12.57	True	282.5	241.5	23.75
1438	17	2	0.5	gelu	120	40	0.001219	1.2	1.6	3.95	4909	4000	10.58	12.81	True	423	344	47.51
1439	27	3	0.5	gelu	120	40	0.001176	1.28	2.55	4.86	7734	4000	10.09	11.93	True	442.4	383.9	37.23
1441	18	2	0.5	elu	120	40	0.001107	2.11	1.63	4.87	9502	4000	10.26	12.49	True	658.2	585.3	46.38
1440	23	3	0.5	elu	120	40	0.0009697	1.37	1.74	4.69	9393	4000	10.45	12.76	True	186.4	159.4	13.79
1443	22	2	0.5	elu	120	40	0.0009891	2.57	1.57	3.93	9461	4000	10.67	12.68	True	3985	3511	240.4
1442	21	1	0.5	gelu	120	40	0.0006161	1.24	1.94	4.48	9826	4000	10.42	12.35	True	339.5	307.1	18.28
1445	30	2	0.5	gelu	120	40	0.001394	1.25	1.18	4.32	5333	4000	10.58	12.88	True	437.1	376.7	35.3
1444	25	3	0.5	elu	120	40	0.001007	1.23	1.82	4.62	9306	4000	10.37	12.26	True	253	221.3	16.29
1446	19	1	0.5	gelu	120	40	0.001239	1.63	1.77	4.33	5765	4000	10.24	12.4	True	217.5	181	19.69
1447	29	3	0.5	gelu	120	40	0.001335	1.3	1.02	3.12	5471	4000	10.39	12.76	True	1003	912.9	60.3
1448	23	3	0.5	elu	120	40	0.0009979	1.47	1.46	4.79	9225	4000	10.23	12.36	True	472.3	420.9	32.93
1449	17	1	0.5	gelu	120	40	0.00121	1.39	1.71	3.74	7728	4000	10.18	12.16	True	276.7	232.3	21.3
1450	29	1	0.5	gelu	120	40	0.001175	1.08	1.38	2.74	5251	500	10.15	11.73	True	6925	6054	563.9
1452	17	2	0.5	gelu	120	40	0.001227	1.05	2	4.14	5857	4000	10.37	12.16	True	351.3	304.2	23.7
1451	22	3	0.5	elu	120	40	0.0009254	1.47	1.8	4.63	8414	4000	10.23	12.31	True	265.1	233.1	15.26
1453	24	3	0.5	elu	120	40	0.0009335	1.35	1.53	4.51	8399	4000	10.15	12.05	True	322.2	283.7	22.47
1454	29	1	0.5	gelu	120	40	0.001203	1.27	1.19	3.44	6371	4000	10.43	12.9	True	251.4	220.4	16.62
1455	29	3	0.5	gelu	120	40	0.001167	1.03	1.31	3.94	5907	4000	10.3	12.56	True	359.6	292	40.19
1456	22	3	0.5	elu	120	40	0.0009574	1.46	1.74	4.4	9835	4000	10.35	12.31	True	224.3	180.7	21.41
1457	27	2	0.5	gelu	120	160	0.0007297	1.01	2.01	4.73	7490	4000	11.5	14.11	True	253	208	19.79
1458	20	1	0.5	gelu	120	40	0.001418	2.48	2.78	4.92	6637	4000	10.39	12.68	True	548	487.8	34.58
1460	16	1	0.5	gelu	120	40	0.0009024	1.11	1.5	4.81	6283	4000	10.63	12.72	True	6445	5786	391.5
1459	27	3	0.5	elu	120	40	0.000911	1.5	1.75	4.88	9724	4000	10.32	12.18	True	231.2	205.4	11.99
1461	31	2	0.5	gelu	120	40	0.001331	1.04	1.15	4.03	5270	4000	10.29	12.2	True	355.4	306.8	27.11
1462	21	1	0.5	gelu	120	40	0.001261	2.41	2.33	4.52	6387	4000	10.29	12.36	True	313.9	259.2	31.65
1463	17	1	0.5	gelu	120	40	0.0009657	1.31	2.18	4.92	3959	1500	10.21	11.96	True	371.1	319	30.99
1464	23	2	0.5	elu	80	40	0.001063	3.43	1.35	4.61	9586	4000	11.88	12.68	True	307.1	249.8	16.14
1465	26	2	1.0	gelu	120	40	0.0009961	1.2	1.56	4.83	7215	4000	10.51	12.55	True	207.8	177.4	15.94
1467	18	1	0.5	gelu	120	40	0.001286	1.24	1.73	4.23	5052	4000	10.35	12.38	True	410.4	364.9	26.5
1466	29	3	0.5	gelu	120	40	0.001194	1.06	1.5	3.04	6002	4000	10.42	12.69	True	251.6	221	17.05
1468	23	3	0.5	elu	120	40	0.0009089	1.75	1.82	4.57	7573	4000	10.52	12.86	True	910.4	810.2	65.29
1469	16	2	0.5	relu	120	40	0.00104	1.17	1.67	4.14	5880	4000	10.36	12.32	True	567.2	518.3	30.14
1471	20	1	0.5	gelu	120	40	0.001096	1.11	1.37	2.9	6168	4000	10.59	12.9	True	427.5	331.5	53.07
1470	23	3	0.5	elu	120	40	0.0009653	1.11	1.74	4.28	9086	4000	10.52	12.6	True	443.2	379.5	27.49
1473	21	3	0.5	elu	120	40	0.001041	1.13	2.01	4.44	9766	1500	10.55	12.6	True	428.8	385.4	25.93
1472	27	2	0.5	gelu	120	40	0.001475	1.08	1.37	3.95	4567	4000	10.01	11.67	True	352.2	290.4	37.53
1474	28	1	0.5	gelu	120	40	0.001152	1	1.23	3.89	6353	4000	10.52	12.46	True	194.3	162.8	16.63
1475	25	2	0.5	gelu	120	40	0.001037	1.07	2.08	4.17	8345	4000	10.45	12.39	True	228.2	203.3	13.05
1476	24	2	0.5	gelu	120	40	0.0009588	1.27	2.91	3.59	7363	4000	10.43	12.42	True	292.9	243.5	24.1
1477	32	1	0.5	gelu	120	40	0.001111	1.17	1.38	3.08	5379	4000	10.23	12.18	True	299.9	266.1	18.96
1478	30	2	0.5	gelu	120	160	0.001305	1.25	1.09	3.29	5000	4000	10.27	12.32	True	448.9	397.7	29.09
1479	30	3	0.5	gelu	120	40	0.001081	1.04	1.26	3.23	5446	2000	10.37	12.77	True	614.8	554	38.38
1480	19	1	0.5	gelu	120	40	0.001124	2.42	2.32	4.86	7041	4000	10.23	12.21	True	489.6	395.1	55.63
1481	28	3	0.5	gelu	120	40	0.001293	1.05	1.2	3.51	5794	4000	10.42	12.55	True	628.9	536.1	59.24
1482	20	3	0.5	gelu	120	40	0.001141	1.3	1.45	3.22	5010	4000	10.35	12.63	True	1357	1150	142.3
1483	30	1	0.5	gelu	120	40	0.001318	1.07	1.63	3.17	5729	4000	10.34	12.46	True	347.9	304.4	24.61
1484	31	2	0.5	gelu	120	40	0.001437	1.14	1.17	3.19	5144	4000	10.37	12.24	True	339.8	301.7	21.35
1485	20	3	0.5	elu	120	40	0.0009609	1.39	1.6	3.97	9126	4000	10.38	12.57	True	661.7	588.8	43.69
1486	19	1	0.5	gelu	120	40	0.00131	3.35	2.42	4.7	6937	4000	10.25	12.4	True	528.3	466.4	37.2
1487	28	3	0.5	elu	120	40	0.001034	1.15	1.69	4.34	8907	4000	10.27	12.15	True	243	212.1	16.31
1488	29	3	0.5	gelu	120	40	0.001377	1.13	1.02	2.96	6071	4000	10.16	11.84	True	264.8	230.9	17.26
1490	29	2	0.5	gelu	120	80	0.001297	1.21	1.28	3.54	5850	500	10.2	12.04	True	833.8	649	110.8
1489	19	3	0.5	elu	120	40	0.0009252	1.45	1.85	4.38	9667	4000	10.42	12.38	True	539.1	488.3	30.75
1491	19	1	0.5	gelu	120	40	0.001771	1.09	1.8	3.42	8290	4000	10.26	12.4	True	326	274.7	29.14
1492	26	2	0.5	gelu	120	40	0.0007978	1.3	1.45	4.91	7043	4000	10.31	13.26	True	268.9	203.2	37.95
1493	21	3	0.5	elu	120	40	0.000975	1.27	1.86	4.81	7179	4000	10.39	12.52	True	248.4	199	28.28
1494	22	2	0.5	gelu	120	40	0.0008832	1.11	2.61	4.17	8089	4000	10.53	12.4	True	276.9	244.8	17.44
1495	17	1	0.5	gelu	120	40	0.001371	1.02	1.41	3.6	7381	4000	10.23	12.22	True	362.5	322.5	22.91
1496	20	2	0.5	elu	120	40	0.0009461	2.96	1.87	4.43	9992	4000	10.55	12.79	True	319.3	257.3	34.75
1497	16	1	0.5	gelu	40	40	0.000974	1.24	2.51	4.96	5470	4000	9.426	10.44	True	233.4	189.5	11.16
1498	29	2	0.5	gelu	120	40	0.001146	1.14	1.08	3.95	5112	4000	10.37	12.65	True	589.8	473.8	72.61
1499	30	1	0.5	gelu	120	40	0.0009379	1.13	1.19	3.28	5503	4000	10.27	12.37	True	336.3	299.7	20.6
1500	16	2	0.5	gelu	120	40	0.001086	1.05	1.64	4.04	5319	4000	10.36	12.25	True	671.8	594.2	48.16
1501	21	1	0.5	gelu	120	40	0.001319	1.32	1.41	3.62	5479	4000	10.31	12.43	True	404.3	336.3	40.3
1503	20	1	0.5	gelu	120	40	0.001063	1.24	1.9	4.23	3751	4000	10.28	12.35	True	610.3	534.9	41.35
1502	24	1	0.5	gelu	120	40	0.0005927	1.19	2.2	4.88	9222	4000	10.23	12.2	True	389.4	330.5	32.25
1504	18	1	1.0	gelu	120	40	0.001345	1.32	1.97	4.42	6644	4000	10.45	12.25	True	337.1	286.8	29.54
1505	17	1	0.5	gelu	120	40	0.000955	1.21	2.47	4.64	6841	4000	10.35	12.25	True	236	199.7	18.01
1506	30	3	0.5	gelu	120	40	0.001218	1.04	1.31	3.38	6512	4000	10.33	12.73	True	9056	8202	597.8
1507	21	3	0.5	gelu	120	40	0.001278	1.08	1.54	3.17	5353	4000	10.11	11.88	True	264.1	232.4	17.62
1509	19	1	0.5	gelu	120	40	0.001246	1	3.05	4.94	6920	4000	10.4	12.01	True	503.4	409.5	53.37
1508	25	3	0.5	elu	120	40	0.0009471	1.48	1.67	4.47	9174	4000	10.27	12.44	True	352.1	320.6	18.18
1510	16	3	0.5	gelu	120	40	0.001149	1.23	1.59	4.5	5161	4000	10.1	11.73	True	232.3	190.1	21.46
1511	29	3	0.5	gelu	120	40	0.001173	1.03	1.02	3.99	5825	3000	10.18	12.07	True	208.2	183.5	12.19
1512	30	2	0.5	gelu	120	40	0.0009523	1.01	3	3.63	7872	4000	10.2	11.74	True	248.2	217	16.18
1513	24	3	0.5	elu	120	40	0.0008007	1.41	1.85	4.84	9728	4000	10.44	12.69	True	386.7	342.3	25.26
1514	21	1	0.5	gelu	120	40	0.001233	1.1	1.53	3.36	5789	4000	10.32	12.39	True	267.6	221.7	24.95
1515	24	2	0.5	gelu	120	40	0.0009246	1.14	2.75	3.79	8121	1500	10.44	12.31	True	293.8	257.2	19.92
1516	22	2	0.5	elu	120	40	0.0008596	2.85	1.82	4.53	9410	4000	10.43	12.27	True	366.4	312.5	29.57
1517	31	3	0.5	gelu	120	40	0.001236	1.24	1.43	3.45	5636	4000	10.16	12.04	True	758.3	679.2	53.45
1518	25	3	0.5	elu	120	40	0.0008884	1.08	1.46	4.17	8460	4000	10.48	12.6	True	402.1	324.2	45.97
1519	31	1	0.5	gelu	120	40	0.001008	1.14	1.3	4.01	5153	4000	10.38	12.29	True	223.2	199.3	12.31
1520	21	3	0.5	gelu	120	40	0.001151	1.29	1.45	3.96	5872	4000	10.28	12.67	True	382	336.6	26.38
1521	20	1	0.5	gelu	120	40	0.001408	1.1	2.41	4.17	6341	4000	10.27	12.25	True	208.4	177.6	14.64
1522	28	2	0.5	gelu	120	40	0.00119	1.12	1.55	3.6	3124	4000	10.1	12.06	True	382.3	302.3	49.31
1523	20	1	0.5	gelu	120	40	0.001181	1.79	2.69	4.83	7005	1500	10.41	12.73	True	247.7	210.3	19.21
1524	28	2	0.5	gelu	120	40	0.0008068	1.55	1.4	4.7	7585	4000	10.36	12.54	True	316.1	272.2	22.01
1525	18	1	0.5	gelu	120	40	0.000819	1.36	1.81	4.2	5982	4000	10.33	12.14	True	319.8	240.1	48.12
1527	17	1	0.5	gelu	120	40	0.000864	1.14	1.93	4.94	3516	4000	10.33	12.3	True	1108	991.9	72.5
1526	27	3	0.5	elu	120	40	0.0008261	1.12	1.91	4.83	9197	4000	10.48	12.67	True	1012	895.6	74.33
1528	18	1	0.5	gelu	120	40	0.0009582	1.24	1.43	4.49	4172	4000	10.12	14.2	True	257.7	217.2	20.06
1529	22	1	0.5	gelu	120	40	0.000766	1.24	1.73	4.93	9670	4000	10.17	13.2	True	256.6	206.2	23.79
1530	30	3	0.5	gelu	120	40	0.0009636	1.09	1.26	3.33	6050	4000	10.03	11.76	True	521.2	366.2	98
1531	27	2	0.5	gelu	120	40	0.001308	1.42	1.11	3.83	5378	3000	10.17	11.82	True	214.8	183.4	16.21
1533	17	1	0.5	gelu	120	40	0.0009938	1.17	2.67	4.56	3856	4000	10.33	12.38	True	187.4	157.6	11.94
1532	30	2	0.5	gelu	120	40	0.001265	1.5	2.05	4.72	7296	4000	10.07	11.97	True	201.8	174.9	14.48
1535	20	2	0.5	elu	120	40	0.001114	3.19	1.74	4.49	9166	4000	10.43	12.47	True	266.7	232.5	19
1534	18	1	0.5	gelu	120	40	0.001023	1.25	2.56	4.65	4146	4000	10.16	11.69	True	339.7	300.9	21.86
1536	20	1	2.0	gelu	120	40	0.0008496	1.08	1.48	4.53	3964	4000	10.28	12.27	True	335.1	301	18.44
1537	24	2	0.5	elu	120	40	0.001008	1.19	1.63	4.9	9301	4000	10.43	12.65	True	192.4	168.3	11.61
1538	18	1	0.5	gelu	120	40	0.0009915	1.04	2.93	4.66	3723	4000	10.32	12.31	True	357.7	299.1	33.76
1539	27	1	0.5	gelu	120	40	0.001104	1.2	1.38	3.88	5516	4000	10.41	12.21	True	259.4	222.7	19.52
1540	26	1	0.5	gelu	120	40	0.0008238	1.36	1.41	4.84	7563	500	10.1	11.74	True	456.1	403.5	30.81
1541	28	3	0.5	gelu	120	40	0.001004	1.37	1.44	4.99	6915	4000	10.22	12.11	True	265.8	228.2	19.83
1542	25	3	0.5	gelu	120	40	0.0008888	1.15	1.49	4.75	7303	4000	10.34	12.29	True	3222	2889	225
1543	18	1	0.5	gelu	120	40	0.001518	1.17	1.57	3.86	8225	4000	10.33	12.07	True	304.8	253.7	29.58
1544	17	1	0.5	gelu	120	40	0.00117	1.14	2.66	4.42	3820	4000	10.37	12.19	True	280.5	245.8	17.08
1545	17	2	0.5	gelu	120	40	0.001003	1.06	1.83	4.54	6522	4000	10.36	12.38	True	248	208.7	20.55
1546	22	2	0.5	relu	120	40	0.001122	1.04	1.33	3.89	5753	4000	10.43	12.61	True	1032	916.9	77.89
1547	20	1	0.5	gelu	120	40	0.001189	2.18	2.86	4.82	6370	4000	10.31	12.36	True	443.9	388.8	29.74
1548	27	2	0.5	gelu	120	40	0.001413	1.22	1.28	2.78	3337	4000	10.16	12.08	True	222.5	180.8	22.61
1550	17	2	0.5	gelu	120	40	0.0008759	1.03	2.2	4.62	6144	4000	10.43	12.66	True	212.1	179.2	14.19
1549	30	1	0.5	gelu	120	40	0.0009416	1.01	1.44	3.61	4543	4000	10.43	12.73	True	195.5	163.8	17.97
1551	21	1	1.0	gelu	120	40	0.0006914	1.01	2.31	4.95	9872	4000	10.6	12.52	True	189.3	158.9	13.07
1552	22	1	0.5	gelu	120	40	0.000773	1.22	1.52	4.79	3548	4000	11.83	15.39	True	207.4	173.2	14.72
1554	27	3	0.5	gelu	120	40	0.0008481	1.16	1.28	4.46	7155	4000	10.39	12.55	True	7431	6567	499.4
1553	18	1	0.5	gelu	120	40	0.0009637	1.19	3.06	4.99	3232	4000	10.21	12.38	True	200.7	171.3	14.02
1556	18	2	0.5	gelu	120	40	0.0008626	1.07	1.62	4.7	6022	4000	10.54	12.63	True	885.6	736.2	93.76
1555	27	1	0.5	gelu	120	40	0.000943	1.38	1.46	4.86	7786	4000	10.19	12.19	True	205.8	181.8	12.64
1557	16	1	0.5	gelu	120	40	0.0009582	1.18	2.76	4.88	3601	4000	10.38	12.24	True	338.5	274.8	34.34
1558	21	3	0.5	elu	120	40	0.0009549	1.25	1.73	4.64	9035	4000	10.77	12.9	True	202.2	172.8	12.59
1559	18	1	0.5	gelu	120	40	0.0009412	1.18	2.51	4.4	3443	4000	10.5	12.54	True	255.4	222	19.15
1560	21	1	0.5	gelu	120	40	0.0009394	1.04	1.54	4.06	4263	4000	10.36	12.12	True	485.1	429.8	33.85
1561	31	2	0.5	gelu	120	40	0.001416	1	1.34	4.03	4364	4000	10.1	12.12	True	205.5	180.6	13.35
1562	30	3	0.5	gelu	120	40	0.001186	1.25	1.27	3.19	6263	4000	10.4	12.46	True	1507	1314	125.8
1563	27	2	0.5	gelu	120	40	0.001031	1.08	1.97	4.96	7250	4000	10.66	13.16	True	540.3	488.2	32.79
1564	19	1	0.5	relu	120	40	0.000977	1.31	1.64	4.56	3720	4000	10.36	12.21	True	175.4	149.1	12.52
1565	19	3	0.5	gelu	120	40	0.001064	1.01	1.91	4.21	6280	4000	10.37	12.08	True	293.1	256.9	19.13
1566	21	1	0.5	gelu	120	40	0.0009313	1.37	2.05	4.74	3639	4000	10.27	12.3	True	447.6	365.9	45.92
1567	21	1	0.5	relu	120	40	0.001008	1.4	1.77	4.22	4180	4000	10.52	12.43	True	451.1	346.5	63.63
1568	19	1	0.5	gelu	120	40	0.0008914	1.6	1.92	4.77	3484	4000	10.35	12.24	True	240.7	206.8	16.32
1569	21	1	0.5	relu	120	40	0.001133	1.43	1.86	4.56	3357	4000	10.44	12.64	True	811.8	723.7	54.91
1570	28	2	0.5	gelu	120	40	0.001559	1.16	1.28	3.04	5013	4000	10.41	12.4	True	274	238.7	17.94
1571	19	1	0.5	relu	120	40	0.0009856	1.16	1.74	4.22	3841	4000	10.64	12.66	True	350.4	314.8	19.75
1572	22	2	0.5	gelu	120	40	0.0008693	1.19	1.78	4.94	7732	4000	10.36	12.26	True	244.3	213	17.1
1573	19	1	0.5	relu	120	40	0.0008267	1.09	1.31	4.5	3525	4000	10.66	13.13	True	552.6	493.7	38.01
1574	21	3	0.5	elu	120	40	0.000979	1.16	1.64	4.25	7616	4000	10.68	13.07	True	434.7	384.5	29.38
1575	28	2	0.5	gelu	120	40	0.001195	1.01	1.35	2.83	6087	4000	10.18	14.32	True	229.3	200.5	12.61
1576	27	1	0.5	gelu	120	40	0.001017	1.61	2.36	4.67	7082	4000	10.28	12.34	True	182.3	158.5	11.73
1577	20	1	0.5	gelu	120	40	0.0009264	1.52	1.45	4.53	4496	4000	10.69	13.18	True	409	310.9	53.28
1578	22	1	0.5	relu	120	40	0.00107	1.21	1.61	4.25	3725	4000	10.2	12.02	True	371.1	327.2	25.6
1579	18	1	0.5	relu	120	40	0.001097	1.52	1.73	4.53	4007	4000	10.54	12.69	True	270.1	225	22.04
1580	24	3	0.5	elu	120	40	0.001091	1.47	1.74	4.48	9820	4000	10.49	13.08	True	502.9	454.3	26.8
1581	21	1	0.5	gelu	120	40	0.001331	1.96	2.4	4.12	6608	4000	10.7	13.05	True	774.4	646.6	83.8
1582	27	1	0.5	gelu	120	40	0.0009671	1.47	2.23	4.36	6694	4000	10.25	12.28	True	313	273.1	20.69
1584	16	1	0.5	gelu	120	40	0.001039	1.17	3.09	4.12	3783	500	10.51	12.48	True	1.081e+04	9327	896.1
1583	28	1	0.5	gelu	120	40	0.0009073	1.01	2.54	3.8	7997	4000	10.32	12.1	True	224.3	200.4	13.04
1585	27	1	0.5	gelu	120	40	0.00117	1.32	2.34	4.74	7134	4000	10.23	12.22	True	265.9	222	22.84
1586	26	3	0.5	gelu	120	40	0.0009	1.56	1.52	4.91	7043	4000	10.42	12.7	True	455.8	383.6	34.19
1587	18	1	0.5	gelu	120	40	0.0009081	1.39	2.8	4.05	3457	4000	10.68	12.92	True	386.6	341.4	20.31
1588	29	3	0.5	gelu	120	40	0.0013	1.13	1.03	2.72	5068	4000	10.3	12.21	True	261.1	225.1	18.33
1589	29	2	0.5	gelu	120	40	0.0009427	1.01	2.27	4.99	8013	4000	10.42	12.29	True	517.5	445.2	45.97
1590	19	1	0.5	relu	120	40	0.0009542	1.32	1.58	4.73	3821	4000	10.39	12.45	True	618.6	476.8	89.31
1591	27	1	0.5	gelu	120	40	0.001088	1.99	2.41	4.12	6873	4000	10.2	12.36	True	379.1	305.6	45.09
1592	17	1	0.5	relu	120	40	0.0009291	1.53	1.73	4.32	3370	4000	11.68	15.64	True	270.6	232.5	17.34
1593	31	2	0.5	gelu	120	40	0.001209	1.03	1.19	3.35	5856	4000	10.37	12.21	True	364.3	282.1	48.21
1594	18	1	2.0	relu	120	40	0.0009608	1.34	1.73	3.88	3572	4000	10.28	12.16	True	551.5	404.1	92.74
1595	27	3	0.5	gelu	120	40	0.0008881	1.4	1.42	4.81	7735	4000	10.25	12.64	True	568.6	519.4	32.11
1596	23	3	0.5	elu	120	40	0.0008665	1.34	1.7	4.92	8975	4000	10.43	12.53	True	459.8	403.3	32.13
1598	18	1	0.5	gelu	120	40	0.0009498	1.3	3.26	4.25	4089	4000	10.36	12.43	True	382.1	340.6	24.53
1597	28	2	0.5	gelu	120	40	0.001319	1.04	1.21	3.38	2622	4000	10.37	12.55	True	232.8	199.7	16.6
1599	27	1	0.5	gelu	120	40	0.0009399	1.13	1.28	4.32	7246	4000	10.38	12.19	True	243.6	210.3	19.29
1600	28	1	0.5	gelu	120	40	0.001058	1.73	2.64	4.57	7508	4000	10.22	11.95	True	269.6	224.3	25.81
1601	16	1	0.5	gelu	120	40	0.0011	1.2	2.67	3.91	3241	4000	10.55	12.71	True	193.5	168.7	11.16
1602	30	3	0.5	gelu	120	40	0.001346	1.15	1.2	3.66	5474	4000	10.22	12.26	True	1163	1059	70.87
1604	27	1	0.5	gelu	120	40	0.001056	2.15	2.15	4.8	7273	4000	10.33	12.21	True	262.2	237.7	14.33
1603	27	1	0.5	gelu	120	40	0.0009299	1.2	2.27	4.81	6561	4000	10.41	12.57	True	233.1	201.5	14.85
1606	27	1	0.5	gelu	120	40	0.001153	1.6	2.62	4.43	6670	4000	10.25	11.67	True	252.7	217.2	20.98
1605	26	1	0.5	gelu	120	40	0.00094	1.62	2.38	4.9	7199	4000	10.19	12.26	True	197.7	175.3	11.27
1607	15	1	0.5	gelu	120	40	0.001016	1.31	2.28	4.28	4049	4000	10.57	12.75	True	212.8	166.9	24.04
1608	20	2	0.5	gelu	120	40	0.001036	1.01	1.18	3.06	5332	4000	10.33	12.13	True	374.3	325.1	29.33
1609	25	2	0.5	gelu	120	40	0.0009049	1.23	2.34	3.77	6843	4000	10.17	12.1	True	374.5	333.8	22.96
1610	26	1	0.5	gelu	120	40	0.001011	1.63	2.36	4.21	7460	4000	10.39	12.39	True	194.2	158.3	19.06
1611	18	1	0.5	gelu	120	40	0.001126	1.38	3.14	4.32	3802	4000	10.36	12.59	True	256.6	214.8	20.67
1612	23	3	0.5	elu	120	40	0.001091	1.57	1.73	4.78	8474	4000	10.46	12.62	True	333.7	225.7	67.56
1614	22	3	0.5	elu	120	40	0.0009819	1.58	1.43	4.86	8330	4000	10.4	12.67	True	454.1	406	26.83
1613	25	1	0.5	gelu	120	40	0.001057	1.29	2.19	4.99	6928	4000	10.3	12.68	True	425.8	373.8	30.37
1615	27	3	0.5	gelu	120	40	0.0009885	1.19	1.48	4.39	7298	4000	10.47	12.36	True	3792	3102	382.2
1616	29	1	0.5	gelu	120	40	0.001048	1.58	2.81	4.82	6895	4000	10.08	12.13	True	241.9	214.4	14.74
1617	16	1	0.5	gelu	120	40	0.0009662	1.46	2.73	4.47	4576	4000	10.3	12.44	True	912	796.8	73.74
1618	24	3	0.5	elu	120	40	0.001118	1.81	1.44	4.55	8820	4000	10.17	12.16	True	522.2	455	40.73
1619	15	1	0.5	gelu	120	40	0.0009539	1.37	3.15	4.24	3615	4000	10.48	12.52	True	254.8	215.4	14.82
1620	28	2	0.5	gelu	120	40	0.0008969	1.04	1.43	4.2	7829	4000	10.32	12	True	364.1	321.4	24.48
1621	30	3	0.5	gelu	120	40	0.00114	1.21	1.2	2.92	5384	4000	10.54	12.44	True	454.3	382.6	41.24
1623	18	1	0.5	gelu	120	40	0.0007498	1.2	1.85	4.83	4103	4000	10.3	12.25	True	519.3	444.3	45.83
1622	17	1	0.5	gelu	120	40	0.0008171	1.07	2.46	4.8	5965	4000	10.23	12.1	True	241.1	209.8	16.77
1625	21	3	0.5	elu	120	40	0.001096	1.38	1.68	4.78	9781	4000	10.48	12.45	True	238.1	210.4	15.34
1624	25	3	0.5	elu	120	40	0.000876	1.36	1.92	4.25	7722	4000	10.31	12.51	True	308.2	275.1	17.49
1626	17	1	0.5	gelu	120	40	0.001155	1.07	1.86	3.65	4861	4000	10.3	12.34	True	273.7	203.1	42.06
1627	23	2	0.5	gelu	120	40	0.0008999	1.35	2.25	4.37	7343	4000	10.32	12.02	True	228.1	201.7	13.42
1628	27	1	0.5	gelu	120	40	0.001037	1.22	1.93	4.57	6706	4000	10.28	12.56	True	418.7	322.3	58.75
1629	27	3	0.5	elu	120	40	0.0009744	1.28	1.51	4.6	8324	4000	10.44	12.5	True	273.4	239	19
1630	20	1	0.5	gelu	120	40	0.000851	1.16	1.5	3.68	3857	4000	10.45	12.63	True	361.2	313.7	26.67
1631	26	3	0.5	elu	120	40	0.001023	1.35	2.11	4.9	8444	4000	10.37	12.37	True	269.2	226.9	24.71
1632	27	1	0.5	gelu	120	40	0.0009164	1.9	2.18	4.11	7300	4000	10.19	12.13	True	447.9	384.8	37.97
1633	28	2	0.5	gelu	120	40	0.001435	1.2	1.4	3.26	2753	4000	10.66	13.03	True	462.6	410.9	30.76
1634	25	3	0.5	elu	120	40	0.0008965	1.58	1.36	4.85	8618	4000	10.23	12.22	True	257.9	223	18.67
1635	28	1	0.5	gelu	120	40	0.001149	1.69	2.05	4.99	7009	4000	10.28	12.17	True	204.4	177.9	13.69
1636	31	2	0.5	gelu	120	80	0.001328	1.04	1.4	3.39	5333	4000	10.42	12.9	True	339.6	294	25.84
1637	19	2	0.5	gelu	120	40	0.001364	1.16	2.3	4.6	6614	4000	10.33	12.18	True	238.8	202.7	17.09
1638	30	2	1.0	gelu	120	40	0.001444	1.29	1.27	3.26	5563	4000	10.21	12.06	True	272.6	237.4	19.59
1639	28	2	0.5	gelu	120	80	0.00112	1.1	1.44	3.89	5763	4000	10.73	12.8	True	443.5	381.8	36.57
1640	28	2	0.5	gelu	120	40	0.001241	1.25	1.21	4.77	5298	4000	10.16	12.21	True	318.4	233.4	52.13
1641	28	2	0.5	gelu	120	40	0.001442	1.3	1.52	3.06	4721	4000	10.25	12.35	True	294.5	221.6	44.15
1642	15	1	1.0	gelu	120	40	0.0009979	1.11	2.19	4.95	4053	4000	10.35	12.38	True	245.8	214.4	16.47
1643	19	1	0.5	gelu	120	40	0.000872	1.37	1.64	4.99	3272	4000	10.26	12.29	True	282.6	251.7	15.27
1644	29	2	0.5	gelu	120	40	0.0009941	1.03	1.31	3.29	6613	4000	10.64	13.62	True	240.2	209.6	14.56
1645	23	1	0.5	gelu	120	40	0.0007019	1.1	1.81	4.56	8609	4000	10.33	12.52	True	200.6	169.5	14.4
1646	24	1	0.5	gelu	120	40	0.0008974	1.06	2.93	3.97	7616	4000	10.77	13.07	True	215.1	185.1	12.12
1647	24	1	0.5	gelu	120	40	0.000683	1.14	2.01	4.02	7192	4000	10.35	12.36	True	387.9	299	53.54
1648	29	1	0.5	gelu	120	40	0.001244	1.05	1.4	3.7	5621	4000	10.35	12.29	True	370.4	222.8	93.42
1649	20	1	0.5	relu	120	40	0.00113	1.56	1.45	4.78	4166	4000	10.36	12.22	True	340.8	294	27.52
1651	18	2	0.5	gelu	120	40	0.001357	1.97	2.34	4.69	6701	4000	10.2	12.15	True	1541	1301	147.1
1650	15	1	0.5	gelu	120	40	0.001092	1.01	2.62	4.55	3648	4000	10.23	12.31	True	254.1	225.7	15.17
1652	16	1	0.5	gelu	120	40	0.001045	1.43	2.65	4.49	3746	4000	10.36	12.16	True	336.9	299	18.8
1653	24	1	0.5	gelu	120	40	0.000916	1.25	2.65	3.62	8128	4000	10.41	12.51	True	352.4	263.7	52.48
1654	28	2	0.5	gelu	120	40	0.001022	1.23	1.27	3.4	6197	4000	10.11	11.98	True	265.4	214.6	27.79
1655	20	2	0.5	gelu	120	40	0.001206	2.01	2.22	4.71	6579	4000	10.27	12.1	True	348.3	310.6	23.24
1656	21	3	0.5	elu	120	40	0.00103	1.6	1.69	4.09	7404	4000	10.3	12.46	True	455	382.3	42.41
1657	27	3	0.5	gelu	120	40	0.00094	1.25	2.63	4.52	8362	4000	10.14	11.98	True	252.5	224.6	13.99
1658	21	2	0.5	gelu	120	40	0.001353	1.57	2.7	4.81	6699	4000	10.21	12.33	True	304.7	256.1	27.54
1659	29	1	0.5	gelu	120	40	0.00109	1.21	1.2	4.95	7876	4000	10.5	12.66	True	213.9	188.1	13.32
1660	29	1	0.5	gelu	120	40	0.00119	1.24	1.35	3.35	4451	4000	10.17	12.08	True	219.9	192.1	14.31
1661	25	3	0.5	elu	120	40	0.001001	1.24	1.95	4.59	5889	4000	10.39	12.23	True	282.8	247.3	16.63
1662	26	3	0.5	gelu	120	40	0.0009786	1.32	2.66	3.44	7641	4000	10.21	12.11	True	235.9	202.8	16.82
1663	31	2	0.5	gelu	120	40	0.0015	1.14	1.03	3.83	4915	4000	10.24	12.09	True	214.2	182.7	16.74
1664	25	2	0.5	gelu	120	40	0.0008467	1.42	1.82	4.7	8061	4000	10.1	12.37	True	238.5	208.9	15.17
1666	19	1	0.5	relu	120	40	0.0008582	1.3	1.7	4.21	4297	4000	10.3	12.43	True	464.2	392.7	41.9
1665	25	1	0.5	gelu	120	40	0.00114	1.87	2.06	4.58	6767	4000	10.4	12.56	True	258.8	225.6	16.63
1667	20	3	0.5	gelu	120	40	0.0012	1.64	2.11	4.64	6871	4000	10.3	12.15	True	549.9	458.4	56.42
1668	25	1	0.5	gelu	120	40	0.001129	1.84	2.62	4.69	7168	4000	10.43	12.54	True	405.2	352.2	30.73
1669	26	3	0.5	gelu	120	40	0.000896	1.12	2.52	3.78	8157	4000	10.46	12.55	True	549.1	474.2	35.75
1670	18	1	0.5	gelu	120	40	0.0008392	1.05	1.87	4.32	4040	4000	10.39	12.69	True	375	333.5	24.74
1671	17	1	0.5	gelu	120	40	0.001072	1.33	1.32	4.91	5671	4000	10.23	12.15	True	308	270.9	20.62
1672	20	3	0.5	gelu	120	40	0.001443	1.29	2.5	4.97	6258	4000	10.21	12.16	True	268.2	235.3	17.73
1673	27	1	0.5	gelu	120	40	0.0007866	1.08	1.35	4.41	6923	4000	10.49	12.64	True	304.9	260.4	22.08
1674	25	3	0.5	gelu	120	40	0.001006	1.1	3.23	4.22	7404	4000	10.29	12.39	True	229.8	190	20.87
1675	16	1	0.5	gelu	120	40	0.00105	1.09	2.7	3.75	4169	4000	10.24	12.26	True	235.7	200.8	13.78
1676	28	2	0.5	gelu	120	40	0.001415	1.11	1.02	3.38	5088	500	10.08	11.82	True	441	389.9	28.39
1677	22	2	0.5	elu	120	40	0.0009679	1.13	1.57	4.44	9416	4000	10.29	12.05	True	312.8	266.3	25.83
1678	20	1	2.0	relu	120	40	0.001107	1.33	1.54	4.82	3626	4000	10.28	12.47	True	320.4	280.2	24.11
1679	22	3	0.5	elu	120	40	0.001046	1.28	1.69	4.67	8242	4000	10.33	12.32	True	430.5	336.4	49.76
1680	25	3	0.5	elu	120	40	0.0009715	1.47	1.62	3.69	9067	4000	10.32	12.67	True	243.3	208.4	18.24
1681	20	2	0.5	gelu	120	40	0.0009625	1	1.48	3.26	6246	4000	10.23	12.32	True	306.9	255.9	30.83
1683	17	1	0.5	gelu	120	40	0.001102	1.1	1.88	3.5	6981	4000	10.39	12.51	True	278.4	235.9	23.73
1682	23	2	0.5	elu	120	40	0.001102	1.38	1.54	4.21	9702	4000	10.23	12.39	True	303.9	261.4	21.3
1684	21	1	0.5	gelu	120	40	0.0008907	1.47	1.65	4.12	3625	4000	10.29	12.3	True	388.9	348	23.58
1685	28	2	0.5	gelu	120	40	0.001513	1.01	1.32	3.72	2205	4000	10.3	12.39	True	258.7	212.5	27.54
1686	18	3	0.5	elu	120	40	0.0009375	1.42	1.88	4.4	7506	4000	10.63	12.74	True	526.6	472.6	31.9
1688	17	1	0.5	gelu	120	40	0.0009133	1.06	2.27	4.66	4969	500	10.62	12.74	True	9319	8102	837.1
1687	29	2	0.5	gelu	120	40	0.0008915	1.43	1.86	4.59	7461	4000	10.41	13.56	True	237.2	212	11.88
1689	19	1	0.5	elu	120	40	0.001077	1.32	1.61	3.94	3803	4000	10.31	12.36	True	282.3	253	16.9
1690	28	3	0.5	gelu	120	40	0.0009572	1.06	1.28	4.9	7387	4000	10.21	12.02	True	617.2	537.9	50.11
1691	24	3	0.5	elu	120	40	0.001072	1.38	1.82	4.8	7443	4000	10.38	12.33	True	409.9	298.1	69.94
1692	21	1	0.5	gelu	120	40	0.000754	1.33	2.21	4.57	5856	4000	10.25	12.23	True	518	455	38.83
1693	18	1	0.5	relu	120	40	0.001205	1.06	2	4.47	6620	4000	10.39	12.51	True	251.8	218.3	14.6
1695	21	2	0.5	gelu	120	40	0.001031	1.03	1.5	3.07	5732	2000	10.51	12.71	True	1364	1249	72.23
1694	27	1	0.5	gelu	120	40	0.0009958	1.85	2.16	4.54	6809	4000	10.17	12.12	True	182.2	152.9	15.63
1696	18	1	1.0	gelu	120	40	0.0009858	1.2	2.15	4.35	5702	4000	10.42	12.39	True	222.3	189.1	15.74
1697	25	1	0.5	gelu	120	40	0.000926	1.7	2.12	4.38	6779	4000	10.39	12.54	True	1642	1484	107.5
1698	29	1	1.0	gelu	120	40	0.00104	1.92	2.11	4.63	7013	4000	10.53	12.38	True	290.7	247.6	23.09
1699	17	1	0.5	gelu	120	40	0.0008852	1.35	2.84	4.91	4158	4000	10.34	12.14	True	181.8	158.5	10.72
1700	19	1	0.5	relu	120	40	0.00103	1.47	1.41	3.94	3581	4000	10.27	12.04	True	504.1	434.7	41.08
1701	25	1	0.5	gelu	120	40	0.001093	1.45	2.84	4.09	6829	4000	10.22	12	True	354.9	270.5	51.5
1702	20	2	0.5	gelu	120	40	0.001197	1.02	1.59	3.08	5630	500	10.07	11.72	True	1.012e+04	8900	793
1703	16	1	0.5	gelu	120	40	0.000875	1.59	2.65	4.63	2644	4000	10.13	12.03	True	315.7	266.9	27.25
1704	26	1	0.5	gelu	120	40	0.00105	2.33	2.28	5	6484	4000	10.2	12.03	True	251	215.4	16.65
1705	27	1	0.5	gelu	120	40	0.00104	1.82	2.32	4.69	6776	4000	10.26	11.7	True	404.3	329.9	45.81
1706	20	2	0.5	gelu	120	40	0.0009861	1.1	1.17	3.79	5650	4000	10.33	12.31	True	571.5	500.9	42.8
1707	17	1	0.5	gelu	120	40	0.0008556	1.5	3.5	4.98	4506	4000	10.3	12.16	True	320.7	279	24.74
1708	16	1	1.0	gelu	120	40	0.001093	1.21	2.47	4.5	4543	4000	10.27	12.01	True	217.2	182.2	16.04
1709	25	1	0.5	gelu	120	40	0.001084	1.37	1.86	4.46	7648	4000	10.37	12.59	True	236.8	211.5	12.7
1710	30	2	0.5	gelu	120	40	0.001261	1.01	1.03	3.55	4602	4000	10.42	12.35	True	305.2	272.9	18.47
1712	15	1	0.5	gelu	120	40	0.001029	1	2.02	3.98	5478	4000	10.48	12.79	True	368.3	319.9	27.42
1711	28	1	0.5	gelu	120	40	0.001117	1.03	1.66	2.58	5277	4000	10.37	12.48	True	241.7	205	19.46
1713	31	3	0.5	gelu	120	40	0.001164	1.22	1	3.58	6158	4000	10.47	12.62	True	1260	1131	82.15
1714	26	1	0.5	gelu	120	40	0.0008187	1.77	2.08	4.67	7303	4000	10.65	14.03	True	204.7	174.7	14.3
1715	27	2	0.5	gelu	120	40	0.0008428	1.24	2.47	3.23	8128	4000	10.44	12.44	True	262.1	226.5	17.42
1717	26	3	0.5	gelu	120	40	0.0007946	1.23	1.43	4.86	7838	3000	10.31	12.25	True	868.4	741.6	80.8
1716	28	1	0.5	gelu	120	40	0.0008473	1.12	1.43	4.22	7733	4000	10.37	12.42	True	547.3	480.1	41.85
1718	28	1	0.5	gelu	120	40	0.001325	1.05	1.24	4.6	5388	4000	10.24	12.11	True	263.6	202	36.69
1719	29	1	0.5	gelu	120	40	0.001286	1.1	1.25	2.63	4713	4000	10.18	12.27	True	248	199.9	27.95
1720	17	1	0.5	relu	120	40	0.00112	1.25	1.67	4.84	3120	4000	10.39	12.39	True	349.8	284.5	37.01
1721	19	1	0.5	gelu	120	40	0.0008964	1.54	2.94	4.8	4633	4000	10.37	12.31	True	471.8	423.2	27.29
1722	32	1	0.5	gelu	120	40	0.001279	1.15	1.03	3.08	5118	4000	10.22	12.3	True	363.7	315.2	30.42
1723	32	3	0.5	gelu	120	40	0.001351	1.08	1.13	2.68	5229	4000	10.28	12.15	True	312.3	248.6	37.42
1724	30	1	0.5	gelu	120	40	0.001398	1.03	1.05	3.76	5649	4000	10.29	12.52	True	225.3	196	16.24
1725	17	1	0.5	gelu	120	40	0.0008455	1.42	2.75	4.59	4906	4000	10.33	12.37	True	644.9	544.9	60.71
1726	18	1	0.5	gelu	120	40	0.0008949	1.43	1.57	4.22	3902	4000	10.23	12.17	True	510.9	408.1	64.27
1727	28	3	0.5	gelu	120	40	0.001266	1.02	1.21	2.75	5571	4000	10.45	12.82	True	357.9	315.2	22.83
1728	23	2	0.5	elu	20	40	0.00114	2.66	1.47	4.36	9574	4000	18.15	16.29	True	281	210.5	21.69
1730	25	1	0.5	gelu	120	40	0.0008441	1.67	2.29	4.1	7297	4000	10.16	12.17	True	329.1	293.2	20.54
1729	17	1	0.5	gelu	120	40	0.0008981	1.35	3.31	4.96	5427	4000	10.21	12.14	True	330	290.2	22.67
1731	21	1	2.0	gelu	120	40	0.0007436	1.1	1.96	4.83	6817	4000	10.73	13.12	True	400.1	367.3	19.85
1732	27	1	0.5	gelu	120	40	0.0009903	1.39	2.6	3.67	7056	4000	10.63	12.73	True	315.9	275.2	20.73
1733	26	2	0.5	gelu	120	40	0.0009854	1.14	2.77	2.88	7331	4000	10.37	12.35	True	608.7	539.1	44.23
1734	27	2	0.5	gelu	120	40	0.0008491	1.18	2.73	3.91	7483	4000	10.31	12.18	True	237.2	186.9	27.81
1735	17	1	0.5	gelu	120	40	0.0009403	1.25	2.9	4.22	5805	4000	10.4	12.61	True	386.7	338.4	26.4
1736	21	1	0.5	relu	120	40	0.0009116	1.47	1.85	4.96	3004	4000	10.41	12.5	True	287.5	244.4	24.02
1737	16	1	0.5	gelu	120	40	0.0008179	1.18	3.1	4.73	3074	4000	10.51	12.52	True	212.9	187.4	12.99
1738	24	2	0.5	elu	120	40	0.001193	2.08	1.58	4.65	9952	4000	10.28	12.65	True	435.9	378.9	34.58
1739	30	3	0.5	gelu	120	40	0.001598	1.04	1.09	3.2	5490	4000	10.49	12.97	True	400.9	304.2	51.57
1740	20	1	0.5	relu	120	40	0.001034	1.2	1.57	4.81	4410	4000	10.46	12.68	True	517.2	419.4	53.26
1741	23	2	0.5	gelu	120	40	0.001311	1.1	1.5	3.16	5902	4000	10.19	12.17	True	301.3	262.9	21.23
1742	19	1	0.5	gelu	120	40	0.0008714	1.16	2.88	4.34	3901	4000	10.32	12.28	True	202.7	164.9	17.27
1743	21	2	0.5	gelu	120	40	0.00111	1.04	1.17	3.9	6123	3000	10.22	11.99	True	315.4	279	19.13
1745	18	1	0.5	relu	120	40	0.001162	1.15	1.99	4.55	3676	4000	10.42	12.88	True	400.4	329.6	40.87
1744	17	1	0.5	gelu	120	40	0.001101	1.15	3.38	4.83	3546	4000	10.4	12.29	True	248.8	217.9	15.68
1746	16	2	0.5	gelu	120	40	0.0008705	1.02	1.82	4.96	7394	4000	10.77	13.05	True	507.6	464	27.82
1747	26	1	0.5	gelu	120	40	0.0009463	2.24	2.2	4.51	6883	4000	10.45	12.47	True	320.3	278.7	24.15
1748	17	1	0.5	gelu	120	40	0.0009844	1.52	2.72	4.91	3191	4000	10.34	12.31	True	349.2	305.5	25.35
1749	20	1	0.5	gelu	120	40	0.0007265	1.13	1.44	4.27	4158	4000	10.38	12.72	True	248.9	221.4	14.84
1750	27	1	0.5	gelu	120	40	0.000893	1.7	2.53	4.89	6552	4000	10.11	12.07	True	369.8	339.8	18.52
1751	25	1	0.5	gelu	120	40	0.0009664	1.26	2.54	3.92	7463	4000	10.45	12.5	True	221.3	191.5	14.34
1752	28	1	0.5	gelu	120	40	0.001072	1.99	2.44	4.31	6199	4000	10.25	12.27	True	344	310.7	18.42
1753	30	1	0.5	gelu	120	40	0.001218	1.04	1.03	3.02	5713	4000	10.12	12.24	True	186.7	163.8	11.34
1754	17	1	0.5	gelu	120	40	0.0007889	1.17	3.05	4.93	4085	4000	10.31	12.33	True	200.4	164	16.9
1755	27	1	0.5	gelu	120	160	0.001038	1.72	2.2	3.89	6801	4000	10.4	12.9	True	315.1	264.9	29.23
1756	16	1	0.5	gelu	120	80	0.0008493	1.35	3.09	4.57	3712	4000	10.17	12.14	True	344.4	306.5	21.46
1758	22	2	0.5	elu	120	40	0.0009363	2.08	1.83	4.89	9824	4000	10.4	12.43	True	377.3	329.6	26.62
1757	28	1	0.5	gelu	120	40	0.001031	1.06	1.2	4.09	4750	4000	10.3	11.88	True	261.4	230.6	15.94
1759	22	1	0.5	gelu	120	40	0.000735	1.36	1.8	4.59	7818	4000	10.36	12.08	True	440.9	406.6	22.5
1760	29	1	0.5	gelu	120	40	0.00122	1.01	1.03	2.66	5547	4000	10.16	12.16	True	220.4	189.7	15.88
1761	28	3	0.5	gelu	120	40	0.001035	1.21	1.32	4.48	7958	4000	10.17	12.15	True	436.5	349	54.46
1762	26	1	0.5	gelu	120	40	0.001007	1.96	2.8	4.96	6772	4000	10.31	12.07	True	281.1	244.5	20.05
1763	31	1	0.5	gelu	120	40	0.001294	1.08	1.11	3.27	6394	4000	10.4	12.56	True	268.7	238.7	17.4
1764	18	1	0.5	relu	120	40	0.000964	1.02	1.56	4.57	3452	4000	10.34	12.5	True	208.2	180.6	12.99
1765	31	3	0.5	gelu	120	40	0.001179	1.28	1.05	3.45	5026	4000	11.17	13.81	True	850.4	766.3	51.23
1766	29	1	0.5	gelu	120	40	0.001183	1.04	1.09	3.03	6140	4000	10.4	12.5	True	290	255.6	16.72
1767	22	2	0.5	gelu	120	40	0.00102	1.26	2.41	3.02	7758	4000	10.28	12.42	True	1139	1014	82.12
1768	21	1	1.0	gelu	120	40	0.0009986	1.17	1.67	4.91	3430	4000	10.74	14.46	True	194.5	169.8	11.44
1769	31	1	0.5	gelu	120	40	0.001147	1.03	1.08	2.88	5273	4000	10.39	12.21	True	295.8	258.2	21.08
1770	27	1	0.5	gelu	120	40	0.0008243	1.34	2.21	4.36	7193	4000	10.25	12.05	True	409	371.9	22.12
1771	28	2	2.0	gelu	120	40	0.0009695	1.27	1.53	4.91	6977	4000	10.41	12.62	True	244.6	210.7	18.45
1772	21	1	0.5	gelu	120	40	0.0006335	1.03	2.09	4.36	7480	4000	10.33	12.45	True	190.4	168.9	10.42
1773	27	1	0.5	gelu	120	40	0.001097	2.06	1.76	4.63	6732	4000	10.38	12.2	True	429.2	300.8	80.3
1774	17	1	0.5	gelu	120	40	0.001215	1.23	1.44	4.85	5376	2000	10.25	12.11	True	323.4	268.2	28.54
1775	27	1	0.5	gelu	120	40	0.0008919	2.23	2.39	4.37	7728	4000	11.43	14.37	True	235.3	188.8	22.6
1776	20	1	0.5	elu	120	40	0.001535	1.81	2.25	4.81	6815	4000	10.33	12.24	True	477.9	419.7	34.47
1777	16	1	0.5	gelu	120	40	0.001009	1.19	2.2	4.33	6144	2000	10.81	13.33	True	252.4	218.1	14.2
1778	29	1	0.5	gelu	120	40	0.0008508	1.27	1.15	4.79	7201	4000	10.89	15.06	True	211.8	182.7	13.84
1779	20	3	0.5	elu	120	40	0.0009072	1.47	1.66	4.34	6870	4000	10.26	12.07	True	334.7	294	21.12
1781	17	2	0.5	gelu	120	40	0.001246	1.31	1.85	4.12	6844	4000	10.56	12.55	True	2228	1950	183.9
1780	31	1	0.5	relu	120	40	0.001258	1.05	1.1	2.77	5726	4000	10.08	12	True	205.2	171	19.21
1782	31	2	0.5	gelu	120	40	0.001209	1.21	1.08	3.19	6453	4000	10.13	12.1	True	210.5	183.5	13.77
1783	18	1	0.5	gelu	120	40	0.0009009	1.35	2.38	4.54	2474	4000	10.36	12.96	True	269.1	227.6	18.32
1784	25	1	0.5	gelu	120	40	0.001082	1.55	2.4	4.46	6895	4000	10.24	12.34	True	201.1	168.7	16.09
1785	25	3	0.5	gelu	120	40	0.0009028	1.17	2.47	4.2	7195	4000	10.1	11.91	True	357	307.8	27.99
1786	23	2	0.5	elu	120	40	0.001131	2.12	1.34	4.84	8572	4000	10.59	12.95	True	520.6	457.9	37.59
1787	19	1	0.5	gelu	120	40	0.0009922	1.03	1.71	4.99	7466	4000	10.38	12.29	True	321.7	268	31.05
1788	20	1	0.5	gelu	120	40	0.0008923	1.12	1.8	4.99	6236	4000	10.44	12.4	True	223.9	189.7	14.05
1790	18	1	0.5	gelu	120	40	0.001162	1.59	2.5	4.92	6926	500	10.32	12.59	True	1007	838.9	103.2
1789	29	1	0.5	gelu	120	40	0.001129	1.27	1.14	2.7	5896	4000	10.4	12.57	True	194	170.8	10.66
1791	17	3	0.5	elu	120	40	0.001024	1.38	1.71	4.8	8435	4000	10.55	12.83	True	387.9	329.4	31.93
1792	26	1	0.5	gelu	120	40	0.001045	1.05	2.37	4.4	6973	4000	10.25	12.21	True	405.5	365.7	24.45
1793	22	1	0.5	gelu	120	40	0.0008841	1.18	1.27	4.61	3615	4000	10.16	13.18	True	236	197	18.26
1794	26	3	0.5	gelu	120	40	0.0009057	1.18	1.93	4.85	6951	4000	10.39	12.38	True	353.5	306.5	25.7
1795	29	1	0.5	gelu	120	40	0.00121	1.12	1.08	3.25	5542	4000	10.94	14.91	True	260.9	195.1	38.58
1796	28	1	0.5	gelu	120	40	0.001123	1.23	1.9	3.81	6899	4000	10.38	12.38	True	234.6	204.9	13.49
1797	26	1	0.5	gelu	120	40	0.0009322	1.07	2.54	4.88	7139	4000	10.24	12.27	True	228	197.8	16.64
1798	21	2	0.5	gelu	120	40	0.0009227	1.18	1.4	2.9	5710	4000	10.29	12.26	True	233.8	204	15.57
1799	28	1	0.5	gelu	120	40	0.001113	1.04	1.41	4.61	4928	4000	10.16	12.22	True	199.2	169.7	14.6
1800	16	1	0.5	gelu	120	40	0.0008142	1.44	2.53	4.66	4297	4000	10.24	12.59	True	336.9	296.6	23.09
1801	31	3	0.5	gelu	120	40	0.001182	1.3	1.08	2.96	6588	4000	10.27	12.11	True	505.4	445.1	37.62
1802	15	1	0.5	gelu	120	40	0.0009851	1.11	2.19	4.92	7143	4000	10.68	12.83	True	189.6	160.3	12.35
1803	30	2	0.5	gelu	120	40	0.001139	1.07	1.04	3.05	5369	1000	10.22	11.89	True	436.7	379.9	36.02
1804	24	2	0.5	elu	120	40	0.001014	2.24	1.61	4.47	9947	4000	10.4	12.36	True	331.3	293.3	17.93
1805	23	2	0.5	gelu	120	40	0.0009209	1.06	2.44	3.64	7675	4000	10.57	12.95	True	388.5	273.1	70.29
1806	19	1	0.5	relu	120	160	0.001091	1.12	1.56	4.55	3603	4000	10.41	12.56	True	656.2	565.3	46.22
1807	27	1	0.5	gelu	120	40	0.001004	1.19	1.48	4.54	6791	4000	10.35	12.02	True	216.3	163	28.16
1808	29	1	0.5	gelu	120	40	0.001201	1.2	1.05	3.82	5472	4000	10.33	12.56	True	270.9	239.5	16.76
1809	20	1	0.5	gelu	120	40	0.0006191	1.19	2.14	4.57	6904	4000	10.3	12.57	True	332	240.8	55.19
1810	28	2	0.5	gelu	120	40	0.001181	1.01	1.82	3.28	5616	4000	10.97	13.77	True	306.6	270.3	19.61
1811	23	1	0.5	gelu	120	40	0.0006135	1.33	2.18	4.38	7003	4000	10.66	12.74	True	746.4	653.3	53.67
1812	28	1	0.5	gelu	120	40	0.001048	2.77	2.44	3.93	6884	4000	10.42	12.39	True	273.7	238.5	20.21
1813	20	1	0.5	gelu	120	40	0.0005655	1.28	1.82	4.4	9160	4000	10.38	12.28	True	387	350.9	21.41
1814	19	1	0.5	gelu	120	40	0.0008961	1.21	2.04	4.65	6722	1000	10.31	11.95	True	8425	6975	798.4
1815	21	1	0.5	gelu	120	40	0.000962	1.09	2.16	4.98	5289	3000	10.33	12.3	True	228.6	198	15.18
1816	25	2	0.5	gelu	120	40	0.001085	1.3	2.48	3.97	7929	4000	10.34	12.06	True	759.4	616.3	94.73
1817	27	1	0.5	gelu	80	40	0.001064	1.23	2.07	4.42	7480	4000	10.13	12.17	True	300.9	262	22.14
1818	16	1	0.5	gelu	120	40	0.0009298	1.13	1.83	3.79	5748	4000	10.17	12.03	True	211.7	178.5	17.22
1819	20	1	0.5	gelu	120	40	0.0007496	1.12	1.68	4.3	3689	4000	10.34	12.53	True	409.9	364.3	25.5
1821	28	1	0.5	gelu	120	40	0.001155	1.2	1.06	2.38	5094	4000	10.35	12.32	True	299.1	249.4	28.25
1820	26	1	0.5	gelu	120	40	0.0008508	1.33	1.28	4.55	6737	4000	10.3	12.3	True	404.1	350.6	31.65
1822	28	2	0.5	gelu	120	40	0.0009365	1.07	3.11	2.92	7836	4000	10.39	12.62	True	294	262.3	17.99
1823	22	1	0.5	gelu	120	40	0.0007378	1.22	2.46	4.81	6976	4000	10.55	12.15	True	191.4	163	13.97
1825	28	1	0.5	gelu	120	40	0.001084	1.88	1.93	4.04	6544	4000	10.7	12.69	True	276.3	233.7	22.28
1824	31	1	0.5	elu	120	40	0.00143	1.1	1.11	3.22	5878	4000	10.35	12.27	True	214.7	186.3	15.79
1827	17	1	0.5	gelu	120	40	0.0008737	1.32	3.19	4.51	2358	4000	10.68	12.84	True	196.1	171.4	11.63
1826	27	1	0.5	gelu	120	40	0.001147	1.03	1.21	2.77	5409	4000	10.03	12.01	True	176.7	156.7	10.37
1828	20	2	0.5	gelu	120	40	0.0009814	1.27	2.95	3.44	7764	4000	10.28	12.1	True	352.2	308.2	23.85
1829	17	1	0.5	gelu	80	40	0.0009215	1.39	3.03	4.84	4279	4000	11.27	14.34	True	281.8	239.3	23.09
1830	27	1	0.5	gelu	120	40	0.0009677	1.76	2.08	4.6	6197	4000	10.32	12.37	True	260.3	231.3	13.9
1831	19	1	0.5	gelu	120	40	0.0008351	1.47	2.77	4.98	5925	4000	10.23	12.39	True	216.7	187.7	15.78
1832	19	2	0.5	gelu	120	40	0.00124	1.18	1.66	3.97	6408	4000	10.28	12.12	True	348.7	300.8	24.68
1833	18	3	0.5	gelu	120	40	0.001276	1.01	2.06	4.33	6983	4000	10.42	12.46	True	244.3	210.2	16.41
1834	19	1	0.5	relu	120	80	0.0009665	1.52	1.32	4.54	3718	4000	10.55	12.98	True	589.5	502	50.69
1836	15	1	0.5	gelu	120	40	0.0007601	1.1	2.89	4.85	5728	4000	10.25	12.46	True	361.6	315.2	26.45
1835	26	3	0.5	elu	120	40	0.001124	1.13	1.73	4.31	7106	4000	10.09	11.99	True	248.5	217.3	16.52
1837	27	1	0.5	gelu	120	40	0.001126	1.02	1.06	3.3	5067	4000	10.59	13.04	True	323.7	239.3	52.13
1838	28	1	0.5	gelu	120	40	0.0009617	1	1.09	3.1	4830	4000	10.4	12.51	True	179.7	151.3	15.01
1839	18	1	0.5	relu	120	40	0.0008564	1.23	1.95	4.67	4577	4000	10.39	12.82	True	321.2	281.7	22.47
1840	29	1	0.5	gelu	120	40	0.0009146	1.02	1.28	3.27	3446	4000	10.24	12.02	True	224.8	194.4	17.44
1841	29	1	0.5	gelu	120	40	0.001067	2.05	2.59	4.9	7203	4000	10.5	12.44	True	228.7	195.7	14.57
1842	28	1	0.5	gelu	120	40	0.001301	1.15	1.34	2.8	5682	4000	10.51	12.59	True	226.9	198.2	15.34
1843	27	1	0.5	gelu	120	40	0.001012	1.06	1.24	2.5	4942	4000	10.49	12.93	True	208.6	171.5	20.97
1844	26	1	0.5	gelu	120	40	0.001035	1.01	2.58	3.64	7817	4000	10.52	12.76	True	214.2	165.3	29.41
1845	28	1	0.5	gelu	120	40	0.0009355	1.02	1.12	3.18	5102	4000	10.24	12.2	True	441.1	341.8	55.3
1846	25	1	0.5	gelu	120	40	0.0008112	1.18	2.32	3.35	7990	4000	10.44	12.63	True	222.1	196.9	12.63
1847	27	1	0.5	gelu	120	40	0.001097	2.38	2.41	4.8	7856	4000	10.55	13.06	True	288.8	216.9	41.85
1848	20	2	0.5	gelu	120	40	0.001005	1.19	2.31	4.89	4565	4000	10.28	12.17	True	256.4	225.8	16.13
1849	25	1	0.5	gelu	120	40	0.0009291	1.19	1.86	4.79	7773	4000	10.42	12.17	True	231.6	199.1	15.68
1850	19	2	0.5	gelu	120	40	0.001098	1.3	2.24	4.12	5158	4000	10.53	12.43	True	183.4	155.1	13.7
1851	27	1	0.5	gelu	120	40	0.0008801	2	2.58	4.98	7249	4000	10.44	12.8	True	474.5	402.5	39.36
1853	19	3	0.5	gelu	120	40	0.001156	1.24	2.7	4.34	4852	4000	10.18	12.22	True	356.2	291.6	38.65
1852	28	1	0.5	gelu	120	80	0.0009318	1.17	1.19	3.11	4401	4000	10.86	13.21	True	467.3	422.6	25.44
1855	20	3	0.5	gelu	120	40	0.001169	1.42	2.38	4.18	5123	4000	10.51	12.71	True	2425	2025	245.2
1854	16	1	0.5	gelu	120	40	0.0008658	1.17	3.79	4.98	3903	4000	10.53	12.74	True	403.4	358.8	23.52
1856	25	1	0.5	gelu	120	40	0.001167	1.12	1.08	3.11	5836	4000	10.33	12.27	True	237.5	206	15.14
1857	27	1	0.5	gelu	120	40	0.001177	1.1	1.31	2.53	5346	4000	10.29	12.37	True	437.9	358.8	49.02
1858	29	1	0.5	gelu	120	40	0.001159	1.14	1.14	4.55	4922	4000	10.19	12.2	True	298.2	254.1	26.46
1859	28	1	0.5	gelu	120	40	0.001147	1.05	1.18	2.55	6019	4000	10.31	12.09	True	209.8	174.5	18.27
1860	27	1	0.5	gelu	120	40	0.001181	1.12	1.05	2.84	5576	4000	10.16	12.1	True	206.1	169.9	18.45
1861	27	1	0.5	gelu	120	40	0.00114	1.06	1.47	3.91	4671	4000	10.21	12.21	True	250.3	215.5	17.8
1862	18	1	0.5	gelu	120	40	0.001095	1.26	1.32	4.52	6682	4000	10.22	12.51	True	774	661.8	71.53
1863	28	1	0.5	gelu	120	40	0.0009945	1.04	1.08	2.71	4259	4000	10.29	12.03	True	220.1	191.2	15.68
1864	27	1	0.5	gelu	120	40	0.0009686	1.06	1.42	2.92	5322	4000	10.6	12.76	True	351	312.9	23.27
1865	25	1	0.5	gelu	120	40	0.001104	1.17	1.12	2.45	5296	4000	10.18	12.08	True	387.8	307	49.43
1866	26	1	0.5	gelu	120	40	0.001094	1.88	2.13	4.1	6099	4000	10.43	12.4	True	343.6	307	20.34
1867	15	1	0.5	gelu	120	40	0.0007869	1.33	2.49	4.83	5420	4000	10.68	12.92	True	327.2	292.8	19.99
1868	20	1	0.5	gelu	120	40	0.001229	1.74	2.14	4.52	6581	500	10.23	12.36	True	7161	6280	474.5
1869	16	1	0.5	gelu	120	40	0.000752	1.12	2.01	4.3	9604	4000	10.26	12.29	True	329.5	284.3	25.45
1870	17	1	0.5	gelu	120	40	0.0008298	1.79	2.88	4.71	3871	4000	10.77	13.26	True	385.1	341.3	25.53
1871	27	1	0.5	gelu	120	40	0.00105	1.06	1.09	2.85	4981	4000	10.22	12.3	True	228.8	205.3	12.29
1872	18	3	0.5	gelu	120	40	0.001179	1.34	2.11	3.6	5625	4000	10.15	12.26	True	348.6	302	27.08
1873	28	1	0.5	gelu	120	40	0.00138	1.09	1.06	2.88	5037	4000	10.21	11.96	True	321.8	288.1	19.11
1874	27	1	0.5	gelu	120	40	0.001026	1.05	1.29	3.05	6221	4000	10.18	12.09	True	259.3	220.1	20.87
1876	19	2	0.5	gelu	120	40	0.001087	1.42	1.97	4.15	5698	4000	10.22	11.91	True	711.7	611	67.63
1875	26	1	0.5	gelu	120	40	0.0008897	1.13	1.11	2.94	4029	4000	10.54	12.6	True	2852	2519	208.7
1877	23	2	0.5	elu	120	40	0.001022	2.79	1.64	4.73	8240	4000	10.52	12.68	True	1318	1173	86.54
1878	30	1	0.5	gelu	120	40	0.0009235	1.01	1.22	2.9	4786	4000	10.29	12.39	True	269.9	240.5	17.03
1879	18	1	0.5	gelu	120	40	0.0009182	1.09	2.69	4.52	5415	4000	10.47	12.62	True	415.7	377.2	23.98
1881	18	1	0.5	relu	40	40	0.001043	1.2	1.78	4.84	3615	4000	10.69	12.84	True	417.6	310.5	20.57
1880	16	1	0.5	gelu	120	40	0.0006618	1.2	2.07	4.79	5880	4000	10.62	12.91	True	443.6	396.4	28.13
1883	27	2	0.5	gelu	120	40	0.001279	1.03	1.36	3.2	5763	500	10.11	11.77	True	5518	4911	364.8
1882	19	2	0.5	gelu	120	40	0.001117	1.49	2.69	4.06	5890	4000	10.09	11.85	True	354.2	311	24.5
1884	19	1	0.5	relu	120	40	0.0009466	1.57	1.97	4.22	3173	4000	10.58	12.73	True	481.5	412.4	43.4
1885	29	1	0.5	gelu	120	40	0.001099	1.12	1.05	3.08	3843	4000	10.31	12.15	True	239.7	214.4	12.63
1886	22	3	0.5	gelu	120	40	0.00127	1.13	1.33	3.91	5589	4000	10.19	11.92	True	311.8	268.8	21.52
1887	23	2	0.5	elu	120	40	0.00119	2.58	1.4	4.96	8189	4000	10.12	12.09	True	407.4	350.6	33.29
1888	27	1	0.5	gelu	120	40	0.001003	1.56	2.06	4.85	7793	4000	10.37	12.34	True	274.5	244	16.99
1889	27	1	0.5	gelu	20	40	0.001219	1.04	1.15	2.68	4809	4000	3.011e+07	9.403e+04	True	396.1	213.9	13.32
1890	19	3	0.5	gelu	120	40	0.001115	1.18	2.19	4.28	5000	4000	10.57	12.83	True	291.1	245.5	22.42
1891	21	1	0.5	gelu	120	40	0.0006652	1.15	1.51	4.88	6715	4000	10.26	12.38	True	427	327.4	60.32
1892	20	1	0.5	gelu	120	40	0.0008523	1.29	2.32	4.32	4505	4000	10.42	12.84	True	320.9	292.6	16.29
1893	27	1	0.5	gelu	120	40	0.001008	2.1	2.76	4.41	7347	4000	10.51	12.81	True	405.6	364	25.21
1894	17	1	0.5	gelu	120	40	0.0009275	1.16	3.51	4.92	4685	4000	10.31	12.28	True	218.4	184.4	16.87
1895	28	1	0.5	gelu	120	40	0.0009219	1.6	2.44	4.21	7776	4000	10.2	11.88	True	251.3	225.4	14.42
1896	20	1	0.5	relu	120	40	0.0009859	1.22	1.86	4.21	3186	4000	10.49	12.74	True	189.3	155.5	17.45
1897	20	1	0.5	gelu	120	40	0.0008946	1.07	1.76	4.62	4113	4000	10.19	12.15	True	294.5	259.9	17.31
1898	25	1	0.5	gelu	120	40	0.001338	1.07	1.11	2.42	5475	4000	10.09	12.22	True	190.1	169.7	10.54
1899	21	1	0.5	gelu	120	40	0.001408	1.02	1.3	3.28	6024	4000	10.08	12.09	True	316.3	268.4	28.17
1900	29	2	0.5	gelu	120	160	0.00137	1.01	1.41	3.53	5921	4000	10.48	13.11	True	378.1	328.8	30.22
1901	26	1	0.5	gelu	120	40	0.0006672	1.23	2.11	4.76	7464	4000	10.4	13.05	True	179.1	152.9	12.27
1903	27	1	0.5	gelu	20	40	0.000817	1.38	1.8	4.92	7698	4000	16.7	19.24	True	208.8	160.9	13.99
1902	31	3	0.5	gelu	120	40	0.001061	1.24	1.27	3.66	5222	4000	10.6	13.73	True	269.4	237.7	16.41
1904	18	2	2.0	gelu	120	40	0.001053	1.19	2.29	4.01	5519	4000	10.62	12.79	True	241.7	210.8	14.68
1905	26	1	0.5	gelu	20	40	0.0006741	1.12	2	4.52	7776	4000	23.51	23.26	True	305.8	197.5	39.16
1907	22	1	0.5	gelu	120	40	0.0008046	1.42	1.18	4.61	3955	4000	10.25	12.05	True	364.6	318.5	26.04
1906	26	1	0.5	gelu	120	40	0.0006365	1.47	2.08	4.68	7286	4000	10.37	12.54	True	255.5	227.2	14.96
1908	27	1	0.5	gelu	120	40	0.0006814	1.17	1.78	4.86	8161	4000	10.33	12.29	True	210.8	171.7	21.07
1909	28	1	0.5	gelu	120	40	0.0008393	1.04	1.22	3.18	5644	4000	10.52	12.72	True	357.8	312.9	20.94
1910	27	1	0.5	gelu	120	40	0.001003	1.12	2.42	4.93	8166	4000	10.31	12.07	True	229.1	194.5	18.27
1911	19	2	0.5	gelu	120	40	0.001221	1.4	2.59	3.6	5165	4000	10.25	12.37	True	218.1	190.1	12.97
1912	26	1	0.5	gelu	120	40	0.000621	1.24	2.37	4.94	8147	1500	10.3	12.25	True	650.2	581.7	41.88
1913	20	2	0.5	gelu	120	40	0.0008363	1.24	1.27	4.63	4078	4000	10.43	12.41	True	641.6	464	109.9
1915	20	2	0.5	elu	120	40	0.00111	2.29	1.39	4.57	8170	4000	10.26	12.24	True	473.2	412.4	34.78
1914	28	1	0.5	gelu	120	40	0.0005909	1.11	2.16	4.49	7745	4000	10.32	12.44	True	225.5	195.8	14.97
1917	18	2	0.5	gelu	120	40	0.001092	1.43	2.29	4.26	4610	4000	10.53	12.51	True	1.019e+04	8431	617.7
1916	25	1	0.5	gelu	120	40	0.0012	1.07	1.28	2.74	5390	2000	10.32	12.13	True	352.6	306.4	27.68
1918	19	2	1.0	gelu	120	40	0.001045	1.02	2.11	4.82	7795	4000	10.27	12.12	True	187.2	153.9	16.79
1919	25	1	0.5	gelu	120	40	0.0005831	1.1	1.88	4.02	6716	4000	10.44	12.55	True	287.2	248.5	18.41
1920	28	2	0.5	gelu	120	40	0.00101	1.26	2.71	4.02	6910	4000	10.31	12.25	True	211.5	180.8	15.84
1921	27	3	0.5	gelu	120	40	0.000826	1.07	1.77	4.85	7942	4000	10.17	12.09	True	243.2	210.7	17.42
1922	21	1	1.0	gelu	120	40	0.001191	1.61	2.25	4.42	6919	4000	10.38	12.18	True	241.1	211.9	16.02
1924	20	2	0.5	elu	120	40	0.001008	2.58	1.53	4.15	8985	4000	10.55	12.79	True	1339	1179	103.2
1923	27	3	0.5	gelu	120	40	0.0008832	1.28	1.87	4.51	7938	3000	10.49	12.8	True	246.9	215.7	16.82
1926	19	2	0.5	gelu	120	40	0.001106	1.16	2.66	4.31	5122	4000	10.38	12.18	True	250.9	220	17.12
1925	25	1	0.5	gelu	120	40	0.0009833	1.39	2.28	3.89	6811	4000	10.36	12.53	True	194.7	157.9	20.18
1927	18	2	0.5	gelu	120	40	0.0009565	1.34	2.6	3.88	5406	4000	10.28	12.74	True	484.5	436.6	29.94
1928	27	1	0.5	gelu	120	160	0.000996	1.24	1.09	2.81	4456	4000	10.26	12.37	True	282.4	241	20.62
1929	19	2	0.5	gelu	120	40	0.0009696	1.14	1.99	4.12	4372	4000	10.2	12.3	True	321.5	281.7	21.2
1930	19	2	0.5	gelu	120	40	0.001149	1.39	2.35	4.44	5383	4000	10.11	12.2	True	275.9	223.8	28.52
1931	26	1	0.5	gelu	120	40	0.001402	1	1.04	3.02	5645	4000	10.25	11.99	True	249	211.4	19.28
1932	27	3	0.5	gelu	120	40	0.001042	1.14	1.69	4.34	8231	4000	10.18	11.88	True	305	253.5	26.66
1933	20	2	0.5	gelu	120	40	0.001025	1.36	2.38	3.62	4986	4000	10.26	12.38	True	398.9	339.4	33.35
1934	25	1	0.5	gelu	120	40	0.0006813	1.19	2.4	4.41	7119	4000	10.57	12.93	True	327.3	269.7	27.68
1935	18	2	0.5	gelu	120	40	0.00103	1.25	1.87	3.76	4772	4000	10.39	12.39	True	358.2	266.4	51.74
1936	27	1	0.5	gelu	120	40	0.000869	1.31	1.96	4.93	7045	4000	10.42	12.27	True	317.4	287.9	16.01
1937	28	2	0.5	gelu	120	40	0.001235	1.18	1.54	3.91	5332	4000	10.33	12.42	True	195	169.6	13.07
1938	19	2	0.5	gelu	120	40	0.001192	1.08	1.86	3.73	5221	4000	10.08	11.64	True	256.8	221.6	18
1940	20	2	0.5	gelu	120	40	0.000922	1.38	2.27	4.26	4924	4000	10.53	12.71	True	3731	3354	257.5
1939	25	1	2.0	gelu	120	40	0.0006083	1.28	2.02	4.94	7434	4000	10.21	13.75	True	237	180.5	28.46
1942	14	1	0.5	gelu	120	40	0.0008274	1.24	2.38	4.84	3583	4000	10.55	12.68	True	373.3	320.6	29.48
1941	27	1	0.5	gelu	120	160	0.0006487	1.32	2.07	4.69	7829	4000	11.37	14.9	True	298.8	249.6	27.54
1943	20	1	0.5	gelu	120	40	0.0007808	1.37	1.82	4.9	8172	4000	10.5	12.64	True	264.3	222.8	21.33
1944	28	1	0.5	gelu	120	40	0.001157	1.73	2.41	3.91	7502	4000	10.46	12.29	True	241	201	21.36
1945	24	2	0.5	elu	120	40	0.001032	2.28	1.33	4.93	7305	4000	10.24	12.68	True	252.4	214.4	21.42
1946	18	1	0.5	relu	120	40	0.0009733	1.18	1.32	4.26	3444	4000	10.55	12.61	True	315.6	270.4	21.72
1947	28	1	0.5	gelu	120	160	0.0009706	1.05	1	3.82	4981	4000	10.76	13.69	True	426.1	361.8	31.64
1948	26	1	0.5	gelu	120	40	0.0006253	1.25	2	4.04	7551	4000	10.27	12.2	True	448.6	395.4	31.23
1949	23	1	0.5	gelu	120	40	0.0008431	1.4	1.42	4.93	4286	4000	10.37	12.44	True	296.3	257	21.32
1950	31	1	0.5	gelu	120	40	0.001293	1.31	1.08	3.7	5286	4000	11.01	13.52	True	209	183.3	13.36
1951	25	1	0.5	gelu	120	40	0.001106	1.72	1.87	4.69	7363	4000	10.28	12.46	True	247.2	216.7	15.48
1952	25	1	0.5	gelu	120	40	0.001007	1.08	1.27	2.53	5937	4000	10.39	12.35	True	284.5	250.7	19.45
1953	27	1	0.5	gelu	120	40	0.0009784	1.46	3.07	4.67	6664	4000	10.55	12.79	True	224.4	195.1	15.86
1954	30	1	0.5	gelu	120	40	0.001518	1.02	1.43	3.14	5190	4000	10.43	12.81	True	276.8	245.4	17.7
1955	25	1	0.5	gelu	120	40	0.0007681	1.39	2.55	4.31	7716	4000	10.68	13.09	True	392	355.1	21.18
1956	26	1	2.0	gelu	120	40	0.0006954	1.01	1.85	4.8	7489	4000	10.21	12.15	True	294.4	258.3	22.15
1957	28	1	0.5	gelu	120	40	0.0009916	2.03	2.74	3.7	6891	4000	10.4	12.53	True	263.2	232.9	16.78
1958	27	1	0.5	gelu	120	40	0.0008189	2.35	2.11	4.79	6612	4000	10.54	14.45	True	231.7	194.4	19.46
1959	26	1	0.5	gelu	120	40	0.001266	1.11	1.55	2.45	5571	4000	10.21	12.01	True	414.6	365.2	28.14
1960	19	2	0.5	gelu	120	40	0.0009924	1.06	2.31	3.83	5046	4000	10.29	12.19	True	282.3	232.2	24.79
1961	13	2	0.5	elu	120	40	0.001095	1.83	1.6	4.25	9283	4000	10.2	12.11	True	547.7	498.8	32.15
1962	25	2	0.5	gelu	120	40	0.0008917	1.04	2.35	3.26	7823	4000	10.36	12.57	True	211.8	175.2	19.35
1963	29	1	0.5	gelu	120	40	0.001037	1.06	1.07	2.83	3226	4000	10.5	12.97	True	404.7	358.2	27.24
1964	28	1	0.5	gelu	120	40	0.001002	1.01	1.01	2.7	5569	1000	10.18	12.43	True	994.9	904.1	58.21
1965	28	1	0.5	gelu	120	40	0.001123	2.4	2.2	4.3	6495	4000	10.27	12.56	True	411.5	364.8	27.78
1966	27	1	0.5	gelu	120	40	0.001128	1.09	1.33	3.18	5128	4000	10.73	12.79	True	224.9	195.1	14.99
1967	26	1	0.5	gelu	120	40	0.000716	1.49	1.72	4.38	7125	4000	10.48	12.65	True	199.2	170.3	13.16
1968	20	2	0.5	gelu	120	40	0.0009383	1.29	2.2	4.18	5649	4000	10.55	12.74	True	710.5	648.7	40.68
1969	18	3	0.5	gelu	120	40	0.0009207	1.24	1.22	4.33	3657	4000	10.37	12.38	True	1814	1542	162.8
1970	26	1	0.5	gelu	80	40	0.001008	1.67	2.76	4.49	7158	4000	10.33	12.77	True	583.2	501.9	53.48
1971	15	1	0.5	gelu	120	40	0.0008214	1.01	2.74	4.89	5013	4000	10.23	12.14	True	213.2	187.6	13.01
1972	29	1	0.5	gelu	120	40	0.0008257	1.1	1.24	3.4	4721	4000	10.18	12.12	True	316	269.4	26.85
1973	20	2	0.5	gelu	120	40	0.001245	1.12	2.25	3.91	5452	4000	10.25	12.01	True	829.2	723.4	72.88
1974	24	1	0.5	gelu	120	80	0.0007544	1.23	2.03	4.65	7944	4000	10.35	12.54	True	431.4	383.1	27.05
1975	32	3	0.5	gelu	120	40	0.001234	1.04	1.05	3.07	6002	4000	10.53	12.8	True	550.7	480.7	43.31
1976	27	1	0.5	gelu	120	40	0.0009141	1.15	1.98	4.59	8313	4000	10.05	12.16	True	254.7	212	22.07
1977	17	1	0.5	gelu	120	40	0.001276	1.23	1.54	4.07	7257	4000	10.3	12.02	True	201.5	170.5	16
1978	19	1	0.5	relu	120	40	0.000902	1.2	1.83	3.59	3303	4000	10.37	12.37	True	227.3	195.2	15.8
1979	31	2	0.5	gelu	120	40	0.001209	1.01	1.63	3.12	5854	4000	10.21	12.01	True	326	280.1	25.23
1980	26	1	0.5	gelu	120	40	0.0005779	1.22	2.19	4.45	7081	4000	10.48	12.29	True	178.7	151.9	11.56
1981	25	2	0.5	gelu	120	40	0.0009693	1.06	2.49	4.24	8037	4000	10.38	12.64	True	281.2	223.6	34.66
1982	17	1	0.5	gelu	120	40	0.0008829	1.92	3	4.49	4480	4000	10.56	12.67	True	389.8	337.7	30.81
1983	27	1	0.5	gelu	120	40	0.0005923	1.38	2.47	4.85	7492	4000	10.43	12.48	True	419.8	358.2	36.36
1984	24	2	0.5	gelu	120	40	0.0006057	1.08	2.2	4.51	7469	4000	10.19	12.03	True	375	311.5	38.34
1985	17	1	0.5	gelu	120	40	0.0007875	1.47	2.36	4.79	3501	4000	10.62	12.79	True	7903	7016	554.1
1986	27	1	0.5	gelu	120	40	0.0009503	1.16	1.15	2.86	5594	4000	10.44	12.68	True	219.8	184.7	18.48
1987	25	1	0.5	gelu	120	40	0.0007765	1.19	2.25	4.85	6971	4000	10.12	12.01	True	186.2	161.7	11.19
1988	28	1	0.5	gelu	120	40	0.001068	1.03	1.04	3.11	4455	4000	10.24	12.16	True	276.8	239.8	21.39
1989	20	1	0.5	gelu	120	40	0.0009556	1.18	2.5	4.99	5474	4000	10.62	12.81	True	202.8	170.4	14.61
1990	15	1	0.5	gelu	120	40	0.0006834	1.19	1.71	4.46	9120	4000	10.29	12.22	True	320.7	280.3	22.57
1991	20	1	0.5	gelu	120	40	0.001083	1.45	2.33	3.95	5208	4000	10.24	12.11	True	457.3	378.7	48.64
1992	27	2	0.5	gelu	120	40	0.001024	1.24	2.59	2.79	7903	4000	10.25	12.15	True	315.7	260.6	32.76
1993	14	1	0.5	gelu	120	40	0.0007199	1.09	1.88	4.93	7721	4000	10.25	12.26	True	319.1	286.2	16.96
1994	29	1	0.5	gelu	120	40	0.001113	1.11	1.27	2.29	5558	4000	10.26	12.39	True	233.2	195.6	19.62
1995	19	1	0.5	relu	120	40	0.001029	1.15	1.22	4.92	3746	4000	10.26	12.1	True	321	277.7	23.39
1996	28	3	0.5	gelu	120	40	0.0006175	1.15	1.85	3.99	6826	4000	10.15	11.92	True	607	517.3	57.18
1997	17	3	0.5	gelu	120	40	0.001164	1.34	2.32	4.13	5394	4000	10.24	12.14	True	358.6	290.7	36.98
1998	18	1	0.5	relu	120	40	0.000999	1.31	1.71	4.43	4311	4000	10.25	12.41	True	755.3	670.2	52.59
1999	21	2	0.5	elu	120	40	0.001034	1.9	1.53	4.39	6062	4000	10.34	12.09	True	419.5	361.4	36.29
2000	20	1	0.5	gelu	120	40	0.0008414	1.43	2.05	4.6	5056	4000	10.36	12.08	True	284.8	244.4	20.5
2001	26	1	0.5	gelu	120	40	0.0005672	1.05	2.05	4.72	7180	4000	10.57	13.08	True	716.7	647.7	38.89
2002	17	1	0.5	gelu	120	40	0.0008244	1.07	1.47	4.31	3562	4000	10.41	12.39	True	600.1	510.9	48.16
2003	28	1	0.5	gelu	120	40	0.0006398	1.07	1.7	4.1	7309	4000	10.26	12.12	True	211.9	184.8	12.99
2004	26	1	0.5	gelu	120	40	0.0005664	1.19	2.53	4.41	7189	4000	10.26	12.01	True	299.6	262.4	22.29
2005	28	2	0.5	gelu	120	40	0.001293	1.19	1.39	4.12	5993	4000	10.39	12.35	True	301.8	255.4	27.15
2006	28	2	0.5	gelu	120	40	0.0005297	1.18	2.34	4.66	7572	4000	10.28	13.23	True	220.5	181.6	17.19
2007	27	1	0.5	gelu	120	40	0.0008907	1.72	1.78	4.31	6756	4000	10.2	12.23	True	204.2	176.5	14.65
2008	18	3	0.5	gelu	120	40	0.001015	1.47	2.34	3.65	5123	4000	10.76	13.22	True	346.9	281.6	39.76
2009	29	1	0.5	gelu	120	40	0.0005942	1.26	2.04	4.87	7277	4000	10.29	12.14	True	213.3	183.9	11.44
2010	19	1	0.5	gelu	120	40	0.00113	1.2	1.54	4.15	6310	3000	10.15	11.62	True	195.1	170.2	13.18
2012	20	3	0.5	gelu	120	40	0.000948	1.25	2.39	3.58	5170	4000	10.32	12.39	True	1031	913	77.46
2011	20	2	0.5	gelu	120	40	0.001061	1.47	2.16	4.92	5017	4000	10.18	12.11	True	386.6	343.2	25.11
2013	26	2	0.5	gelu	120	40	0.0007544	1.11	1.96	4.4	7405	2000	10.32	12.47	True	200.8	173.3	12.25
2014	20	2	0.5	elu	120	40	0.00099	2.37	1.53	4.05	7819	4000	10.25	12.1	True	986	913	45.54
2015	19	3	0.5	gelu	120	40	0.001028	1.52	2.22	4.48	4944	4000	10.53	12.77	True	724.8	656.2	45.83
2016	28	1	0.5	gelu	120	40	0.0009365	1.08	1.04	3.68	4121	4000	10.2	11.98	True	300.1	267.1	18.28
2017	20	2	0.5	gelu	120	40	0.001044	1.41	1.92	3.86	4830	4000	10.12	12.07	True	275.1	238.8	19.63
2018	29	1	0.5	gelu	120	40	0.000954	1.17	1.4	2.9	3981	4000	10.21	12.41	True	348.1	305.1	25.1
2019	26	1	0.5	gelu	120	40	0.001131	1.12	1.58	2.75	4800	4000	10.14	11.99	True	210.6	184.6	12.84
2021	30	1	0.5	gelu	40	40	0.001114	1.17	1.32	2.84	5488	4000	9.979	10.13	True	236.4	202.1	17.03
2020	27	3	0.5	gelu	120	40	0.001037	1.14	1.22	2.98	4698	4000	10.59	12.91	True	277.8	241.1	18.89
2023	21	1	2.0	gelu	120	40	0.001095	1.37	2.28	4.61	5859	4000	10.33	12.25	True	239.9	190.6	25.76
2022	29	1	0.5	gelu	120	40	0.001236	1.02	1.37	3.06	5789	1500	10.45	12.5	True	215.8	182.6	15.38
2025	28	1	0.5	gelu	120	40	0.0008828	1.07	1.07	2.59	4853	4000	10.22	12.05	True	235.6	207.5	13.73
2024	28	3	0.5	gelu	120	40	0.001153	1.03	1.03	2.98	5255	1500	10.17	11.75	True	328.8	289.5	22.74
2027	18	1	0.5	gelu	120	40	0.0009206	1.07	2.92	3.87	5148	4000	10.32	12.44	True	242.3	202.6	21.34
2026	25	2	0.5	relu	120	40	0.001086	2.62	1.64	4.79	9568	4000	9.971	13.12	True	202.9	173.8	13.68
2028	19	2	0.5	gelu	120	40	0.001241	1.27	2.12	4.8	4972	4000	10.35	12.36	True	387.7	340.7	25.98
2029	20	1	0.5	gelu	120	40	0.0009231	1.18	1.25	3.88	3644	4000	10.29	12.25	True	396.9	344	29.07
2031	16	1	0.5	gelu	120	40	0.0009151	1.21	2.49	4.24	5068	3000	10.34	12.55	True	197	166.8	12.16
2030	28	1	0.5	gelu	120	40	0.0005264	1.31	2.15	4.33	7126	4000	10.25	12.08	True	438.9	385.5	33.27
2032	22	2	0.5	elu	120	40	0.001112	2.31	1.59	3.75	8664	4000	10.5	12.6	True	203	175.3	14.22
2033	26	1	0.5	gelu	120	80	0.0007976	1.43	1.95	4.66	7421	4000	10.16	12.15	True	371.9	324.5	25.12
2034	18	1	0.5	relu	120	40	0.001089	1.07	1.53	4.31	4237	3000	10.16	12.37	True	542.1	479.5	40.83
2035	29	2	0.5	gelu	120	40	0.001122	1.03	1.29	3.63	4945	4000	10.32	12.27	True	294.4	256.1	20.37
2036	27	2	0.5	elu	120	40	0.0009328	1.03	2.76	3.82	7663	4000	10.29	12.11	True	202.4	174.3	14.59
2037	19	1	0.5	gelu	40	160	0.001455	1.53	2.27	4.86	6831	4000	11.79	15.45	True	283.8	247.1	17.7
2038	31	1	0.5	gelu	120	40	0.0005794	1.3	2.36	4.35	6887	4000	10.33	12.14	True	292.3	250	22.63
2039	30	1	0.5	gelu	120	40	0.0008689	1.01	1.09	3.74	6034	4000	10.25	12.13	True	232.8	199.6	16.38
2040	16	1	0.5	gelu	120	40	0.0009566	1.19	1.81	4.82	5068	2000	10.39	12.51	True	297	261.5	18.24
2042	18	1	0.5	gelu	120	40	0.0009878	1.84	2.86	4.84	3689	4000	10.38	12.4	True	462.7	411.4	30.54
2041	26	1	0.5	gelu	120	40	0.0005564	1.29	2.13	4.97	7908	4000	10.26	12.35	True	213.4	180.4	15.5
2044	19	1	0.5	relu	120	40	0.001116	1.03	1.29	4.63	3073	4000	10.08	11.87	True	401.6	352.5	26.35
2043	27	2	0.5	gelu	120	40	0.000568	1.07	1.73	4.9	7566	4000	10.39	12.36	True	231.6	190.2	17.45
2046	26	2	0.5	gelu	20	40	0.0008871	1.21	2.22	4.38	7084	4000	15.58	18.78	True	302.6	210.5	15.98
2045	32	1	0.5	gelu	120	40	0.0006336	1.19	2	4.32	7326	4000	10.2	12.16	True	200	174.4	12.47
2047	27	2	0.5	gelu	120	40	0.0007441	1.05	2.54	4.58	7361	4000	10.45	12.7	True	206.6	171.1	19.26
2048	23	1	0.5	gelu	120	40	0.0007933	1.27	1.69	4.46	4108	4000	10.42	12.51	True	7426	6670	518.9
2049	26	2	0.5	gelu	120	40	0.0009456	1.01	2.72	3.07	8370	4000	10.38	12.66	True	305.1	272.9	17.74
2050	27	1	0.5	gelu	120	40	0.0006071	1.05	2.07	4.5	8688	4000	10.42	12.53	True	248.9	222.2	15.6
2051	20	1	0.5	gelu	120	40	0.0007005	1.16	1.81	5	9909	4000	10.5	12.26	True	198.1	168.7	14.6
2052	27	1	0.5	relu	120	40	0.001169	1	1.34	2.84	5735	4000	10.22	11.77	True	280.5	241.9	21.32
2053	24	2	0.5	gelu	120	40	0.0005301	1.28	2.28	4.7	7186	4000	10.21	12.15	True	411.6	368	24.14
2054	17	1	0.5	gelu	120	40	0.001199	1.62	1.99	4.45	7061	4000	10.25	12.5	True	481.3	427.3	31.86
2056	18	2	0.5	relu	120	40	0.001066	1.2	2.29	4.11	4896	4000	10.49	12.35	True	402.7	352.4	30.14
2055	27	1	0.5	gelu	120	40	0.0008415	1.07	1.15	3.72	5282	4000	10.43	12.43	True	179.3	153	13.5
2057	18	1	0.5	gelu	120	40	0.0008208	1.92	2.43	4.81	5077	4000	10.29	12.24	True	553.2	453.9	56.54
2058	30	3	0.5	gelu	120	40	0.001378	1.1	1.13	2.59	5790	4000	10.14	12.03	True	310.4	272.6	21.16
2059	27	1	0.5	gelu	120	40	0.0006967	1.37	2.53	4.77	7677	4000	10.32	12.17	True	198.3	171.6	13.97
2060	26	1	0.5	gelu	120	40	0.0009329	1.28	1.03	3.99	5501	4000	10.38	12.35	True	231.2	199.9	16.14
2061	28	1	0.5	gelu	120	40	0.0008959	1.01	1.24	4.13	5428	3000	10.29	12.1	True	186.6	161.9	11.64
2062	26	1	0.5	gelu	120	40	0.001086	1.37	1.08	3.05	5206	4000	10.38	12.25	True	449.7	404.5	28.05
2063	21	2	0.5	gelu	120	40	0.0009491	1.03	3.11	4.22	7905	4000	10.39	12.21	True	209.6	179.2	14.49
2064	27	1	0.5	gelu	120	40	0.0008143	1.11	1.12	4.4	5549	4000	10.33	12.35	True	292.2	239.7	27.53
2065	27	1	0.5	gelu	120	40	0.001229	1.34	1.41	2.86	5165	4000	10.44	12.54	True	299.6	266.6	16.61
2066	27	1	0.5	gelu	120	40	0.0005313	1.3	2.49	4.04	6585	4000	10.71	12.89	True	271.8	231.3	18.83
2067	30	2	0.5	gelu	120	40	0.0008564	1.22	3.13	4.35	8173	4000	10.09	12.03	True	210.2	184.6	13.76
2068	27	1	0.5	gelu	120	40	0.00111	1.23	1.46	3.17	5773	4000	10.36	12.24	True	357.2	292.2	39.31
2069	26	2	0.5	gelu	120	40	0.001168	1.02	2.57	4.63	8201	4000	10.1	11.87	True	246.9	203.4	25.17
2070	19	1	0.5	gelu	120	40	0.0007745	1.35	2.75	4.71	3235	4000	10.35	12.21	True	191.1	158.8	14.51
2071	24	2	0.5	elu	120	40	0.001174	2.22	1.51	4.54	7146	4000	10.24	12.24	True	218.2	194.7	12.4
2072	29	1	0.5	gelu	120	40	0.001408	1.01	1.22	2.99	6062	4000	10.1	11.76	True	267.2	229.3	21.66
2074	27	1	2.0	gelu	120	40	0.0007424	1.39	2.25	4.82	6994	4000	10.19	12.05	True	242.3	212.9	15.31
2073	26	1	0.5	gelu	120	40	0.0008596	1.24	1.18	3.53	5138	4000	10.31	15.12	True	191.8	163.7	13.13
2076	28	1	0.5	gelu	120	40	0.0009783	1.14	1.3	3.64	4268	4000	10.11	11.85	True	204.9	172.1	15.16
2075	31	2	0.5	elu	120	40	0.001047	2.38	1.31	4.99	9765	4000	10.26	12.23	True	335.2	297	22.82
2077	22	2	0.5	gelu	120	40	0.001025	1.25	2.33	4.35	8212	4000	10.32	12.37	True	264.6	225.3	21.3
2078	27	1	0.5	gelu	120	40	0.0006726	1.11	1.14	3.79	4704	4000	10.59	12.93	True	208.1	176.5	13.47
2079	26	1	0.5	gelu	120	40	0.0008362	1.13	1.01	3.7	5703	4000	10.3	12.11	True	181.1	152.2	15.68
2080	25	1	0.5	gelu	120	40	0.0006454	1.18	2.07	4.53	6554	4000	10.44	12.64	True	285	257	16.33
2081	26	1	0.5	gelu	120	40	0.0008035	1.11	1.37	3.74	5231	4000	10.59	12.61	True	240.4	209.6	15.81
2082	25	1	0.5	gelu	120	40	0.0008281	1.32	1.24	3.52	5890	4000	10.35	12.72	True	220.2	190.7	13.78
2083	25	2	0.5	gelu	120	40	0.0008544	1.69	1.95	4.37	7031	4000	10.15	12.08	True	334.8	299	19.77
2084	27	1	0.5	gelu	120	40	0.001028	1.01	1.12	3.36	5663	4000	10.39	12.41	True	482.4	421.4	35.85
