trial	nz	encoder_depth	width_mult	nonlin	nsteps	bs	lr	y_loss_w	x_loss_w	recon_loss_w	seed	epochs	dev_mae	test_mae	use_block_diag	cl_of	cl_tracking	cl_du
0	21	3	1.0	gelu	20	80	0.0003408	2.26	2.43	0.985	9175	1500	24.23	13.66	True	3445	2998	149.8
1	28	2	2.0	elu	20	80	0.001844	2.63	9.16	3.43	9327	1000	1.195e+04	307.3	True	284	148.7	8.477
2	18	3	2.0	elu	80	40	0.001462	16.9	15.9	0.898	5188	3000	10.38	11.67	True	2901	2604	130.9
3	10	3	2.0	gelu	120	160	0.0004947	2.9	2.01	1.56	3805	4000	11.76	10.64	True	4702	4415	214.7
4	15	1	2.0	relu	120	160	0.0003836	3.69	3.54	0.542	783	3000	11.98	10.64	True	1635	1210	222.2
5	14	3	2.0	relu	120	160	0.002814	2.58	2.01	1.63	1843	4000	11.43	11.17	True	2844	2688	106.5
7	20	2	2.0	elu	40	160	0.0005098	18.3	4.45	1.43	9108	4000	12.53	11.67	True	3182	2742	105.5
6	32	2	2.0	relu	80	160	0.0007125	16	6.62	0.925	4023	1500	12.2	11.74	True	4809	4482	186.9
8	27	1	1.0	relu	120	40	0.002916	1.73	2.03	2.18	779	3000	11.57	10.87	True	497.6	448.4	26.78
9	21	2	1.0	elu	80	40	0.0009732	11.2	1.16	3.02	484	4000	11.88	13.01	True	2377	2101	106
10	4	3	2.0	relu	80	40	0.0028	1.51	1.77	0.691	1073	500	12.08	11.38	True	1182	575.8	381.1
11	17	2	1.0	elu	20	80	0.001249	3.73	1.78	1.15	3782	1000	18.09	11.53	True	1258	791.1	50.79
12	31	1	1.0	relu	120	40	0.002862	1.47	8.84	1.87	8094	3000	11.39	12.15	True	761.8	690	31.37
13	28	2	2.0	elu	80	80	0.002129	1.57	2.3	3.24	3822	1000	11.2	11.21	True	420.3	384.8	21.43
14	27	2	2.0	elu	40	80	0.001132	1.6	11.2	1.94	7540	1000	11.44	8.749	True	347.6	269.4	18.41
15	30	1	2.0	elu	20	80	0.001643	2.89	16.8	3.65	7427	1000	14.48	13.55	True	211.6	147.9	10.44
16	21	2	2.0	elu	80	80	0.002867	1.98	12.3	4	7484	1000	12.76	13.41	True	3268	3025	137.6
17	26	2	2.0	elu	20	80	0.002049	4.9	13.7	4.54	5420	4000	22.3	18.79	True	253.8	152.5	9.748
18	31	2	2.0	elu	20	40	0.002129	1.17	5.99	4.08	8247	2000	20.21	14.46	True	490.8	205.1	9.977
19	31	2	2.0	elu	20	80	0.002186	6.3	17.6	3.97	4958	4000	35.08	28.12	True	288	154.9	9.789
20	30	1	2.0	elu	20	80	0.001916	6.52	11.8	4.47	8935	500	15.12	15.32	True	146.9	120.3	8.758
21	29	2	2.0	elu	80	80	0.002536	1.92	6.11	3.18	5178	4000	11.7	12.6	True	5508	5172	161.7
22	26	1	2.0	elu	20	80	0.001632	3.78	13.4	2.04	5163	1000	27.5	24.13	True	269.3	220.8	12.31
23	32	1	2.0	elu	80	80	0.001224	7.19	8.23	3.72	8911	500	11.87	12.17	True	4970	4664	208.7
24	29	1	2.0	elu	20	80	0.0009318	10.6	13.3	3.77	5997	500	11.91	10.61	True	261	220.4	13.31
26	27	1	2.0	elu	20	40	0.001406	3.15	17.2	4.7	9178	500	15.06	16.99	True	187	134	8.215
25	28	2	2.0	elu	20	80	0.001743	10.5	6.38	3.37	9386	1500	31.65	26.81	True	220.4	148.1	10.51
28	23	1	0.5	elu	20	80	0.001296	2.88	13	3.99	7658	500	14.75	14.92	True	414.5	364	19.37
27	26	1	2.0	elu	20	80	0.001786	2.06	10.7	3.31	5226	1000	17.18	10.33	True	247.8	136.8	8.547
30	24	1	2.0	elu	20	80	0.001872	5.96	9.54	4.1	7779	500	10.93	8.361	True	222.9	194.5	12.28
29	30	1	2.0	elu	80	80	0.001711	1.65	14.9	4.65	8090	1000	12.26	12.15	True	982.3	920.9	37.01
31	28	1	2.0	elu	20	80	0.002578	3.31	16.8	2.86	6576	2000	19.22	12.38	True	725.4	454.2	19.37
32	25	1	2.0	elu	20	80	0.001368	13	11.5	4.82	9037	4000	13.77	12.9	True	199.2	124.7	10.23
33	29	2	2.0	elu	20	40	0.00111	1.74	11.4	4.06	9536	500	14.22	11.56	True	242.7	152.1	9.546
34	31	1	1.0	elu	20	80	0.002139	8.36	19.5	3.1	8470	500	7450	1642	True	562	330	17.79
35	24	1	2.0	elu	20	40	0.001557	2.08	9.35	4.77	8435	500	15.3	9.988	True	168.7	126.2	8.361
36	24	1	2.0	elu	20	40	0.001191	3.63	19.3	3.82	8349	500	1.608e+07	1.042e+05	True	399.3	255.7	12.85
37	29	1	2.0	elu	20	40	0.001143	2.85	8.37	3.2	6236	500	4.434e+04	6904	True	394.6	257.6	9.385
38	30	1	2.0	elu	20	80	0.001644	4.38	9.33	4.08	9440	4000	28.32	16.11	True	291.2	165.3	10.16
39	26	2	2.0	elu	20	40	0.001643	2.29	12.8	4.48	7603	500	23.23	22.1	True	256.1	209.3	11.34
40	27	1	2.0	elu	20	40	0.002379	1.43	10.6	3.24	8530	500	12.46	9.651	True	157.2	123.1	8.664
41	21	1	2.0	elu	20	40	0.001267	3.62	8.5	4.39	7875	1000	2990	339.7	True	460.9	166.3	11.29
42	25	1	2.0	elu	20	80	0.0008589	13.4	9.88	4.54	7132	4000	11.94	9.761	True	303.3	251.3	15.84
43	25	1	2.0	elu	20	40	0.001645	3.06	10.7	3.45	9228	500	33.96	24.76	True	774.9	394.4	9.881
45	25	1	2.0	elu	20	80	0.001125	16.1	14.3	3.57	9357	4000	21.82	15.92	True	513.1	381	33.65
44	32	1	2.0	elu	20	40	0.00161	2.97	9.33	4.4	7671	500	9.796	10.1	True	141.7	120.2	8.444
47	29	1	2.0	elu	20	40	0.001541	1.59	13.1	4.88	9786	500	1.563e+05	2.095e+04	True	624.7	302.7	8.863
46	32	1	2.0	elu	20	40	0.002425	1.01	8.79	2.89	8911	500	30.01	16.85	True	801.8	513.8	28.63
48	30	1	2.0	elu	20	40	0.001908	4.63	7.76	4.83	6607	500	13.27	11.22	True	724.2	301.9	9.471
49	27	1	2.0	elu	20	40	0.002654	1.44	8.27	3.76	7294	500	22.74	15.9	True	425.7	266.1	9.937
50	28	1	2.0	elu	20	40	0.001779	1.25	7.63	3.46	8243	500	15.4	13.72	True	202.6	140.5	9.118
51	30	1	2.0	elu	20	40	0.001843	2.09	5.97	4.42	7565	500	345.2	65.95	True	405.3	166.9	9.517
52	24	1	2.0	elu	20	40	0.00132	1.95	7.02	4.8	7554	500	46.66	39.52	True	308.7	200	8.044
53	23	1	2.0	elu	20	40	0.001393	1.41	18.3	4.13	9320	500	56.2	33.38	True	720.6	332.1	28.54
54	29	1	1.0	elu	20	40	0.001356	3.04	10.6	4.56	8260	500	51.21	30.99	True	768.1	309.7	34.55
55	28	1	2.0	elu	20	40	0.0021	2.86	12.4	3.04	8495	500	153.9	13.88	True	658.6	327.5	12.34
57	25	1	2.0	elu	20	40	0.001822	1.77	11.8	4.9	8404	500	12.47	14.61	True	160.7	127	8.77
56	31	1	2.0	elu	20	40	0.001537	6.27	17.3	4.35	8891	500	30.09	20.98	True	446.2	224.8	9.774
58	24	1	2.0	elu	20	40	0.002637	1.61	9.9	3.37	8679	500	37.7	27.84	True	824.7	245.1	13.14
59	20	1	2.0	elu	20	40	0.001703	1.5	6.83	3.99	8900	500	30.28	24.87	True	232.3	166.6	9.217
60	29	1	2.0	elu	20	40	0.002242	3.09	9.06	2.65	7705	500	27.5	15.09	True	955.6	402.2	11.69
61	28	1	2.0	elu	20	40	0.001192	4.25	14.9	4.13	9271	4000	6.823e+07	4.086e+04	True	739	200.4	10.4
62	31	1	2.0	elu	20	40	0.001732	2.2	14.8	4.47	8898	500	13.47	9.184	True	434.2	203.5	9.806
63	29	1	2.0	elu	20	40	0.002768	1.06	11	4.08	8134	500	12.29	8.911	True	542.4	364.2	28.97
64	24	1	2.0	elu	20	40	0.001998	1.66	11.4	4.53	8095	500	16.84	18.7	True	155.4	126.8	8.661
65	31	1	2.0	elu	20	40	0.001626	2.21	10.2	3.86	6563	500	12.92	12.62	True	193.1	143.4	8.498
66	29	1	2.0	elu	20	40	0.002381	1.39	10.2	3.01	7801	500	26.38	31.75	True	756.4	343.6	19.02
67	20	1	2.0	elu	20	40	0.001888	1.98	11.1	4.85	8448	500	9.86	9.826	True	150.1	113.3	9.029
68	24	1	2.0	elu	20	40	0.001731	1.85	18.8	4.84	7180	500	17.59	15.2	True	223.8	135.7	8.085
69	24	1	2.0	elu	20	40	0.001902	1.84	13.2	4.85	8910	500	1827	215.5	True	650.2	314.6	10.62
70	24	1	2.0	elu	20	40	0.002026	2.41	15.4	3.35	7089	500	9.842	10.06	True	171.3	149.1	9.54
71	24	1	2.0	elu	20	40	0.001667	2.26	8.03	4.64	8011	500	33.12	25.84	True	303	181.4	9.92
72	25	1	2.0	elu	20	40	0.00201	1.34	17.1	3.29	9129	500	8.323e+04	1.434e+04	True	297.6	173.7	8.498
73	25	1	2.0	elu	20	40	0.001913	1.6	10.5	4.76	9490	500	10.63	10.22	True	154.3	118.9	8.639
74	25	1	2.0	elu	20	40	0.001411	2	12.4	4.99	8095	500	29.91	17.94	True	231.4	183.8	10.47
75	27	1	2.0	elu	120	40	0.001578	1.53	10.7	4.64	7946	500	11.44	11.1	True	363.7	327.9	18.51
76	22	1	2.0	elu	20	40	0.002453	1.89	11.1	3.6	9968	500	40.5	52.96	True	344.4	179.7	8.642
77	25	1	2.0	elu	20	40	0.001614	2.05	10.1	4.98	9421	500	195.9	95.12	True	434.1	182.5	9.206
78	31	1	2.0	elu	20	40	0.00138	1.43	10.3	4.67	7844	500	81.14	56.03	True	1473	873.6	9.74
79	23	1	2.0	elu	20	40	0.002681	1.47	8.77	4.59	9237	500	20.97	13.35	True	414.5	310.4	8.603
81	21	1	2.0	elu	20	40	0.00153	1.99	10.3	3.83	7745	500	15.98	8.931	True	192.5	134.6	8.75
80	31	1	2.0	elu	20	80	0.002218	10.9	13.4	4.58	9409	500	6.53e+04	2754	True	768.2	338.9	10.43
82	21	1	2.0	elu	20	40	0.002016	1.95	16.2	4.7	8737	500	13.08	9.555	True	191.9	139.9	8.332
83	25	1	2.0	elu	20	40	0.001449	1.34	12.5	4.6	8388	500	20.4	16.63	True	310.7	171.8	9.044
84	27	1	2.0	elu	20	40	0.001563	1.89	8.95	4.63	8163	500	91.99	98.15	True	308.2	175.7	8.925
85	23	1	2.0	elu	20	40	0.002475	1.08	12.3	4.55	9173	500	27.35	17.87	True	691.3	278.5	43.25
86	24	1	2.0	elu	20	40	0.001826	1.86	8.37	4.34	9432	500	40.26	20.08	True	319.8	151.4	8.042
87	27	1	2.0	elu	20	40	0.001834	2.12	12.4	4.55	9720	500	30.82	21.25	True	383.1	203.9	9.899
88	25	1	2.0	elu	20	40	0.001785	1.41	10.5	4.13	8749	500	90.58	54.75	True	1193	598.3	12.74
89	22	1	2.0	elu	20	40	0.002013	1.47	15.9	4.34	8698	500	376	201.5	True	594.8	226.4	12.58
90	24	1	2.0	elu	20	40	0.001981	1.85	8.25	4.61	8116	500	74.38	58.64	True	971.3	310.7	9.694
91	26	1	2.0	elu	20	40	0.002487	1.36	12	4.54	8202	500	29.53	14.99	True	1949	637.7	19.53
92	27	1	2.0	elu	20	40	0.001752	1.64	12	4.27	7381	500	31.91	17	True	261.3	182.5	10.77
93	24	1	2.0	elu	20	40	0.002208	1.71	10.3	4.76	9596	500	59.6	32.65	True	381.2	189.4	9.32
94	23	1	2.0	elu	20	40	0.001486	1.79	10.9	4.82	9764	500	11.75	10.72	True	166.4	141.2	10.28
95	23	1	2.0	elu	20	40	0.002164	1.13	10	4.56	8931	500	12.25	13.15	True	172.3	121.1	8.439
96	22	1	2.0	elu	20	40	0.001533	1.55	11.9	4.72	9727	500	22.44	22.48	True	173.3	136.8	8.589
97	25	1	2.0	elu	20	40	0.001356	1.59	9.29	4.49	9322	500	25.8	16.33	True	200.1	143.8	8.617
98	25	1	2.0	elu	20	40	0.002295	1.56	9.23	4.45	7864	500	61.38	45.77	True	372.8	234.2	11.65
99	26	1	2.0	elu	20	40	0.002439	1.52	10.8	3.91	9518	500	14.26	14.31	True	177.7	142.1	8.554
100	21	1	2.0	elu	20	40	0.001544	2.11	7.72	3.9	8679	500	14.66	13.1	True	145.5	114.2	9.58
101	25	1	2.0	elu	20	40	0.001439	1.62	7.13	4.05	8792	500	12.14	10.33	True	635.9	344.5	11.46
102	23	1	2.0	elu	20	40	0.001659	1.54	9.37	4.97	8038	500	15.07	10.82	True	150.4	121.5	8.857
103	22	1	2.0	elu	20	40	0.001469	1.83	12.8	4.1	9351	500	18.14	21.66	True	166.6	128.1	9.357
104	25	1	2.0	elu	20	40	0.001969	1.68	9.78	4.23	9154	500	19.87	12.44	True	223.9	174.1	9.683
105	21	1	2.0	elu	20	40	0.001977	1.71	13.2	3.56	8679	500	57	28.46	True	849	360.6	11.93
106	25	1	2.0	elu	20	40	0.002107	1.3	10.9	4.3	9032	500	6.641e+05	3.569e+05	True	241.6	158.4	8.559
107	23	1	2.0	elu	20	40	0.00193	2.15	12.9	4.16	8602	500	26.59	18.66	True	685.5	319.4	14.92
108	24	1	2.0	elu	20	40	0.001992	1.65	11.8	3.78	9393	500	3555	927.9	True	276.1	150.1	8.055
109	20	1	2.0	elu	20	40	0.001463	1.55	14.3	3.59	9062	500	11.86	8.709	True	196	166.4	10.92
110	22	1	2.0	elu	20	40	0.001395	2	7.52	4.22	8665	500	243.4	84.62	True	642.2	289.9	20.52
111	23	1	2.0	elu	20	40	0.001632	1.24	13.9	4.54	9022	500	42.55	23.15	True	463.2	219.8	8.768
112	26	1	2.0	elu	20	40	0.001688	2.08	11.8	4.97	8788	500	23.04	23.02	True	266.3	174.9	9.075
113	22	1	2.0	elu	20	40	0.001449	2.08	12.1	3.83	9704	500	17.48	17.67	True	162	135.5	9.109
114	24	1	2.0	elu	20	40	0.001618	2.31	9.52	4.42	8744	500	16	12.52	True	244.1	185.8	9.763
115	26	1	2.0	elu	20	40	0.002238	1.86	10.8	4.81	8765	500	12.82	16.89	True	219.9	147	9.526
116	22	1	2.0	elu	20	40	0.001436	1.91	11.3	4.76	9318	500	9.462	11.92	True	228.4	145.7	11.78
117	20	1	2.0	elu	20	40	0.001487	2.46	7.59	4.01	8812	500	15.38	14.45	True	180.4	132.1	10.29
118	22	1	2.0	elu	20	40	0.001797	2.04	8.29	4.71	9056	500	17.33	12.58	True	641.7	332.3	8.177
119	23	1	2.0	elu	20	40	0.001444	2.19	11.9	4.04	9802	500	14.49	11.84	True	210.9	126.9	11.25
121	20	1	2.0	elu	20	40	0.001729	1.68	11.1	4.3	9940	500	12.85	10.06	True	229.2	188.4	12.84
120	24	1	2.0	elu	20	40	0.002343	1.19	13	3.32	7961	500	18.18	17.08	True	195.7	162.3	8.666
122	25	1	2.0	elu	20	40	0.001621	1.9	11.1	4.47	9854	500	1962	812.1	True	338	183.5	9.457
123	27	1	2.0	elu	20	40	0.002098	1.58	10.7	4.93	9292	500	31.8	14.55	True	409	213.6	9.405
124	23	1	2.0	elu	20	40	0.001795	1.83	16.1	4.69	8719	500	12.05	12.46	True	258.3	201.1	11
125	22	1	2.0	elu	20	40	0.001577	1.73	8.8	4.09	9450	500	2.984e+04	1.232e+04	True	324.2	225.1	9.999
127	21	1	2.0	elu	20	40	0.001476	1.93	12.2	3.73	9019	500	17.95	12.95	True	474.1	252.8	14.18
126	25	1	2.0	elu	20	40	0.001897	2.24	10.5	4.97	9053	500	9.88	12.23	True	165.5	131.1	9.256
129	20	1	2.0	elu	20	40	0.001993	1.86	10.6	4.65	7722	500	74.48	72.3	True	266.8	166.8	9.338
128	26	1	2.0	elu	20	40	0.002074	1.74	12.9	4.15	8257	500	72.84	32.93	True	1119	426.8	17.16
130	22	1	2.0	elu	20	40	0.001484	1.68	10.7	4.85	8210	500	142.1	54.05	True	654.5	275.4	10.59
131	26	1	2.0	elu	20	40	0.001952	2.39	10.3	4.04	9040	500	8.36e+05	9.04e+04	True	248.4	151.5	9.385
132	22	1	2.0	elu	20	40	0.001444	1.96	14.8	3.58	9489	500	43.62	33.5	True	524.1	305.9	9.076
133	21	1	2.0	elu	20	40	0.001767	2.01	14.4	3.61	9643	500	28.57	21.1	True	274.2	196.9	9.323
134	23	1	2.0	elu	20	40	0.001877	1.64	9.75	4.94	9180	500	249.1	59.49	True	1385	678	13.12
135	23	1	2.0	elu	20	40	0.001478	1.76	15	4.03	9142	500	18.86	9.951	True	362.9	202.3	8.382
136	24	1	2.0	elu	20	40	0.001623	1.48	11.4	4.33	8021	500	15.52	14.52	True	252.7	197.4	10.26
137	25	1	2.0	elu	20	40	0.001751	1.6	9.73	4.62	8122	500	44.17	24.09	True	913.5	335.4	25.09
138	24	1	2.0	elu	20	40	0.002109	1.6	13	4.87	7909	500	48.89	77.2	True	489.8	324.4	11.7
139	21	1	2.0	elu	20	40	0.001974	1.81	9.86	3.96	8904	500	56.92	41.95	True	227.1	143.1	8.572
140	25	1	2.0	elu	20	40	0.001704	1.94	10.1	3.9	9321	500	6.742e+06	3.071e+05	True	429.6	326.5	8.934
141	25	1	2.0	elu	20	40	0.001987	1.49	14.8	4.22	8767	500	28.58	16.65	True	864.7	374	26.13
142	23	1	2.0	elu	20	40	0.001931	2.05	9.76	4.3	9166	500	23.28	21.36	True	173.4	131.3	8.43
143	23	1	2.0	elu	20	40	0.001391	1.65	14.7	4.09	9861	500	17.64	12.14	True	267.9	221.6	10.56
144	22	1	2.0	elu	20	40	0.001478	1.72	8.53	3.38	9772	500	59.77	37.87	True	227.8	128.5	9.259
145	23	1	2.0	elu	20	40	0.002191	1.37	10.6	4.44	8061	500	17.55	17.71	True	180.7	150.4	8.496
146	24	1	2.0	elu	20	40	0.001346	1.86	11.4	3.7	9405	500	122.4	53.39	True	524.5	195.2	9.985
147	19	1	2.0	elu	20	40	0.002	1.92	10.6	4.65	8485	500	5897	481.2	True	564	273.4	8.922
148	23	1	2.0	elu	20	40	0.001738	1.51	12.5	4.56	9230	500	34.76	34.35	True	342.6	190.1	11.86
149	26	1	2.0	elu	20	40	0.001378	1.93	9.24	4.86	8645	500	19.71	12.52	True	272.5	151.7	9.334
150	25	1	2.0	elu	20	40	0.002016	2.15	11.7	4.99	9069	500	32.91	28.81	True	526.4	286.4	48.27
151	24	1	2.0	elu	20	40	0.001516	1.35	9.19	4.96	9227	500	29.8	17.77	True	255.1	150.1	9.218
152	23	1	2.0	elu	20	40	0.002015	1.39	11	4.9	7428	500	13.23	9.693	True	173.9	127.1	8.064
153	22	1	2.0	elu	20	40	0.00136	1.68	11.1	4.21	9721	500	6.157e+06	3.692e+04	True	491.6	197	9.819
154	24	1	2.0	elu	20	40	0.002101	2.17	14.5	3.4	7409	500	27.86	23.72	True	477.8	273.5	12.01
155	20	1	2.0	elu	20	40	0.001814	2.07	11.5	4.65	9153	500	68.07	23.32	True	933.8	327	61.68
156	21	1	2.0	elu	20	40	0.001955	1.53	9.33	4.84	8308	500	13.28	11.78	True	175.5	131.1	9.289
157	23	1	2.0	elu	20	40	0.002044	1.54	12.2	4.83	9706	500	13.75	12.28	True	677.8	369.5	12.02
159	23	1	2.0	elu	20	40	0.001887	1.31	11.5	4.3	8837	500	28.24	13.58	True	542.3	331.2	11.21
158	26	1	2.0	elu	20	40	0.001899	2.69	11	4.7	9227	500	27.39	19.26	True	934.1	310.5	12.23
161	23	1	2.0	elu	20	40	0.001554	1.9	12.3	4.86	8630	500	34.38	21.48	True	1041	497.6	12.65
160	24	1	2.0	elu	20	40	0.001938	1.31	13.2	4.74	8221	500	26.45	16.18	True	626.8	235	12.72
163	20	1	2.0	elu	20	40	0.001349	1.34	11.9	4.22	9473	500	16.28	17.37	True	157.2	126.4	9.262
162	23	1	2.0	elu	20	40	0.001694	1.34	8.62	4.78	7866	500	11.92	9.321	True	162.2	124.3	8.616
164	23	1	2.0	elu	20	40	0.002616	1.71	11.2	4.71	7896	500	18.77	10.54	True	164.5	128.3	8.15
165	22	1	2.0	elu	20	40	0.001485	1.94	11.4	3.16	9615	500	42.89	21	True	252.3	155.5	9.606
166	26	1	2.0	elu	20	40	0.001928	2.02	9.1	4.98	8598	500	21.45	16.22	True	217.2	142.6	9.318
167	26	1	2.0	elu	20	40	0.001463	1.7	10.2	4.08	8010	500	21.31	11.46	True	246.8	151.6	8.936
168	21	1	2.0	elu	20	40	0.001295	1.25	13.7	3.83	9936	500	15.76	10.56	True	590.8	320.4	61.1
169	21	1	2.0	elu	20	40	0.001612	1.78	8.88	4.64	7052	500	7776	572.5	True	997.6	438.4	11.06
170	23	1	2.0	elu	20	40	0.001447	1.71	7.17	4.81	8075	500	15.26	11.37	True	924.6	423.5	31.23
171	27	1	2.0	elu	20	40	0.001755	1.39	10.2	4.07	9465	500	4.818e+04	1841	True	1166	556.1	10.31
172	20	1	2.0	elu	20	40	0.001325	1.49	12.4	4.76	9569	500	13.32	10.77	True	244.6	171.2	15.92
173	20	1	2.0	elu	20	40	0.001638	1.79	10.6	3.59	9720	500	12.87	10.45	True	765.8	279	9.297
174	20	1	2.0	elu	20	40	0.001143	1.09	11.5	4.2	9855	500	11.12	10.68	True	214.9	176.8	11.89
175	25	1	2.0	elu	20	40	0.001677	1.57	13.7	4.98	9072	500	13.24	13.11	True	187.6	139.9	9.272
176	22	1	2.0	elu	20	40	0.001789	1.67	10.5	4.68	7783	500	12.85	11.43	True	203.4	143.5	8.319
177	20	1	2.0	elu	20	40	0.001464	2.24	11.1	4.3	9617	500	13.91	17.01	True	1149	468.5	52.31
178	25	1	2.0	elu	20	40	0.001955	1.22	9.83	4.67	9928	500	9.699	10.69	True	143.4	121.1	8.343
179	24	1	2.0	elu	20	40	0.00226	2.21	11.1	4.98	8410	500	29.39	16.38	True	506.8	240.4	9.458
180	20	1	2.0	elu	20	40	0.001264	1.59	12.5	4.09	8892	500	33.39	48.55	True	370	185.2	9.596
181	23	1	2.0	elu	20	40	0.001738	1.29	9.67	4.42	9678	500	17.68	19.1	True	178.8	134.1	7.669
182	23	1	2.0	elu	20	40	0.002618	1.78	9.94	4.69	8239	500	19.95	10.56	True	219.8	179.7	10.84
183	22	1	2.0	elu	20	40	0.001258	2.41	10.8	3.71	9452	500	19.87	10.49	True	213	154.1	8.799
184	24	1	2.0	elu	20	40	0.002211	1.84	10.9	4	7278	500	17.09	13.22	True	455.4	224.6	9.999
188	19	1	2.0	elu	20	40	0.001261	1.24	11.5	4.52	9045	500	14.52	13.84	True	253.8	189.4	9.384
187	23	1	2.0	elu	20	40	0.001741	1.33	10.2	4.47	7564	500	495.8	236.6	True	182.6	137.4	9.193
189	20	1	2.0	elu	20	40	0.001901	1.89	10.6	3.97	8139	500	18.39	23.04	True	335.4	195.7	8.814
190	24	1	2.0	elu	20	40	0.001411	1.48	9.05	4.16	8115	500	20.09	12.11	True	179.7	127.6	8.274
191	26	1	2.0	elu	20	40	0.001787	1.32	9.4	4.87	9414	500	27.64	19.9	True	400.5	210.9	8.573
192	23	1	2.0	elu	20	40	0.00168	1.94	15.7	4.21	9998	500	40.23	26.97	True	506	263.8	9.3
193	23	1	2.0	elu	20	40	0.001668	2.15	10.8	3.64	9814	500	366.3	139.7	True	337	179.8	8.152
194	22	1	2.0	elu	20	40	0.002295	1.78	12.6	4.9	8412	500	18.65	12.93	True	198.4	136.3	8.944
195	22	1	2.0	elu	20	40	0.002308	2.1	10.5	4.52	8926	500	14.28	9.953	True	141.2	112.7	8.454
196	22	1	2.0	elu	20	40	0.001643	2.26	6.98	3.5	8985	500	8.998e+04	1.27e+04	True	419.3	227.8	8.511
197	21	1	2.0	elu	20	40	0.002429	2.18	9.77	4.28	8994	500	99.04	55.26	True	564.9	261.8	14.51
198	28	1	2.0	elu	20	40	0.002216	1.31	9.54	4.29	9984	500	746.1	31.36	True	1083	531.4	18.9
199	26	1	2.0	elu	20	40	0.002037	1.03	10.3	4.44	9933	500	14.15	14.12	True	181.6	141.1	7.835
200	18	1	2.0	elu	20	40	0.001485	1.31	13	3.72	9645	500	14.05	15.78	True	232.6	196.7	9.58
201	23	1	2.0	elu	20	40	0.002578	1.96	11.1	4.68	7277	500	28.96	24.47	True	552.3	245.1	10.21
202	20	1	2.0	elu	20	40	0.002252	1.77	12	4.32	8289	500	51.58	52.34	True	404	202.7	8.735
203	24	1	2.0	elu	20	40	0.001512	1.3	8.18	4.69	8431	500	10.91	10.96	True	147	112.5	8.505
204	25	1	2.0	elu	20	40	0.001897	1.98	10.8	4.68	8005	500	76.75	107.9	True	495.4	226.6	8.89
205	25	1	2.0	elu	20	40	0.002602	1.68	12.7	4.66	7863	500	1707	65.81	True	1925	790.9	9.891
206	23	1	2.0	elu	20	40	0.001789	1.58	7.61	4.61	7749	500	1.024e+05	4780	True	834.4	393	8.863
208	25	1	2.0	elu	20	40	0.001531	1.17	7.03	4.69	8220	500	3232	1117	True	216.1	156.5	8.447
207	28	1	2.0	elu	20	40	0.001904	1.66	10.3	4.3	9136	500	5.567e+09	1.349e+07	True	1378	466	9.353
209	21	1	2.0	elu	20	40	0.002276	2.67	11.7	4.82	8888	500	14.24	12.6	True	197.9	152	8.759
210	23	1	2.0	elu	20	40	0.002925	1.59	12.4	4.78	7649	500	15.74	10.78	True	146.2	125.1	8.204
212	22	1	2.0	elu	20	40	0.002339	1.72	9.53	4.39	8860	500	12.72	10.65	True	181.5	125.9	8.299
211	26	1	2.0	elu	20	40	0.001863	1.56	12.7	4.99	8511	500	209	79.28	True	1321	430.7	45.39
213	23	1	2.0	elu	20	40	0.002561	2.03	12	4.2	8202	500	13.31	12.84	True	174.2	131.3	8.003
214	23	1	2.0	elu	20	40	0.00299	1.87	12.8	4.42	7651	500	12.76	16	True	185.6	147.8	8.972
215	25	1	2.0	elu	20	40	0.001773	1.54	8.67	4.5	7480	500	10.27	9.666	True	146.2	112.7	9.015
216	26	1	2.0	elu	20	40	0.001589	2.11	10.9	4.4	8063	500	48.39	17.11	True	2112	749.3	18.25
218	20	1	2.0	elu	20	40	0.002191	2.14	12.7	4.88	8676	500	28.5	22.6	True	1311	469.9	191.5
217	29	1	2.0	elu	20	40	0.002493	1.27	11.3	3.13	8857	500	5.477e+04	3797	True	544.8	341.1	14.64
219	24	1	2.0	elu	20	40	0.002237	1.24	10.4	4.73	9577	500	22.23	22.98	True	198.7	146.2	8.323
220	24	1	2.0	elu	20	40	0.001621	1.65	9.23	4.44	7524	500	11.51	9.698	True	192.3	169.2	10.53
221	23	1	2.0	elu	20	40	0.002395	2.1	9.28	3.68	8728	500	20.12	19.02	True	181.7	146.2	10.03
222	21	1	2.0	elu	20	40	0.001599	1.45	8.3	4.8	8231	500	16.09	10.44	True	634.2	292.6	24.23
223	23	1	2.0	elu	20	40	0.001598	1.09	8.85	4.6	8228	500	18.68	12.68	True	202.5	175.5	9.428
224	23	1	2.0	elu	20	40	0.002434	1.47	12.1	4.99	8125	500	13.42	13.82	True	213.3	183.6	10.63
225	23	1	2.0	elu	20	40	0.002824	1.42	13.8	4.43	7826	500	14.69	11.11	True	718.6	430	11.54
226	26	1	2.0	elu	20	40	0.002033	1.69	9.58	4.69	9844	500	16.79	11.26	True	550.1	306.8	9.878
227	23	1	2.0	elu	20	40	0.001417	1.19	9.54	4.04	8307	500	27.86	13.99	True	1346	590.6	15.43
228	26	1	2.0	elu	20	40	0.002177	1.39	10.6	3.05	8364	500	6.536e+07	1.088e+06	True	1496	766.8	8.645
229	25	1	2.0	elu	20	40	0.001865	1.18	10.2	4.81	8606	500	17.32	11.38	True	659.3	311.1	19.39
230	21	1	2.0	elu	20	40	0.001308	1.8	15.1	4.4	9613	500	13.05	11.42	True	491	329.6	8.884
231	23	1	2.0	elu	20	40	0.001515	1.38	7.41	4.4	7608	500	511.3	44.64	True	324.6	167.8	8.887
232	21	1	2.0	elu	20	40	0.002913	2.21	12.1	4.18	8581	500	18.93	16.29	True	163.2	130.8	8.269
233	25	1	2.0	elu	20	40	0.001912	1.26	8.75	4.71	7929	500	1.048e+04	189.1	True	1093	611.8	12.76
234	29	1	2.0	elu	20	80	0.001768	7.93	11.8	4.17	9132	500	11.42	9.173	True	669.7	421.1	63.36
235	23	1	2.0	elu	20	40	0.002478	1.53	12.1	4.23	7564	500	2.774e+05	2.147e+04	True	178	127.5	9.096
236	21	1	2.0	elu	20	40	0.001441	2.14	7.61	3.47	9389	500	5.777e+05	7174	True	1352	676	9.478
237	22	1	2.0	elu	20	40	0.002982	2.06	11.8	3.84	8887	500	15.36	17.35	True	197.8	143.8	7.952
238	25	1	2.0	elu	20	40	0.00198	1.33	9.61	4.79	7108	500	27.58	25.43	True	223.6	152.1	9.999
239	23	1	2.0	elu	20	40	0.001988	1.97	11.1	4.14	8104	500	10.65	13.47	True	168.2	138.8	10.33
240	23	1	2.0	elu	20	40	0.002191	1.17	9.45	4.18	9950	500	16.27	9.476	True	164.3	123.4	9.124
241	27	1	2.0	elu	20	40	0.001732	1.47	9.25	4.33	7578	500	14.75	12.5	True	200.5	141.7	8.198
242	28	1	2.0	elu	20	40	0.002383	1.44	11.9	2.79	8496	500	12.75	11.58	True	177.6	145.4	7.705
243	26	1	2.0	elu	20	40	0.001827	1.55	8.25	4.76	7193	500	171.1	141	True	254.7	168.8	8.147
244	24	1	2.0	elu	20	40	0.001979	1.15	10.5	3.85	9974	500	10.94	12.22	True	154.4	122	8.773
245	23	1	2.0	elu	20	40	0.001423	2.31	12.1	3.95	9055	500	22.12	12.12	True	176.4	126.2	9.089
246	24	1	2.0	elu	20	40	0.002042	1.13	11.6	3.95	9377	500	64.93	242.4	True	366.1	240.6	8.719
247	22	1	2.0	elu	20	40	0.001503	1.91	13	4.85	9906	500	12.2	9.077	True	207.5	182.9	10.45
248	24	1	2.0	elu	20	40	0.001472	1.2	7.93	4.63	8833	500	12.18	12.59	True	175.2	139.5	9.051
249	23	1	2.0	elu	20	40	0.002426	1.25	8.51	4.31	9693	500	567.7	68.83	True	611.9	359.5	10.81
250	25	1	2.0	elu	20	40	0.001983	1.29	10.4	4.03	9996	500	12.25	11.78	True	208.2	167.8	9.628
251	23	1	2.0	elu	20	40	0.002025	1.07	8.66	3.99	9956	500	25.37	23.27	True	402.2	176.1	8.174
252	20	1	2.0	elu	20	40	0.001718	1.8	10.8	4.69	8322	500	12.24	10.31	True	279.2	195.2	11.47
253	24	1	2.0	elu	20	40	0.002986	1.5	12.4	4.43	7219	500	2.635e+11	2.882e+08	True	170.9	126.2	7.959
254	32	1	2.0	elu	20	40	0.001714	1.57	8.46	4.46	7491	500	15.24	11.9	True	232.5	146.7	8.961
255	23	1	2.0	elu	20	40	0.002728	1.29	10.3	4.97	7644	500	34.02	27.69	True	1418	534	11.76
256	25	1	2.0	elu	20	40	0.002247	1.22	12.5	3.63	9943	500	44.15	31.04	True	1057	546.2	19.36
257	30	1	2.0	elu	20	40	0.001713	1.39	10.6	3.77	7370	500	57.62	27.04	True	507.8	236.1	7.981
258	22	1	2.0	elu	20	40	0.002296	1.26	9.9	3.66	9951	500	165	136.3	True	962.6	429.6	11.54
259	31	1	2.0	elu	20	40	0.001692	1.16	9.32	4.12	7734	500	14.01	11.5	True	160.7	121.4	8.496
260	24	1	2.0	elu	20	40	0.002533	2.2	10.6	4.99	8987	500	18.08	12.39	True	552.4	297.1	8.459
262	24	1	2.0	elu	20	40	0.002366	1.12	10.6	4.13	9970	500	11.2	11.78	True	597.2	386.8	8.377
261	31	1	2.0	elu	20	40	0.00162	1.12	8.77	4.38	8192	500	15.53	15.57	True	157.2	127.8	8.116
263	26	1	2.0	elu	20	40	0.001833	1.14	11.1	4.65	9511	500	94.77	21.81	True	1663	732.8	8.772
264	30	1	2.0	elu	20	40	0.001525	1.16	8.55	4.43	8151	500	3843	1831	True	333.7	234.5	8.764
265	21	1	2.0	elu	20	40	0.001513	1.22	11.5	4.36	9764	500	68.28	48.42	True	231.9	150.1	9.45
266	24	1	2.0	elu	20	40	0.00186	1.6	7.52	3.91	7331	500	12.58	11.83	True	712.7	300.8	32.46
267	21	1	2.0	elu	20	40	0.002649	1.63	10.6	4.32	7893	500	41.46	26.64	True	1365	531.7	14.65
268	31	1	2.0	elu	20	40	0.001824	1.21	9.67	4.73	8126	500	16.53	14.54	True	1123	574.3	72.47
269	24	1	2.0	elu	20	40	0.001698	1.57	8.84	4.16	6778	500	40.28	50.39	True	401.2	236.9	8.393
270	21	1	2.0	elu	20	40	0.001635	2.43	8.15	3.59	8495	500	82.32	44.22	True	362.5	183.9	8.619
271	30	1	2.0	elu	20	40	0.001609	1.11	8.49	3.74	7835	500	119	104.8	True	373.6	219	9.044
272	21	1	2.0	elu	20	40	0.002727	2.14	10.2	4.04	8351	500	12.74	13.29	True	182.6	153.5	8.896
273	24	1	2.0	elu	20	40	0.002157	1.63	10.3	4.77	8472	500	17.69	14.57	True	838.6	370.8	39.13
274	23	1	2.0	elu	20	40	0.001439	1.79	10.3	4.67	9994	500	22.86	23.4	True	753.4	313	10.4
275	22	1	2.0	elu	20	40	0.002995	1.62	10	4.87	7861	500	13.48	9.952	True	237.4	172.3	15.3
276	32	1	2.0	elu	20	40	0.001789	1.79	10.6	4.13	7606	500	34.28	18.82	True	638.1	329.2	20.5
277	32	1	2.0	elu	20	40	0.001427	1.22	8.51	4.84	8029	500	5891	472.2	True	955.9	485.8	12.44
278	23	1	2.0	elu	20	40	0.001459	1.65	8.21	4.64	9981	500	14.07	12.67	True	161.5	121.5	10.41
279	23	1	2.0	elu	20	40	0.002553	1.94	14.1	4.61	7612	500	15.68	13.45	True	182.6	138.7	8.419
280	29	1	2.0	elu	20	80	0.001792	3.66	11.9	4.59	9024	500	490.5	38.33	True	972.3	421.6	11.97
281	32	1	2.0	elu	20	40	0.001924	1.27	8.35	4.14	7549	500	14.19	10.36	True	411.2	223.1	10.69
282	22	1	2.0	elu	20	40	0.001501	1.28	10.1	4.74	7944	500	1217	457	True	329.9	226.5	9.587
283	24	1	2.0	elu	20	40	0.001747	1.71	11.4	4.61	8583	500	16.78	14.33	True	1475	597.4	118.6
284	31	1	2.0	elu	20	40	0.001677	1.16	10.5	4.17	8518	500	23.92	13.89	True	918.6	398.2	8.616
285	23	1	2.0	elu	20	40	0.001914	1.1	10.9	4.46	9708	500	11.64	9.468	True	141.6	108.4	8.092
286	23	1	2.0	elu	20	40	0.001398	1.87	7.85	4.94	9454	500	18.04	14.79	True	280.3	153.6	11.26
287	22	1	2.0	elu	20	40	0.001273	1.72	7.31	4.58	9784	500	295	157.3	True	328.2	189	10.32
288	26	1	2.0	elu	20	40	0.001859	1.14	8.49	3.88	9936	500	15.2	14.75	True	210.7	137.6	8.884
289	21	1	2.0	elu	20	40	0.002622	3.02	12.6	4.25	8810	500	19.18	17.44	True	199	144.5	8.733
290	20	1	2.0	elu	20	40	0.001544	2.06	14.7	3.93	9487	500	13.84	14.42	True	209.6	179.9	8.998
291	32	1	2.0	elu	20	40	0.001806	1.26	9.05	3.82	8140	500	21.61	21.55	True	646.2	267.2	12.23
292	24	1	2.0	elu	20	40	0.001927	1.06	8.91	4.72	9761	500	91.67	13.49	True	244.8	140.3	8.822
293	24	1	2.0	elu	20	40	0.001561	1.47	8.14	4.72	8554	500	3.853e+05	1.21e+04	True	195.2	123.6	8.852
294	32	1	2.0	elu	20	40	0.001711	1	10.1	4.17	7784	500	22.18	14	True	187.5	141.4	8.908
295	19	1	2.0	elu	20	40	0.00134	1.18	11.6	4.07	9810	500	9.878	9.478	True	208.5	186.3	11.57
296	22	1	2.0	elu	20	40	0.001424	1.52	9.25	4.67	9525	500	10.12	11.83	True	164.2	143.4	8.322
297	23	1	2.0	elu	20	40	0.00163	1.68	7.31	4.45	9445	500	14.1	12.09	True	764.3	326.7	8.17
298	25	1	2.0	elu	20	40	0.001517	1.48	7.58	4.53	9590	500	6.628e+07	1.62e+06	True	1496	902.1	9.66
299	20	1	2.0	elu	20	40	0.001443	1.53	8.6	4.75	9577	500	16.13	13.74	True	1177	556.1	12.78
301	20	1	2.0	elu	20	40	0.002141	2.3	11.5	4.2	8436	500	16.59	8.777	True	318	232.7	14.45
300	24	1	2.0	elu	20	40	0.001964	1.44	9.81	4.97	9737	500	1.987e+05	5109	True	1630	826	13
303	21	1	2.0	elu	20	40	0.002021	2.51	10.6	4.4	8997	500	14.92	15.86	True	242.2	206.9	10.1
302	25	1	2.0	elu	20	40	0.001648	1.59	11	4.88	9199	500	4345	1449	True	277.2	182.1	8.266
304	22	1	2.0	elu	20	40	0.001744	1.02	9.7	4.89	9829	500	19.49	12.58	True	297.8	161.5	9.122
305	25	1	2.0	elu	20	40	0.001309	1.84	7.81	4.28	9885	500	12.64	8.249	True	182.4	147.2	10.35
307	21	1	2.0	elu	20	40	0.002094	1.04	10.9	4.31	9674	500	1.262e+08	1.314e+06	True	1795	1112	10.84
306	25	1	2.0	elu	20	40	0.001784	1.2	7.63	4.85	8513	500	16.49	15.94	True	843.8	350.7	15.93
308	22	1	0.5	elu	20	40	0.002236	2.1	9.31	4.8	8896	500	11.91	11.35	True	163.7	131	9.048
309	27	1	2.0	elu	20	40	0.001702	1.74	10.4	4.78	8538	500	6.073e+04	1127	True	932.5	306.5	12.29
310	22	1	2.0	elu	20	40	0.001498	1.35	7.87	4.68	9603	500	20.74	16.03	True	650.3	353.6	15.91
311	25	1	2.0	elu	20	40	0.001342	1.4	9.37	4.84	8316	1500	28.14	16.89	True	947.6	320.2	9.857
312	31	1	2.0	elu	20	40	0.00181	1.02	8.37	4.63	8333	500	11.94	8.595	True	187.3	126.3	9.633
313	32	1	2.0	elu	20	40	0.001481	2.29	9.54	4.64	7285	500	16.14	12.91	True	434.3	213.8	11.25
314	19	1	2.0	elu	20	40	0.00152	1.24	11.2	4.11	9075	500	18.35	18.66	True	373.6	211.8	10.39
315	24	1	2.0	elu	20	40	0.001903	1.03	11.8	4.33	9926	500	13.08	10.91	True	150.6	124.3	9.323
316	21	1	2.0	elu	20	40	0.002862	1.62	12.2	4.58	7136	500	153.9	148.4	True	435.3	215	8.272
317	22	1	0.5	elu	20	40	0.002427	1.84	8.3	4.6	8254	500	2762	495.8	True	542.1	191.6	9.998
318	32	1	2.0	elu	20	40	0.001671	2.41	10.3	4.35	7682	500	20.76	15.19	True	324.2	192.3	8.893
319	25	1	2.0	elu	20	40	0.001717	1.62	14.4	5	7985	500	1.98e+04	1790	True	527.9	174	9.137
320	23	1	2.0	elu	20	40	0.002129	1.21	12.7	4.98	9409	500	165.6	53.41	True	902	303.6	9.273
321	24	1	2.0	elu	20	40	0.00173	1.23	9.84	3.44	9984	500	12.46	11.65	True	150.6	120.4	8.964
322	23	1	2.0	elu	20	40	0.002059	1.09	12.2	4.48	9988	500	13.94	13.31	True	435	253.2	20.8
323	22	1	2.0	elu	20	40	0.001553	1.47	7.59	4.18	8581	500	15.58	15.1	True	146.9	120.4	8.145
324	31	1	2.0	elu	20	40	0.001598	1.27	9.04	4.41	7539	500	18.91	12.53	True	520.1	378.4	9.318
325	21	1	2.0	elu	20	40	0.001748	2.15	14.3	4.53	8486	500	13.97	11.38	True	288.9	216.3	9.852
326	31	1	2.0	elu	20	40	0.001652	5.57	9.22	4.34	7771	500	20.84	13.1	True	263.3	146	8.442
327	24	1	2.0	elu	20	40	0.001631	1.05	12.9	4.75	9536	500	68.91	24.64	True	1234	557.8	8.629
328	20	1	2.0	elu	20	40	0.001522	1.95	7.61	4.03	8407	500	14.49	15.1	True	140.3	107.2	9.304
329	24	1	2.0	elu	20	40	0.001679	1.23	10.1	3.41	9370	500	26.97	34.02	True	661.3	313	7.961
330	29	1	2.0	elu	20	40	0.00178	1.24	8.73	4.57	8487	500	80.79	43.02	True	725.1	313.3	16.09
331	25	1	2.0	elu	20	40	0.001732	1.42	10.9	3.08	9686	500	13.93	16.59	True	193.1	135.1	9.131
332	23	1	2.0	elu	20	40	0.002093	1.31	10.7	3.4	9406	500	17.93	14.06	True	442	205.6	8.939
333	24	1	2.0	elu	20	40	0.001606	1.15	7.65	3.45	9882	500	29.22	15.81	True	246.6	146.4	8.509
334	26	1	2.0	elu	20	40	0.001968	1.14	12.8	4.22	9902	500	23.07	18.2	True	513.1	227.6	10.05
335	28	1	2.0	elu	20	40	0.002944	1.38	11.4	3.15	8212	500	153.9	79.85	True	349.7	166.9	9.331
336	20	1	2.0	elu	20	40	0.001494	1.83	6.94	4.03	8529	500	23.52	20.13	True	158.6	122.8	10.31
337	24	1	2.0	elu	20	40	0.001764	1.22	12.5	4.09	9480	500	22.69	23.88	True	203.6	154.3	9.451
338	20	1	2.0	elu	20	40	0.001288	1.85	7.4	3.68	8486	500	24.39	20.2	True	791.9	358.6	12.59
339	24	1	2.0	elu	20	40	0.001623	1.06	10.2	4.15	9959	500	14.85	15.37	True	167.4	135.5	8.196
340	22	1	2.0	elu	20	40	0.001358	1.49	7.25	4.84	8866	500	38.46	11.97	True	614.9	319.8	23.8
341	22	1	2.0	elu	20	40	0.001343	1.39	7.44	4.03	8117	500	321.5	32.52	True	493.6	291.8	10.33
342	23	1	2.0	elu	20	40	0.001602	1.14	11.7	3.33	9983	500	26.29	19.96	True	360.9	165.4	8.832
343	32	1	2.0	elu	20	40	0.00152	1.02	7.91	4.11	7246	500	7.266e+09	2.047e+07	True	341.3	208.1	8.925
344	20	1	2.0	elu	20	40	0.001515	1.49	6.96	3.75	8408	500	3851	471.6	True	344.9	170.2	8.734
345	22	1	2.0	elu	20	40	0.001621	1.24	7.5	4.14	8147	500	33.67	25.45	True	687.4	328.4	10.59
346	24	1	2.0	elu	20	40	0.001479	1.57	10.1	4.62	8500	500	20.36	11.81	True	631	368.6	22.16
347	22	1	2.0	elu	20	40	0.001766	1.13	11.6	4.63	9544	500	13.9	12.11	True	227.8	186.3	9.372
348	25	1	2.0	elu	20	40	0.001677	1.44	12	4.62	9830	500	14.33	12.72	True	261.5	167.9	8.098
349	25	1	2.0	elu	20	40	0.002056	1.01	10.4	3.53	9531	500	47.98	31.35	True	675.1	294.3	10.04
350	22	1	2.0	elu	20	40	0.001608	1.78	7.36	4.15	7978	500	28.99	18.89	True	574.6	310.4	9.046
351	20	1	2.0	elu	20	40	0.001432	2.29	7.99	4.13	7944	500	2.209e+05	1.357e+04	True	1107	362.3	11.18
352	20	1	2.0	elu	20	40	0.001597	3.03	7.24	4.1	8475	500	15.84	9.817	True	193.7	160.1	9.545
353	20	1	2.0	elu	20	40	0.001588	1.83	7.3	4.02	8584	500	62.9	36.68	True	586.5	227.1	9.328
354	32	1	2.0	elu	20	40	0.001624	1.05	8.77	4.02	8589	500	51.08	14.86	True	1570	588.4	12.69
355	23	1	2.0	elu	20	40	0.001677	1.45	8.45	4.09	8643	500	17.48	19.22	True	1179	596.2	12.17
356	20	1	2.0	elu	20	40	0.001496	1.57	8.81	4.32	8734	500	20.36	21.73	True	173.8	139.8	8.465
357	23	1	2.0	elu	20	40	0.001849	1.14	9.39	3.28	9905	500	18.07	16.66	True	194.1	151.1	8.329
358	20	1	2.0	elu	20	40	0.001406	1.66	7.16	4.37	8374	500	103.8	27.53	True	546.9	312.4	14.5
359	25	1	2.0	elu	20	40	0.00155	1.2	10.7	2.95	9838	500	6.904e+05	1.214e+05	True	251.7	164.2	8.111
360	19	1	2.0	elu	20	40	0.001558	2.14	6.88	3.43	7918	500	66.95	39.18	True	754.4	336.2	9.765
361	26	1	2.0	elu	20	40	0.001684	1.67	7.6	4.06	7591	500	150.4	46.75	True	924	370.4	14.23
362	30	1	2.0	elu	20	40	0.001709	1.08	11.5	3.91	7485	500	326.4	72.41	True	1128	306.4	8.536
363	19	1	2.0	elu	20	40	0.001775	2.32	10.3	4.95	8435	500	12.95	10.12	True	651.3	426	35.7
364	18	1	2.0	elu	20	40	0.001651	2.1	7.64	4.64	8351	500	34.98	30.67	True	671.6	292.8	10.25
365	23	1	2.0	elu	20	40	0.001794	1.01	10.5	3.97	9413	500	21.2	10.7	True	227.8	145	8.494
366	23	1	2.0	elu	20	40	0.001496	1.52	6.64	4.09	8418	500	19.74	19.96	True	197.7	141.1	8.858
368	22	1	2.0	elu	20	40	0.001766	1.27	9.38	3.8	9996	500	64.96	54.46	True	304.6	185.5	7.878
367	30	1	2.0	elu	20	40	0.001424	1.35	9.17	3.91	8363	500	13.56	17.99	True	248.7	183	9.361
369	20	1	2.0	elu	20	40	0.001348	1.46	10.1	4.1	9376	500	27.9	39.72	True	345.4	214.6	8.917
370	30	1	2.0	elu	20	40	0.0015	1.15	10.3	3.91	7717	500	13.95	15.62	True	243.6	152.9	9.532
371	26	1	2.0	elu	20	40	0.001513	1.26	9.57	4.89	8596	500	14.37	18.09	True	164.1	131.9	9.059
372	22	1	2.0	elu	20	40	0.001606	1.25	7.24	4.34	8954	500	14.44	10.02	True	180.9	125.7	7.95
373	25	1	2.0	elu	20	40	0.002921	1.67	10.8	4.96	7517	500	4.876e+05	3.285e+04	True	715.8	374.7	8.605
374	26	1	2.0	elu	20	40	0.001712	1.67	11.7	4.08	8321	500	14.53	10.06	True	156.8	130.6	8.378
375	22	1	2.0	elu	20	40	0.002775	1.82	11.1	4.79	9128	500	18.43	16.2	True	632.3	287.9	12.46
376	22	1	2.0	elu	20	40	0.001551	1.87	6.23	3.87	8390	500	15.84	9.647	True	198	152.9	11.35
377	28	1	2.0	elu	20	40	0.001923	1.49	9.34	3.74	8980	500	98.9	178.1	True	435.9	302	10.64
378	24	1	2.0	elu	20	40	0.001807	1.01	10.6	4.87	9222	500	15.59	8.688	True	414.3	282.3	13.98
379	25	1	2.0	elu	20	40	0.001782	1.85	13.5	4.44	8157	500	12.42	11.53	True	740.3	439.9	28.14
380	31	1	2.0	elu	20	40	0.001629	1.58	10.4	4.43	7958	500	15.89	10.03	True	551.3	282	20.11
381	21	1	2.0	elu	20	40	0.001476	2.13	5.87	3.86	9093	500	13.73	11.65	True	219.2	155.2	8.476
382	22	1	2.0	elu	20	40	0.00233	2.12	12.4	4.62	9010	500	16.72	9.104	True	169.8	138.3	8.259
383	25	1	2.0	elu	20	40	0.001667	1.58	12.6	3.56	7756	500	36.29	15.97	True	282.4	175.3	8.202
385	26	1	2.0	elu	20	40	0.001866	1.64	12	4.95	9671	500	152	93.19	True	218.4	138.4	8.091
384	32	1	2.0	elu	20	40	0.001767	7.22	11.3	4.38	7790	500	14.85	16.14	True	177.4	141.6	9.451
386	26	1	2.0	elu	20	40	0.001523	1.92	13.5	3.74	8380	500	9.872	11.5	True	185.5	147.2	9.464
387	24	1	2.0	elu	20	40	0.002008	1.46	9.53	3.12	8285	500	10.51	11.03	True	214.8	179.4	9.726
388	25	1	2.0	elu	20	40	0.00204	1.35	8.82	4.35	9558	500	10.62	12.89	True	153.7	129.4	7.608
389	32	1	2.0	elu	20	40	0.001559	1.28	7.98	4.25	8063	500	12.43	13.77	True	149.7	122.4	8.44
390	24	1	2.0	elu	20	40	0.001819	1.39	10.8	4.99	7949	1500	309.8	182	True	632.3	243.8	9.653
391	31	1	2.0	elu	20	40	0.001615	1.53	8.01	3.74	8125	500	41.59	23.54	True	593.7	298.6	9.281
392	25	1	2.0	elu	20	40	0.001581	1.35	10.3	4.15	9966	500	40.87	24.41	True	429.9	215.1	8.793
393	26	1	2.0	elu	20	40	0.002162	1.39	12.1	4.64	9613	500	26.07	10.65	True	242	162.9	8.329
394	26	1	2.0	elu	20	40	0.001839	1.64	11.7	4.16	9885	500	13.7	8.715	True	173.7	150.1	9.157
395	32	1	2.0	elu	20	40	0.001746	2.03	9.04	4.24	8029	500	2.225e+12	3.331e+09	True	196.4	158.4	8.414
396	29	1	2.0	elu	20	40	0.002044	1.47	10.3	3.14	8519	500	15.98	11.22	True	198.5	146.9	9.143
397	24	1	2.0	elu	20	40	0.001595	1.37	8.82	3.89	9513	500	15.15	13.69	True	448.2	267.3	13.76
398	23	1	2.0	elu	20	40	0.001581	1.78	7.74	3.6	8649	500	44.81	30.85	True	264.4	198.4	9.783
399	25	1	2.0	elu	20	40	0.001995	1.12	8.64	4.16	9233	500	15.53	12.54	True	173.2	142.9	7.93
400	18	1	2.0	elu	20	40	0.001511	1.94	7.02	4.08	8180	500	17.3	12.14	True	241.9	167.9	8.711
402	18	1	2.0	elu	20	40	0.001572	1.91	10.9	4.46	8272	500	21.9	24.09	True	512.4	341.3	14.78
401	27	1	2.0	elu	20	40	0.001995	1.45	8.66	4.37	9584	500	1.938e+04	2093	True	420.6	264	9.437
403	25	1	2.0	elu	20	40	0.001984	1.27	12.1	3.1	9920	500	24.66	14.48	True	222.1	149.2	8.134
404	31	1	2.0	elu	20	40	0.001656	1.22	6.63	3.87	8020	500	2.999e+06	1.089e+05	True	224.5	158.3	8.849
405	27	1	2.0	elu	20	40	0.00177	1.77	13.1	4.33	8927	500	25.55	14.28	True	197.2	143.2	8.529
406	21	1	2.0	elu	20	40	0.001926	2.42	11.2	4.82	8113	500	3340	324	True	1212	571.1	25.07
407	26	1	2.0	elu	20	40	0.001735	1.47	8.46	4.47	9976	500	40.36	83.9	True	480.3	215.9	9.716
408	19	1	2.0	elu	20	40	0.001661	1.58	8.02	4.24	8140	500	9275	513.6	True	866.5	326.9	11.91
409	32	1	2.0	elu	20	40	0.001396	1.03	8.43	4.39	8480	500	14.86	10.96	True	393.2	236	8.101
410	31	1	2.0	elu	20	40	0.001427	1.13	7.27	3.69	8292	500	10.78	10.68	True	188.4	131.3	9.828
412	24	1	2.0	elu	20	40	0.002046	1.46	9.73	3.57	9931	500	20.03	22.3	True	368	231.6	11.71
411	31	1	2.0	elu	20	80	0.001919	3.22	12	4.17	8947	500	26.5	14.69	True	174	130.6	8.518
413	22	1	2.0	elu	20	40	0.001414	1.43	7.87	3.69	9174	500	16.7	9.686	True	200.9	167	9.738
414	24	1	2.0	elu	20	40	0.001813	1.02	12	3.49	9573	500	47.79	52.96	True	753.3	442.2	11.23
415	27	1	2.0	elu	20	40	0.001835	1.54	9.9	3.35	8307	500	22.46	13.04	True	194	140.9	8.635
416	27	1	2.0	elu	20	40	0.001613	1.67	10.5	4.07	8825	500	6666	318.4	True	488.2	185.9	9.79
418	24	1	2.0	elu	20	40	0.001587	1.02	13.1	3.99	9767	500	271.9	141.5	True	616.5	203.7	10.49
417	32	1	2.0	elu	20	40	0.001541	3.58	9.41	3.66	8280	500	18.47	16.91	True	147	119.3	8.731
419	22	1	2.0	elu	20	40	0.002082	1.88	12.3	4.68	7276	500	14.35	10.83	True	194.8	146.7	9.236
420	26	1	2.0	elu	20	40	0.001937	1.42	11.4	4.02	7840	500	1.333e+04	497	True	581.3	367.8	10.39
422	22	1	2.0	elu	20	40	0.002421	2.25	13.1	3.92	9218	500	25.64	22.89	True	211	152.1	9.916
421	25	1	2.0	elu	20	40	0.002207	1.38	9.24	4.28	9342	1000	22.39	24.97	True	221.9	144.4	8.052
423	23	1	2.0	elu	20	40	0.00207	1.24	7.8	4.92	9759	500	10.41	8.788	True	168	145.4	10.28
424	25	1	2.0	elu	20	40	0.002284	1.35	7.77	3.8	9829	500	5.713e+04	1824	True	360.7	191.2	7.971
425	24	1	2.0	elu	20	40	0.002023	1.17	14.5	3.81	9776	500	2.95e+04	5871	True	281	151.9	8.371
426	23	1	2.0	elu	20	40	0.002007	1.6	9.98	4	8337	500	8.322e+04	7573	True	177.2	129.7	8.291
428	23	1	2.0	elu	20	40	0.002324	1.47	11	3.41	8634	500	19.03	8.94	True	234.5	187	10.17
427	31	1	2.0	elu	20	40	0.001637	3.09	10	3.37	8475	500	34.63	28.47	True	194.5	138.2	9.321
429	32	1	2.0	elu	20	40	0.001425	1.8	9.36	4.04	8695	500	22.86	12.98	True	202.7	172.4	10.02
430	32	1	2.0	elu	20	40	0.001817	2.97	7.8	4.36	7852	500	325	26.92	True	1096	520.8	11.67
432	20	1	2.0	elu	20	40	0.00132	1.27	12.3	3.65	8930	500	196.8	131.2	True	570.8	207.1	10.33
431	32	1	2.0	elu	20	40	0.001544	5.78	9.13	3.65	8948	500	26.67	18.99	True	179	146.5	10.33
433	23	1	2.0	elu	20	40	0.002185	1.4	13.8	4.02	7928	500	3.948e+09	4.254e+07	True	211.3	126.4	9.617
434	25	1	2.0	elu	20	40	0.001853	1.5	6.55	4.58	7555	500	15.57	10.88	True	467	265.4	13.97
435	25	1	2.0	elu	20	40	0.001616	1.49	10.6	3.03	8432	500	20.71	21.24	True	383.3	274	16.27
436	25	1	2.0	elu	20	40	0.001957	1.48	8.73	3.82	8845	500	12.9	8.485	True	538.5	365.2	25.14
438	20	1	2.0	elu	20	40	0.001388	2.24	8.14	3.42	8158	500	15.77	11.48	True	421	198.7	45.3
437	26	1	2.0	elu	20	40	0.002087	1.32	7.65	4.25	9018	500	1.148e+05	1.199e+04	True	257.8	173.2	8.875
439	24	1	2.0	elu	20	40	0.001766	1.7	7.36	4.42	8407	500	17.78	15.82	True	191.4	127.3	10.17
440	32	1	2.0	elu	20	40	0.00164	1.29	6.94	4.72	8458	500	103	26.01	True	1062	527.6	9.668
441	32	1	2.0	elu	20	40	0.001375	1.14	7.2	4.22	7882	500	27.2	13.53	True	237.1	154.4	8.683
442	32	1	2.0	elu	20	40	0.001488	4.29	9.89	3.47	8303	500	13.02	8.27	True	475.9	300.3	25.53
444	20	1	2.0	elu	20	40	0.002057	1.81	11.5	4.89	9267	500	14.54	14.85	True	185.7	143.3	7.655
443	32	1	2.0	elu	20	40	0.001602	1.32	7.47	4.26	7906	4000	28.39	14.88	True	450.8	177.1	10.37
445	21	1	2.0	elu	20	40	0.001178	1.44	9.65	4.43	9092	500	56.22	59.13	True	520.1	363.9	13.62
446	32	1	2.0	elu	20	40	0.001664	3.07	10.2	4.92	7240	500	2.146e+08	5.915e+05	True	1207	635.9	10.96
447	32	1	2.0	elu	20	40	0.001489	4.14	10.2	4.37	8189	500	22.69	16.62	True	185	137.9	8.501
448	21	1	1.0	elu	20	40	0.001236	1.4	11.1	4.32	9761	500	33.56	16.99	True	273.1	167.9	9.379
450	21	1	2.0	elu	20	40	0.001338	1.79	6.01	4.14	8112	500	12.28	12	True	169.9	148.6	8.963
449	32	1	2.0	elu	20	40	0.00172	2.54	9.38	3.62	8101	500	159.9	52.67	True	517.3	265	8.452
451	24	1	2.0	elu	20	40	0.001768	1.2	6.99	4.67	9300	500	11.43	9.126	True	209.2	141.9	19
452	30	1	2.0	elu	20	80	0.001921	5.11	12.6	4.72	9366	500	16.95	10.77	True	269.8	202.3	10.19
453	19	1	2.0	elu	20	40	0.001797	1.81	13	4.87	8055	500	11.88	10.21	True	152.3	122.9	9.916
454	26	1	2.0	elu	20	40	0.001766	1.81	9.48	4.36	7556	500	13.61	12.04	True	199.8	122.9	8.09
455	21	1	2.0	elu	20	40	0.001943	1.64	13.8	4.31	8255	500	224.1	36.06	True	683	347.5	8.032
456	19	1	2.0	elu	20	40	0.001508	2.05	9.08	3.89	8658	500	20.91	13.05	True	616	448.9	35.1
457	24	1	2.0	elu	20	40	0.002203	1.66	12	4.2	7898	500	34.53	16.56	True	351.6	181.5	8.997
458	25	1	2.0	elu	40	40	0.001699	1.3	8.93	3.25	9994	500	13.53	11.56	True	250.6	213.4	9.784
459	32	1	2.0	elu	20	40	0.001527	3.71	9.17	4.25	7303	500	17.27	15.52	True	173.1	125	8.881
460	32	1	2.0	elu	20	40	0.001503	1.42	8.62	4.19	8615	500	3.041e+05	6865	True	1522	504.3	10.03
461	23	1	2.0	elu	20	40	0.001739	2.56	7.67	3.89	8721	500	16.23	16.57	True	200.5	129.2	8.465
462	18	1	2.0	elu	20	40	0.002011	1.91	12.7	4.68	8030	500	86.81	37.11	True	715.8	241.9	8.929
463	29	1	2.0	elu	20	80	0.001891	16.3	11.2	4.55	9058	500	33.15	23.2	True	206.4	162.2	10.74
464	23	1	2.0	elu	20	40	0.001751	1.66	11.6	3.86	8718	500	71.98	49.02	True	535.5	294.1	7.768
466	23	1	2.0	elu	20	40	0.001608	1.55	11.1	4.68	7075	500	18.87	10.48	True	206.9	145.4	7.879
465	32	1	2.0	elu	20	40	0.00174	2.04	9.32	4.58	7007	500	32.3	25.07	True	589.1	260.9	80.61
468	21	1	2.0	elu	20	40	0.001485	1.47	12.9	4.43	9038	500	13.15	11.42	True	154.9	120	8.662
467	31	1	2.0	elu	20	40	0.001413	2.36	7.82	3.51	8270	500	763.8	15.98	True	426.6	245.2	11.28
469	21	1	2.0	elu	20	40	0.00157	1.47	13.7	4.35	9061	500	10.96	11.97	True	148.9	121.3	8.353
470	23	1	2.0	elu	20	40	0.001296	1.5	8.08	4.88	8094	500	34.23	21.58	True	285.4	230.6	14.87
471	20	1	2.0	elu	20	40	0.001483	1.38	15.4	4.31	8984	500	32.37	18.1	True	412	220.4	9.476
472	19	1	2.0	elu	20	40	0.001446	1.72	13.4	4.64	9054	500	14.13	11.43	True	1020	413.7	8.811
473	22	1	2.0	elu	120	40	0.001361	1.64	12.9	4.6	8952	500	12	11.25	True	2494	2346	98.81
474	21	1	2.0	elu	20	40	0.002772	2.21	8.38	4.49	8643	500	13.6	13.98	True	151.7	126.9	8.883
475	20	1	2.0	elu	20	40	0.001504	1.53	13.3	4.35	8259	500	17.57	14.87	True	176.7	143.2	8.247
476	26	1	2.0	elu	20	40	0.001756	1.68	9.34	4.89	9438	500	39.55	28.63	True	863	482.8	9.207
477	19	1	2.0	elu	20	40	0.001738	1.89	13.4	4.94	7958	500	3640	965.2	True	340.1	191.1	8.164
478	22	1	2.0	elu	20	40	0.001324	1.52	11.9	4.37	8296	500	19.31	11.09	True	369.9	246.1	16.87
479	31	1	2.0	elu	20	40	0.00174	3.37	10.8	4.88	8058	500	16.41	16.87	True	216	161.6	8.707
480	21	1	2.0	elu	20	40	0.002836	2.11	9.01	4.72	8950	500	25.13	13.43	True	169.1	134.2	8.695
481	22	1	2.0	elu	20	160	0.001562	1.56	14.2	4.44	8615	500	11.24	10.96	True	244.7	205	10.63
482	18	1	2.0	elu	20	40	0.001667	1.59	12.1	4.84	7652	500	158.1	116.2	True	767	468.7	13.17
483	26	1	2.0	elu	20	40	0.001698	1.6	7.99	4.77	8363	500	24.83	26.52	True	744.9	406	8.082
484	32	1	2.0	elu	20	40	0.001472	7.13	9.1	3.32	8515	500	290.1	72.17	True	665.4	292.7	12.58
485	22	1	2.0	elu	20	40	0.002057	1.94	10.3	5	8225	500	46.92	44.55	True	285.6	180.5	7.951
486	31	1	2.0	elu	20	40	0.001678	3.78	12	4.23	8177	500	50.66	37.88	True	747.4	253.9	114.4
487	31	1	2.0	elu	20	40	0.001638	2.65	8.74	4.86	7546	500	228.7	71.06	True	1176	485.4	10.13
488	30	1	2.0	elu	20	40	0.001681	3.13	8.33	4.21	7615	500	57.08	77.2	True	305.6	177.5	9.047
489	32	1	2.0	elu	20	40	0.001453	2.59	9.19	3.75	8465	500	3.491e+04	1699	True	457	213.4	8.915
490	20	1	2.0	elu	80	40	0.001657	2.23	6.78	3.87	8221	500	11.33	10.24	True	319.1	284.7	21.32
491	24	1	2.0	elu	20	40	0.002142	1.27	8.89	4.98	9099	500	3.714e+04	336	True	461.1	186.8	8.876
492	25	1	2.0	elu	20	40	0.001927	1.33	9.6	3.1	9233	500	267.3	135	True	811.4	379.2	14.49
493	19	1	2.0	elu	20	40	0.002528	1.43	8.13	4.45	8890	500	23.58	14.41	True	332.6	176.8	9.828
494	32	1	2.0	elu	20	40	0.001466	3.39	8.25	4.17	7978	500	16.39	9.16	True	154.5	117.2	9.037
495	29	1	2.0	elu	20	40	0.001853	1.37	7.83	4.79	7410	500	42.57	61.82	True	312.1	200.4	8.177
496	21	1	2.0	elu	20	40	0.002429	2.03	10.2	4.78	8495	500	15.49	21.91	True	974.1	408.4	8.405
497	21	1	2.0	elu	20	40	0.001273	1.37	11.7	5	8945	500	26.04	10.2	True	432.5	258.8	10.34
499	23	1	2.0	elu	20	40	0.00176	1.35	6.5	4.69	8214	500	4.642e+04	8529	True	252	147.4	8.677
498	32	1	2.0	elu	20	40	0.001399	2.94	7.58	4.8	8088	4000	28.2	16.01	True	330.4	167.3	9.829
500	21	1	2.0	elu	20	40	0.002135	3.59	8.43	4.16	8595	500	1.935e+04	3122	True	261.2	186.4	8.291
501	21	1	2.0	elu	20	40	0.001705	1.19	9.14	3.91	8567	500	9.586	11.37	True	145.1	124.3	8.553
502	21	1	2.0	elu	20	40	0.001594	1.23	13.8	4.21	8343	500	59.07	106.2	True	721.6	269	8.54
503	27	1	0.5	elu	20	40	0.002073	1.25	9.58	4.74	9529	500	13.71	9.839	True	516.2	300.2	32.29
504	29	1	2.0	elu	20	40	0.001953	1.46	11.7	4.98	9987	500	6.64e+04	1.567e+04	True	314.4	155.5	8.759
505	24	1	2.0	elu	20	40	0.001616	1.55	10.1	3.54	9448	500	26.47	14.21	True	400.2	289	17.42
506	24	1	2.0	elu	20	40	0.002955	1.55	11.4	4.58	8265	500	31.78	23.89	True	777.3	416	21.08
507	32	1	2.0	elu	20	40	0.001701	2.46	9.49	4.43	8457	500	16.09	16.37	True	778.5	304.1	81.07
508	21	1	2.0	elu	20	40	0.002784	1.76	7.19	4.24	8953	500	74.47	21.41	True	461.3	204.9	8.757
509	21	1	2.0	elu	20	40	0.002989	2.15	7.62	4.71	8389	500	8.738e+08	4.764e+06	True	592.4	225.1	10.34
510	32	1	2.0	elu	20	40	0.001743	3.12	10.8	4.11	7435	500	15.89	12.85	True	206.5	149.4	8.171
511	32	1	2.0	elu	20	40	0.001417	3.27	8.2	4.05	7809	500	14.75	14.05	True	181.6	125.3	8.264
512	21	1	2.0	elu	20	40	0.001624	1.04	10.2	4.09	8192	500	4044	857.7	True	451.3	236.1	9.314
513	21	1	2.0	elu	20	40	0.002176	1.92	8.67	4.24	8184	500	67.01	40.41	True	256.6	197.2	9.806
514	22	1	2.0	elu	20	40	0.001882	1.19	13.1	3.94	9825	500	12.23	8.59	True	308.5	229.5	13.32
516	20	1	2.0	elu	20	40	0.002941	2.97	8.38	4.73	8637	500	1.684e+04	1291	True	1825	196.9	11.97
515	30	1	2.0	elu	20	40	0.001515	3.2	8.36	4.43	8270	500	23.68	13.39	True	211.7	153.7	9.334
517	21	1	2.0	elu	20	160	0.001685	1.26	9.3	4.28	8481	500	12.99	12.52	True	274.7	230.7	11.36
518	22	1	2.0	elu	20	40	0.001765	1.11	8.55	3.73	9070	500	21.39	11.87	True	247	172.4	9.929
519	21	1	2.0	elu	20	40	0.001431	1.44	6.04	3.83	9016	500	25.3	14.56	True	189.1	146.9	8.456
520	21	1	2.0	elu	20	40	0.00169	1.74	13.6	4.67	9285	500	22.3	15.2	True	660.3	315	41.26
521	21	1	2.0	elu	20	40	0.001702	1.45	10.5	4.91	8207	1000	24.93	15.61	True	772.6	414.6	9.817
522	23	1	2.0	elu	20	40	0.002766	1.74	14.5	4.99	7178	500	1473	1132	True	804.9	240	13.56
523	32	1	2.0	elu	20	80	0.002178	5.82	11	4.25	9024	500	18.2	13.7	True	709.3	318.4	9.482
524	18	1	2.0	elu	20	40	0.001612	1.75	16.4	4.51	8144	500	14.53	10.96	True	290.8	204.8	10.31
525	20	1	2.0	elu	20	40	0.001918	1.51	10.8	4.23	8331	500	11.98	11.62	True	162.3	129.5	9.392
526	32	1	2.0	elu	20	40	0.001468	4.78	8.12	3.89	8574	500	2.087e+04	5305	True	381.7	196.1	9.467
527	26	1	2.0	elu	20	40	0.002267	1.22	8.39	4.73	9727	500	422.3	409.4	True	389.3	175	8.513
528	21	1	2.0	elu	20	40	0.001715	1.39	14.4	4.64	9343	500	18.42	20.11	True	272	167.4	19.07
529	20	1	2.0	elu	20	40	0.001537	1.13	9.5	3.47	8275	500	19.88	20.23	True	252.9	182.7	8.973
530	31	1	2.0	elu	20	40	0.001383	3.22	6.61	4.3	8090	500	22.87	21.43	True	260.2	168.4	8.824
531	21	1	2.0	elu	20	40	0.001793	1.5	12.6	5	8810	500	14.37	8.975	True	153.9	118	8.387
532	19	1	2.0	elu	20	40	0.002718	1.66	7.85	4.17	8500	500	14.48	12.48	True	187.6	128.6	9.24
533	21	1	2.0	elu	20	40	0.001653	2.29	9.07	4.2	8123	500	17.07	18.05	True	1206	566.8	51.53
534	20	1	2.0	elu	20	40	0.001879	1.03	8.17	3.64	8610	500	43.15	26.41	True	477.4	269.2	10.36
535	21	1	2.0	elu	20	40	0.001808	1.13	9.43	4.26	8896	500	29.68	11.33	True	953.7	364.8	9.641
536	19	1	2.0	elu	20	40	0.001803	1.54	15.2	4.8	7440	500	12.64	11.84	True	267.1	212.6	11.48
537	31	1	2.0	elu	20	40	0.001575	6.35	9.75	3.48	7941	500	42.8	16.86	True	1114	361.1	10.66
538	22	1	2.0	elu	20	40	0.001502	1.37	14.9	3.8	9031	500	10.92	11.18	True	153.5	134.3	8.88
539	23	1	2.0	elu	20	40	0.001769	1.99	9.87	4.93	9810	500	22.33	16.52	True	741.3	360.8	9.585
540	18	1	2.0	elu	20	40	0.001829	1.46	12.4	4.91	9072	500	12.9	13.63	True	209.2	154.8	8.112
542	22	1	2.0	elu	20	40	0.001602	1.26	9.27	3.68	8830	500	11.71	12.78	True	181.5	133	9.19
541	28	1	2.0	elu	20	40	0.001591	1.32	7.15	4.77	8123	500	675.6	45.22	True	360.8	199.5	8.642
544	18	1	2.0	elu	20	40	0.001686	1.18	8.38	4.36	8774	500	45.35	40.68	True	236.2	172.6	8.603
543	22	1	2.0	elu	20	40	0.0015	1.32	13.8	3.84	9013	500	15.59	11.8	True	193.7	149.1	9.251
546	20	1	2.0	elu	20	40	0.001959	1.35	12.6	4.34	9424	500	41.92	19.86	True	374.8	190.1	8.385
545	31	1	2.0	elu	20	40	0.002027	1.85	10.5	4.84	9593	500	16.41	15.58	True	193.6	146.2	11.38
547	27	1	2.0	elu	20	80	0.001963	9.68	11.9	4.33	9142	500	30.4	27.97	True	251.3	201	11.49
548	22	1	2.0	elu	20	40	0.001265	1.32	15.9	3.69	9318	500	14.4	15.51	True	145.9	120.3	9.179
549	20	1	2.0	elu	20	40	0.001603	1.33	13.5	4.82	8658	500	11.54	10.25	True	145.6	112.6	9.657
550	24	1	2.0	elu	20	40	0.001258	1.37	15.1	3.92	9017	500	11.53	10.89	True	208.9	173.9	10.11
551	23	1	2.0	elu	20	80	0.001852	7.95	10.2	4.62	8888	500	13.51	13.28	True	461.4	299.6	18.25
552	20	1	2.0	elu	20	40	0.001534	1.5	15.5	3.67	9857	500	278.2	136.6	True	357.2	207.9	11.67
553	21	1	2.0	elu	20	40	0.001579	1.28	18	3.99	8836	500	18.87	20.55	True	218.6	180.7	8.641
554	32	1	2.0	elu	20	40	0.001539	2.67	8.26	4.14	7405	500	1626	1451	True	345.7	158.1	9.548
555	31	1	2.0	elu	20	40	0.001843	4.11	8.36	4.07	7654	500	91.55	44.71	True	704.6	329.1	20.98
556	21	1	2.0	elu	20	40	0.00195	2.42	9.29	4.91	8666	500	21.64	25.65	True	251.5	139.8	9.05
557	19	1	2.0	elu	20	40	0.001708	1.19	16.8	4.48	8734	500	18.12	11.7	True	169.1	121.9	8.511
558	20	1	2.0	elu	20	40	0.001886	1.82	14.1	4.27	7414	500	28.67	14.42	True	311.2	209.9	10.3
559	20	1	2.0	elu	20	40	0.002679	3.05	9.85	4.32	8167	500	7.262e+06	1.097e+05	True	363.7	155.2	9.492
560	20	1	2.0	elu	20	40	0.001563	1.23	15.7	4.75	8089	3000	18.94	16.86	True	231.7	188.6	9.534
561	20	1	2.0	elu	20	40	0.001706	1.12	13.2	4.58	8916	500	16.01	15.74	True	1242	634.3	71.91
562	22	1	2.0	elu	20	40	0.001324	1.39	16.3	3.6	9694	500	7899	1835	True	634.5	427.1	12.63
563	19	1	2.0	elu	20	40	0.001955	2.37	13	4.59	7733	500	22.06	13.86	True	332.2	175.2	9.54
564	23	1	2.0	elu	20	40	0.001645	1.22	17.2	3.46	9126	500	948.4	300.6	True	818.4	251	9.057
565	31	1	2.0	gelu	20	40	0.001466	3.42	9.58	3.66	7710	500	22.82	23.75	True	156.1	128.4	8.025
566	28	1	2.0	elu	20	80	0.002088	8.24	14.7	4.24	9179	500	20.68	20.52	True	240.5	204.8	11.42
567	20	1	2.0	elu	20	40	0.002537	2.21	7.39	4.06	8953	500	14.31	12.31	True	176.7	142.9	8.272
568	21	1	2.0	elu	20	40	0.001107	1.38	13.6	3.76	9707	500	14.49	11.33	True	219.2	141.1	10.28
569	22	1	2.0	elu	20	40	0.002038	1.31	8.83	4.27	9068	500	1.616e+05	2145	True	2263	385.8	11.34
570	22	1	2.0	elu	20	40	0.001368	1.43	15	3.22	8754	500	13.16	10.7	True	167	123.7	8.138
571	23	1	2.0	elu	20	40	0.001843	1.45	9.62	3.22	9587	500	1.942e+04	1479	True	515.7	208.6	7.987
572	22	1	2.0	elu	20	40	0.000994	1.22	17.7	3.84	9943	500	14.84	8.669	True	445.9	332.2	23.9
573	21	1	2.0	elu	20	40	0.001841	1.4	8.23	3.87	9006	500	13.54	14.81	True	294.5	165.4	8.666
574	22	1	2.0	elu	20	40	0.001794	2.14	7.5	3.97	9201	500	21.09	21.75	True	141	109.5	8.506
575	23	1	2.0	elu	20	40	0.001112	1.4	17.1	4.2	9034	500	11.42	10.83	True	136.6	111.1	9.142
576	21	1	2.0	elu	20	40	0.001703	2.37	8.51	4.51	9694	500	14.05	10.04	True	387.6	245	9.054
577	23	1	2.0	elu	20	40	0.001177	1.67	17.1	4.72	9093	500	16.66	16.49	True	324.3	217.5	8.918
578	24	1	2.0	elu	20	40	0.001043	1.32	16.4	4.14	9235	500	14.47	12.9	True	270	215.7	10.69
579	21	1	2.0	elu	20	40	0.001672	2.07	6.32	4.23	9650	500	50.81	59.29	True	338.7	193.2	9.551
580	22	1	2.0	elu	20	40	0.001948	2.02	7.02	4.22	9186	500	20.93	18.36	True	334.9	170.9	8.478
581	18	1	2.0	elu	20	40	0.001952	1.22	9.5	4.55	9818	500	36.63	59.23	True	543.1	327.9	9.423
582	20	1	2.0	elu	20	40	0.002653	3.26	7.74	4.05	8563	500	1845	567.8	True	528.3	254.7	12.24
583	22	1	2.0	elu	20	40	0.001699	2.18	8.23	4.06	8970	500	14.88	14.94	True	205.2	140.3	8.6
584	21	1	2.0	elu	20	40	0.001062	1.41	17.3	3.7	9265	500	43.86	19.52	True	322.9	157.6	9.819
586	20	1	2.0	elu	20	40	0.00143	1.21	8.02	4.56	8558	500	28.56	14.06	True	255.9	149.9	9.075
585	32	1	2.0	elu	20	40	0.001356	3.23	9.31	4.69	7609	500	21.91	17.43	True	808.6	326	11.08
587	21	1	2.0	elu	20	40	0.001859	1.91	6.76	4.11	8272	500	17.07	10.22	True	892.2	393.2	29.16
588	22	1	2.0	elu	20	80	0.001	1.4	16.1	3.93	8572	500	12.82	12.08	True	222.4	192.3	11
589	22	1	2.0	elu	20	40	0.002234	2.46	9.75	4.92	9175	500	14.87	9.208	True	175.9	146.5	8.344
590	24	1	2.0	elu	20	40	0.001751	2.2	7.56	3.59	9258	500	42.25	18.92	True	2393	1217	10.91
591	21	1	2.0	elu	20	40	0.001221	2.28	7.74	3.9	8715	500	75.96	11.82	True	495.4	257.7	10.43
592	23	1	2.0	elu	20	40	0.0009354	1.08	16.2	3.95	8996	500	86.78	40.15	True	757.6	367.6	12.02
593	23	1	2.0	elu	20	40	0.001141	1.38	15.1	3.43	9294	500	20.58	18.75	True	294.5	180.9	9.065
594	21	1	2.0	elu	20	40	0.001699	1.79	8.79	3.74	8017	500	14.59	17.07	True	168.2	135.2	7.948
595	22	1	2.0	elu	20	40	0.002027	2.17	8.15	3.67	9342	500	1.018e+04	958.7	True	610	234.9	9.737
596	24	1	2.0	elu	20	40	0.0009357	1.49	19.3	4.01	8859	500	12.99	11.91	True	214.5	160.4	9.147
598	19	1	2.0	elu	20	40	0.001945	1.4	13.4	4.49	7935	500	2.214e+04	3952	True	263	132.1	9.527
597	32	1	2.0	elu	20	40	0.001457	1.14	10.3	4.63	9824	500	13.12	11.64	True	158.8	116.5	8.066
600	21	1	2.0	elu	20	40	0.001267	1.17	17.9	4.2	9113	500	22.95	16.95	True	471.8	306.8	16.29
599	30	1	2.0	elu	20	40	0.00215	1.33	9.7	4.79	9731	500	5.012e+04	4948	True	315.5	161.4	8.115
601	22	1	2.0	elu	20	40	0.001547	1.5	18.2	3.87	9664	500	14.78	12.16	True	492.1	261	10.19
602	22	1	2.0	elu	20	40	0.002632	1.34	9.39	4.8	9961	500	23.43	17.73	True	143.6	118.5	8.069
603	22	1	2.0	elu	20	40	0.001166	1.64	19.7	4.01	8905	500	15.65	11.62	True	267.1	215.8	11.28
604	25	1	2.0	elu	20	40	0.001216	1.2	8.37	4.33	8377	500	13.32	11.24	True	672.1	299.4	81.97
605	28	1	2.0	elu	20	80	0.001794	3.29	10.3	4.19	8598	500	33.89	22.32	True	466.3	307.7	19.86
606	23	1	2.0	elu	20	40	0.001355	1.28	14	4.31	8274	500	10.93	12.07	True	166.8	118.9	10.01
607	22	1	2.0	elu	20	40	0.001477	1.19	14.9	3.4	9386	500	18.04	23.9	True	412.9	254.8	10.24
608	22	1	2.0	elu	20	40	0.001392	1.31	5.82	4.35	8482	500	29.87	21.87	True	751.4	265.7	10.47
609	21	1	2.0	elu	20	40	0.002416	1.23	11.5	4.4	9722	500	41.14	50.82	True	302.8	167.8	8.025
610	22	1	2.0	elu	20	40	0.002691	1.52	9.88	4.29	9946	500	25.51	25.4	True	193.9	131.7	8.426
611	21	1	2.0	elu	20	40	0.001704	1.69	8.49	4.63	8754	500	6519	3375	True	355.3	166.1	8.522
612	21	1	1.0	elu	20	40	0.002315	1.38	9.76	4.93	9695	500	13.64	14.44	True	158.2	134.6	7.906
613	23	1	2.0	elu	20	40	0.001069	1.28	19.9	4.42	9097	500	11.69	8.941	True	730.3	516.9	66.27
614	32	1	2.0	elu	20	40	0.001454	2.16	8.43	3.85	7792	500	61.81	67.13	True	339.3	217.1	8.458
615	25	1	2.0	elu	20	40	0.002639	1.56	8.87	4.82	9986	500	14	8.591	True	372.6	275	15.66
616	21	1	2.0	elu	20	40	0.001923	1.91	12.7	4.71	8662	500	5.567e+05	2.785e+04	True	261.2	144.8	8.172
617	19	1	2.0	gelu	20	40	0.001491	1.39	13.6	4.98	8960	500	16.54	10.87	True	254.3	214.1	11.39
618	23	1	2.0	elu	20	40	0.002919	1.23	9.36	4.65	9869	500	254.8	35.33	True	679.6	302.2	9.43
619	22	1	2.0	elu	20	40	0.002882	3.2	8.72	4.27	8536	500	69.49	59.42	True	462.1	248.7	15.77
620	26	1	2.0	elu	20	40	0.001686	1.01	10.7	4.93	9961	500	21.3	15.13	True	588.6	307.4	11.69
621	32	1	2.0	elu	20	40	0.001472	3.38	11.2	3.54	8010	500	71.79	48.96	True	247.8	149.3	8.92
622	23	1	2.0	elu	20	40	0.001441	1.01	10.2	3.34	9822	500	334.5	412.5	True	350.3	234.2	9.307
623	25	1	2.0	elu	20	40	0.002052	1.76	9.32	4.86	6971	500	24.56	17.99	True	221.7	143	8.367
624	22	1	2.0	elu	20	40	0.001661	2.14	11.1	4.14	8556	500	15.16	15.35	True	182	136.6	8.611
625	22	1	2.0	elu	20	40	0.002213	1.11	9.51	4.81	9536	500	20.33	15.05	True	780.9	470.9	8.556
626	22	1	2.0	elu	20	40	0.001016	1.52	15.6	4.34	9569	500	18.24	16.78	True	261.3	196.2	10.26
628	22	1	2.0	elu	20	40	0.001665	2.41	8.64	3.48	9547	500	11.29	10.11	True	142.1	115.9	8.895
627	32	1	2.0	elu	20	40	0.001633	2.05	9.39	3.5	8586	500	253.2	281.1	True	282.3	169	10.36
629	22	1	2.0	elu	20	40	0.001241	1.11	13.4	3.47	9326	500	58.97	46.4	True	426.7	266	8.812
630	22	1	2.0	elu	20	40	0.001866	2.7	8.98	3.35	9672	500	14.78	14.2	True	196.9	166.7	9.25
631	21	1	2.0	elu	20	40	0.001963	1.23	9.41	4.91	9753	500	156.5	78.29	True	839.5	318.6	14.28
632	23	1	2.0	elu	20	40	0.00162	2.26	10	4.26	9538	500	29.29	17.74	True	218.1	158.8	9.531
633	23	1	2.0	elu	20	40	0.001248	1.39	17.1	3.91	8427	500	18.38	11.63	True	663.2	397.9	40.81
634	22	1	2.0	elu	20	40	0.001642	1.53	6.54	4.72	8959	500	10.92	12.96	True	159.5	113.9	9.516
635	20	1	2.0	elu	20	40	0.001672	1.89	7.76	3.61	9381	500	10.72	11.45	True	151.9	115	8.789
636	22	1	2.0	elu	20	40	0.001807	1.85	6.85	3.6	9151	500	205.6	107	True	697.1	313.3	10.56
637	25	1	2.0	elu	20	40	0.00163	1.81	7.89	4.59	7111	500	13.03	11.16	True	146.3	115.8	8.163
638	22	1	2.0	elu	20	40	0.001441	1.48	16	4.93	8642	500	2050	613.9	True	831.8	437.6	20.36
639	21	1	2.0	elu	20	40	0.001732	1.49	12.9	4.09	8806	500	31.71	26.68	True	1101	512.1	9.951
640	20	1	2.0	elu	20	40	0.001756	1.3	6.51	4.73	8539	500	32.26	23.92	True	460.5	270	9.684
641	21	1	2.0	elu	20	40	0.001514	2.72	8.47	3.36	9353	500	3.472e+05	1752	True	729	294.5	10.84
642	22	1	2.0	elu	20	40	0.001684	3.17	8.11	3.15	8954	500	7.41e+04	6185	True	326.4	196.4	9.654
643	21	1	2.0	elu	20	40	0.00172	2.37	9.52	3.11	9292	500	11.86	12.55	True	158.8	119	9.139
644	27	1	2.0	elu	20	40	0.001634	1.92	7.05	4.44	7372	500	13.66	10.06	True	259.6	147.8	8.944
646	20	1	2.0	elu	20	40	0.001882	1.12	10.1	3.87	8355	500	36.15	39.36	True	341.8	208.4	7.944
645	31	1	2.0	elu	20	40	0.001324	6.22	10.3	3.95	8063	500	17.29	74	True	313.8	160.6	9.204
647	19	1	2.0	elu	20	40	0.001417	1.17	12.9	4.81	8764	500	14.77	9.617	True	241.7	194	9.254
648	20	1	2.0	elu	20	40	0.00153	1.11	7.98	3.51	8993	500	39.97	34.59	True	271.3	200.5	10.79
649	22	1	2.0	elu	20	40	0.00165	1.44	14.5	4.04	9776	500	28.24	10.76	True	238.3	160.5	8.406
650	32	1	2.0	elu	20	40	0.00168	3.13	9.03	3.33	7833	500	13.81	12.7	True	186.2	133.8	9.063
651	23	1	2.0	elu	20	40	0.001736	1.82	9.05	3.59	9343	500	22.01	10.06	True	214.8	132.1	9.261
652	23	1	2.0	elu	20	40	0.001604	3.37	8.2	3.53	9504	500	20.48	20.94	True	232.5	157.9	8.397
653	25	1	2.0	elu	20	40	0.001612	1.52	6.29	4.28	7089	500	59.91	184.2	True	302.1	188.4	8.723
654	26	1	2.0	elu	20	40	0.001544	2.05	7.96	4.83	6854	500	5284	1358	True	262.6	178.4	9.755
655	29	1	2.0	elu	20	40	0.001498	1.13	7.03	4.1	8177	500	11.83	9.55	True	151.9	130.9	8.246
656	21	1	2.0	elu	20	160	0.001405	1.87	8.37	4.15	8141	500	19.68	10.25	True	259.6	228	11.9
657	21	1	2.0	elu	20	40	0.002471	1.9	11.5	4.6	9638	500	1.903e+04	3147	True	210	152.4	7.858
658	21	1	2.0	elu	20	40	0.002633	1.29	9.08	4.5	9474	500	1.204e+11	4.082e+08	True	1394	895.5	9.042
659	18	1	2.0	elu	20	40	0.001582	1.52	16.4	4.4	9055	500	32.58	17.28	True	278.5	173.7	8.572
660	18	1	2.0	elu	20	40	0.001561	2.15	7.45	3.71	8877	500	32.2	30.73	True	178.2	123.4	8.642
661	24	1	2.0	elu	20	40	0.002914	1.42	10.6	3.85	7876	500	13	15.94	True	179.9	136	8.983
662	19	1	2.0	elu	20	40	0.001547	1.73	12.9	4.01	9420	500	13.85	13.03	True	212.1	176.9	8.983
663	24	1	2.0	elu	80	40	0.001381	1.31	7.87	4.48	8205	500	11.59	11.03	True	287.2	260.5	16.27
664	21	1	2.0	elu	20	40	0.001749	1.43	14.5	3.38	9163	500	23.34	15.74	True	1101	700.2	16.51
665	24	1	2.0	elu	20	40	0.00143	1.89	8.93	4.18	7169	500	20.88	19.45	True	157.8	124.4	8.799
666	31	1	2.0	elu	20	80	0.001989	9.83	10.1	4.66	8738	500	18.48	20.66	True	335.5	189.8	8.901
667	23	1	2.0	elu	20	40	0.001305	1.37	15.8	4.51	9639	500	8126	1675	True	215	163.7	8.524
668	22	1	2.0	elu	20	40	0.001692	2.8	9.96	3.6	9132	500	18.59	13.45	True	865.4	421.6	8.92
669	21	1	2.0	elu	20	40	0.001427	1.64	16.9	4.21	8946	500	1344	272.4	True	489.3	198.2	21.59
670	26	1	2.0	elu	20	40	0.00157	1.7	8.01	4.21	6966	500	14.42	13.06	True	225.6	164.1	9.106
671	22	1	2.0	gelu	20	40	0.001869	2.24	6.36	3.74	9611	500	186.9	219.3	True	412	232.9	8.913
672	26	1	2.0	elu	20	40	0.00134	1.63	8.08	4.7	7063	500	11.97	10.71	True	818.1	262.2	36.5
673	24	1	2.0	elu	20	40	0.001179	1.21	14.7	4.52	8740	500	12.87	10.79	True	249	204.3	10.22
674	23	1	2.0	elu	20	40	0.001009	1.44	15.5	4.77	8962	500	24.39	15.59	True	602.6	341.9	38.83
675	24	1	2.0	elu	20	40	0.001986	1.66	8.82	4.3	7587	500	376.7	200.9	True	901.1	396.7	10.44
676	23	1	2.0	elu	20	40	0.001692	1.49	7.8	4.93	6997	500	5.241e+07	8.585e+05	True	1149	339.9	8.493
677	26	1	2.0	elu	20	40	0.00177	1.33	8.55	4	7149	500	40.73	29.38	True	398.6	228.9	10.19
679	22	1	2.0	elu	20	40	0.001732	2.31	7.91	3.39	9886	500	3.728e+06	1.255e+05	True	549.6	187.2	18.48
678	32	1	2.0	elu	20	40	0.001655	3.68	9.84	3.81	8285	500	1.473e+05	1.521e+04	True	921.5	650.6	10.98
680	20	1	2.0	elu	20	40	0.001362	2.17	8.08	4.05	9238	500	149.8	62.52	True	963.9	340.1	9.929
681	32	1	2.0	elu	20	40	0.001348	1.29	8.95	3.93	7511	500	24.66	12.19	True	237.8	149.2	8.516
682	19	1	2.0	elu	20	40	0.001704	2.29	9.24	3.78	9108	500	68.15	34.59	True	571.2	285.4	12.63
683	17	1	2.0	elu	20	40	0.001567	1.47	9.73	4.78	9544	500	18.7	16	True	200.4	144.3	9.04
684	21	1	2.0	elu	20	40	0.001576	1.7	10.7	3.99	8946	500	884.4	281.8	True	665.9	225.7	10.36
685	22	1	2.0	elu	20	40	0.001678	2.11	8.76	3.85	9736	500	22.44	21.38	True	307.8	244.6	10.7
686	21	1	2.0	elu	20	40	0.002799	1.52	11.2	4.91	9982	500	12.33	10.43	True	158.4	127.8	8.067
687	25	1	2.0	elu	20	40	0.001776	1.39	10.4	4.26	6976	500	41.44	16.95	True	385.9	230.6	9.036
688	23	1	2.0	elu	20	40	0.001561	1.39	10.8	4.82	8741	2000	1.483e+08	1.427e+06	True	289.8	138.1	9.338
689	30	1	2.0	elu	20	40	0.001545	3.63	9.78	4.09	8004	500	38.13	21.36	True	440.3	214.1	9.312
690	32	1	2.0	elu	20	40	0.001788	1.5	7.12	4.25	7900	500	23.17	14.13	True	180.1	134.9	8.699
691	23	1	2.0	elu	20	40	0.001618	2.11	8.24	3.1	9155	500	39.42	17.31	True	1691	435.5	208.2
692	24	1	2.0	elu	120	40	0.001831	1.33	8.35	4.05	7711	500	11.63	10.93	True	260.5	232.1	14.31
693	24	1	2.0	elu	20	40	0.00181	1.03	8.01	4.1	8642	500	10.98	14.9	True	168.9	130.8	8.373
694	25	1	2.0	elu	20	40	0.001716	2.28	7.34	4.57	7155	500	18.61	11.19	True	445	248.6	16.77
695	20	1	2.0	elu	20	40	0.001712	1.46	9.33	3.66	8494	500	12.36	11.32	True	152.9	105.8	9.64
696	29	1	2.0	elu	20	40	0.001832	1.23	9.12	4.46	9933	500	8.179e+04	1991	True	204.6	130.2	8.285
697	23	1	2.0	elu	20	40	0.001437	1.91	7.74	4.69	6758	500	15.36	13.81	True	145.9	118.4	10.08
698	22	1	2.0	elu	20	40	0.001181	1.2	13.4	4.13	9233	500	11.26	12.37	True	192.4	149.7	10.15
699	23	1	2.0	elu	20	40	0.001559	2.24	9.29	3.27	9833	500	20.01	13.62	True	281.1	148.1	9.954
700	22	1	2.0	elu	20	40	0.001984	1.04	13.1	4.73	9340	1500	16.34	11.49	True	587.2	344	16.32
701	22	1	2.0	elu	20	40	0.001656	2.73	7.77	4	9630	500	59.49	40.26	True	368.3	187.3	9.808
702	26	1	2.0	elu	20	40	0.001475	1.33	8.18	4.33	7163	500	43.13	21.42	True	536.1	243.7	10.55
703	28	1	2.0	elu	20	80	0.002084	3.34	10.9	4.54	9006	500	22.77	15.88	True	288.3	161	8.8
704	22	1	2.0	elu	20	40	0.002887	1.72	13.4	4.69	8200	500	11.61	11.85	True	184.6	158.8	7.938
705	23	1	2.0	elu	20	40	0.001427	1.8	7.45	3.84	9211	500	3.05e+06	2.192e+05	True	307.8	197	8.424
706	22	1	2.0	elu	20	40	0.001771	2.39	12.3	4.82	9052	500	88.51	24.32	True	340.8	190.1	9.374
707	23	1	2.0	elu	20	40	0.001581	1.91	6.62	4.81	6624	500	30.98	21.12	True	215.3	128.4	9.359
709	20	1	2.0	elu	20	40	0.002401	1.05	8.69	4.62	9737	500	11.12	11.13	True	139.9	112.7	8.595
708	26	1	2.0	elu	20	40	0.001631	1.62	7.25	4.76	6610	500	15.78	12.7	True	211.9	142.3	8.857
710	24	1	2.0	elu	20	40	0.001708	2.31	8.64	4.61	6622	500	15.71	9.628	True	307.2	244.4	11.39
711	21	1	2.0	elu	20	40	0.002589	1.02	8.93	4.8	9655	500	19.53	12.92	True	150.3	119.2	8.36
712	23	1	2.0	elu	20	40	0.001455	2.21	8.08	3.51	8724	500	21.8	14.71	True	699.4	454.8	13.71
713	24	1	2.0	elu	20	40	0.001473	1.74	7.67	4.81	6806	500	17.44	17.16	True	250.6	205.3	10.84
714	24	1	2.0	elu	20	40	0.001195	1.82	8.73	4.69	6952	500	65.37	130.5	True	301.9	157.2	8.033
715	29	1	2.0	elu	20	40	0.001647	2.73	10.6	4.1	7767	500	808	222.7	True	555.9	256.6	9.102
716	20	1	2.0	elu	20	40	0.002324	1.02	7.97	4.52	9509	500	26.3	17.15	True	566.5	341.2	11.26
717	22	1	2.0	elu	20	40	0.001347	1.15	19.2	3.27	9411	500	22.31	12.62	True	246.7	146.3	7.865
718	26	1	2.0	elu	20	40	0.001477	1.58	8.44	4.61	7864	500	57.37	20.22	True	758	413.1	12.02
719	20	1	2.0	elu	20	40	0.001657	1.52	15.5	4.74	8736	500	13.5	11.94	True	186.6	137.6	7.809
720	24	1	2.0	elu	20	40	0.001999	2.42	7.55	4.37	8959	500	40.43	19.53	True	367.3	184.5	8.784
721	29	1	2.0	elu	80	40	0.001677	2.13	9.02	4.5	7294	500	11.25	10.78	True	289.9	266.1	13.65
722	23	1	2.0	elu	20	40	0.001267	1.8	8.02	4.89	6303	500	17.46	10.73	True	431	254.1	8.826
723	24	1	2.0	elu	20	40	0.00109	1.12	17.2	3.59	9511	500	14.05	13.26	True	308.3	244.2	9.266
724	22	1	2.0	elu	20	40	0.00151	1.49	9.89	4.1	6895	500	1679	578.1	True	1228	384.2	24.68
725	21	1	2.0	elu	20	40	0.001316	1.46	15.2	3.82	8635	500	15.58	12.19	True	280.9	182.9	8.853
726	21	1	2.0	elu	20	40	0.001145	1.22	16.7	3.6	8688	500	13.97	11.4	True	463.7	372.5	23.12
727	22	1	2.0	elu	20	40	0.001485	2.34	7.3	4.55	7247	500	159	100.5	True	744.4	321.9	12.38
728	24	1	2.0	elu	20	40	0.00126	1.45	16.6	4.79	8401	500	16.96	18.26	True	267.3	148.8	8.599
729	22	1	2.0	elu	20	40	0.001428	1.93	6.7	4.14	6614	500	32.3	30.6	True	189.9	128.7	8.083
730	21	1	2.0	elu	20	40	0.002601	1.02	8.89	3.77	9840	500	13.9	9.951	True	196.2	147.6	7.86
731	25	1	2.0	elu	20	40	0.001489	1.07	9.57	4.71	9561	500	38.92	24.29	True	1199	1033	7.403
732	22	1	2.0	elu	20	40	0.001378	1.66	7.9	4.28	6822	500	12.05	8.465	True	771.8	583.3	65.55
733	22	1	2.0	elu	20	40	0.00142	2.11	8.15	4.52	6126	500	177.9	61.49	True	861.9	315.2	50.59
734	21	1	2.0	elu	20	40	0.001781	2.11	10.1	4.59	7761	500	30.38	30.42	True	978.3	326.9	9.178
735	18	1	2.0	elu	20	40	0.002563	1	8.38	4.76	9879	500	19.05	14.43	True	334.5	218.7	8.561
736	25	1	2.0	elu	20	40	0.001129	1.78	7.74	4.91	6311	500	12.41	10.38	True	134.1	111.3	9.372
737	25	1	2.0	elu	20	40	0.002079	1.42	8.28	3.89	7507	500	9.54	13.31	True	163.7	130.7	9.28
738	21	1	2.0	elu	20	40	0.001795	1.3	14.5	4.79	8206	500	32.87	22.54	True	2000	1067	109.3
739	22	1	2.0	elu	20	40	0.00141	1.32	11.7	3.32	9529	500	495.2	164.7	True	1464	567.8	11.97
740	25	1	2.0	elu	20	40	0.002737	1.31	12.3	4.92	7768	500	21.78	35.84	True	541.6	218.6	11.22
741	23	1	2.0	elu	20	40	0.001095	1.54	16.7	4.2	8116	500	14.44	8.893	True	221.4	176.6	9.865
743	19	1	2.0	elu	20	40	0.002476	1.03	9.82	4.92	9356	500	51.88	48.02	True	471.3	241.8	8.418
742	25	1	2.0	elu	20	40	0.001252	1.72	6.57	4.95	6405	500	2.516e+08	2.25e+06	True	151.3	116	8.82
744	22	1	2.0	elu	20	40	0.00187	2.27	7.96	3.27	8866	500	259.1	156.5	True	272.2	166.5	9.563
745	22	1	2.0	elu	20	40	0.002523	1.5	13.7	4.84	8683	500	10.94	11.54	True	314.2	198.3	16.75
746	20	1	2.0	elu	20	40	0.001093	1.85	8.13	4.56	6247	500	41.52	16.67	True	509.4	323.7	12.31
747	20	1	2.0	elu	20	40	0.001654	1.62	6.34	4.48	8318	500	18.49	13.53	True	1049	449.7	9.94
749	22	1	2.0	elu	20	40	0.002945	2.47	11	4.91	9069	500	14.47	11.03	True	383.9	249.5	26.64
748	31	1	2.0	elu	20	40	0.001694	2.23	8.17	4.95	7936	500	18.35	12.58	True	198.8	139.7	8.889
750	22	1	2.0	elu	20	40	0.001099	1.66	8.55	4.97	5763	500	11.82	10.15	True	223.7	193.1	12.3
751	23	1	2.0	elu	20	40	0.00161	2.02	8.56	4.14	7590	500	12.87	8.678	True	180	126.7	10.41
752	25	1	2.0	elu	20	40	0.00185	2.02	7.37	4.77	6368	500	15.09	12.31	True	1545	1056	73.6
753	25	1	2.0	relu	20	40	0.00174	1.4	8.17	4.46	7564	500	2052	787.4	True	259.1	178.2	9.412
755	20	1	2.0	elu	20	40	0.002462	1.04	6.86	4.06	9359	500	4501	421.9	True	885.2	256.6	12.08
754	23	1	2.0	elu	20	40	0.001702	2.47	6.62	4.05	9311	500	14.66	17.71	True	129.4	107	8.542
756	20	1	2.0	elu	20	40	0.002436	1.04	10	4.13	9576	500	2.057e+04	2312	True	1289	507.4	9.438
757	26	1	2.0	elu	20	40	0.002511	1.25	10.6	4.62	9760	500	16.15	13.99	True	181.6	143	8.165
759	21	1	2.0	elu	20	40	0.001358	2.44	6.55	3.75	8110	500	20.37	16.26	True	532.1	322.5	25.05
758	29	1	2.0	elu	20	40	0.001011	1.89	7.72	4.82	5598	500	4.363e+05	1.4e+04	True	362.9	180.8	8.621
760	24	1	2.0	elu	20	40	0.001046	1.89	7.35	4.31	7117	500	21.41	13.79	True	482.2	230.1	10.31
761	24	1	2.0	elu	20	40	0.001767	2.84	5.91	3.86	9574	500	19.94	12.13	True	231.4	159	8.509
762	16	1	2.0	elu	20	40	0.001153	1.91	8.37	4.59	5702	500	11.74	11.19	True	559.6	368.7	9.526
763	22	1	2.0	elu	20	40	0.001927	2.3	8.22	4.19	8571	500	12.58	9.839	True	147.1	114.6	8.66
765	23	1	2.0	elu	20	40	0.001875	2.38	9.31	4.25	8614	500	29.74	19.3	True	770.9	378.3	9.009
764	26	1	2.0	elu	20	40	0.001358	1.71	7.14	4.03	7562	500	19	12.46	True	857.5	387.6	89.88
766	23	1	2.0	elu	20	40	0.002059	2.33	7.63	3.78	8555	500	18.44	9.374	True	196.1	158.3	9.079
767	32	1	2.0	elu	20	40	0.001468	3.41	8.46	2.96	8106	500	22.79	17.18	True	294.5	172.1	8.389
768	23	1	2.0	elu	20	40	0.001699	2.12	8.09	3.64	8425	500	40.37	36.93	True	660.9	306.3	9.606
769	30	1	2.0	elu	20	40	0.001112	1.55	9.42	4.98	6676	500	21.4	10.5	True	271.8	193.9	9.441
770	26	1	2.0	elu	20	40	0.001223	2.09	7.04	4.42	6028	500	16.67	11.44	True	165.2	129.1	9.358
771	22	1	2.0	elu	40	40	0.00153	2.19	9.05	3.71	9220	500	11.9	11.11	True	262.4	226.8	11.48
772	21	1	2.0	elu	20	40	0.001477	1.24	18.2	3.75	9880	500	11.96	11.7	True	185.2	151.2	10.08
773	25	1	2.0	elu	20	80	0.002072	11.4	10.8	4.54	8617	500	13.63	8.443	True	408.8	312	32.21
774	24	1	2.0	elu	20	80	0.001842	5.7	12.9	4.79	9042	500	15.2	14.59	True	211.4	181	9.951
775	24	1	2.0	elu	20	40	0.001759	2.16	6.49	4.1	8483	500	936.2	362.2	True	366.6	218.4	10.1
776	27	1	2.0	elu	20	80	0.001818	4.4	12.9	4.22	8807	500	66.92	23.19	True	801.8	390.2	13.42
777	20	1	2.0	elu	20	40	0.001745	2.66	7.12	4.05	9178	500	12.33	10.91	True	205.9	126.8	11.43
778	22	1	2.0	elu	20	40	0.001599	1.48	7.53	3.4	8269	500	13.02	14.07	True	445.4	211.7	37.87
779	24	1	2.0	elu	20	40	0.002874	1.52	14.9	4.98	8294	500	14.8	13.46	True	174.6	143.6	8.193
780	22	1	2.0	elu	20	40	0.001947	2.61	7.05	4.1	9373	500	101.4	47.31	True	831.1	307	59.75
781	27	1	2.0	elu	20	40	0.001252	1.65	7.7	4.97	6507	500	18.18	14.06	True	722.6	333.1	8.769
782	19	1	2.0	elu	20	40	0.001484	1.3	9.97	4.88	8928	500	67.95	24.98	True	726.3	279.1	9.79
783	22	1	2.0	elu	20	40	0.001465	1.78	7.49	4.76	7396	500	12.06	11.29	True	951.3	402.9	80.09
784	24	1	2.0	elu	20	40	0.001156	1.75	16.5	3.97	9455	500	26.48	16.08	True	295.1	201.3	14.11
785	23	1	2.0	elu	20	40	0.00186	1.59	10.2	3.96	7145	500	10.66	11.66	True	143.3	119.9	8.643
786	32	1	2.0	elu	120	40	0.001397	3.19	8.98	4.58	6929	500	11.52	10.62	True	810.2	750	33.65
787	24	1	2.0	elu	20	40	0.001288	2.21	8.16	4.51	6594	500	561.4	231.6	True	612.6	294.5	10.08
788	23	1	2.0	elu	20	40	0.001745	1.42	9.61	3.3	6774	500	20.7	22.76	True	723.2	314.9	9.48
789	24	1	2.0	elu	20	40	0.002794	1.75	16	4.5	7876	500	14.61	13.35	True	174.7	132.3	8.023
790	20	1	2.0	elu	20	40	0.002498	1.29	8.58	4	9856	500	13.04	10.58	True	372.9	226.1	7.702
791	19	1	2.0	elu	20	40	0.002566	1.16	8.23	4.31	9243	500	25.45	17.34	True	677.1	296.1	20.36
792	22	1	2.0	elu	20	40	0.002867	1.32	13.8	4.97	7242	500	20.56	16.65	True	812	452.4	32.56
793	22	1	2.0	elu	20	40	0.001809	1.98	10.2	3.83	7223	500	47.31	60.5	True	636	331.5	8.974
794	23	1	2.0	elu	20	40	0.001106	1.37	11.4	3.82	9140	500	16.68	12.3	True	806.6	410.3	9.464
795	23	1	2.0	elu	20	40	0.001681	1.34	11.4	3.71	7109	500	16.51	9.867	True	160.3	133.6	8.118
796	22	1	2.0	elu	20	40	0.001604	2.51	5.78	4.13	9027	500	12.59	9.079	True	256.6	158.4	13.11
797	22	1	2.0	elu	20	40	0.001768	1.07	7.2	3.65	8559	500	3.933e+12	8.246e+08	True	1677	1124	8.898
798	24	1	0.5	elu	20	40	0.001877	1.44	11	3.72	6637	500	20.9	16.84	True	403.6	232.6	8.498
799	22	1	2.0	elu	20	40	0.001271	1.52	6.83	4.67	7414	500	7227	1651	True	1491	557.5	12.14
800	25	1	2.0	elu	20	40	0.001124	1.54	8.15	4.8	6347	500	29.83	31.79	True	244.9	173.5	8.247
801	21	1	2.0	elu	20	40	0.002119	1.16	8.18	3.85	9482	500	10.3	11.5	True	132.3	111.5	8.483
802	25	1	2.0	elu	20	80	0.001731	9.28	11.3	4.65	9240	500	526.4	116.5	True	927.1	375.4	37.91
803	21	1	2.0	elu	20	40	0.002275	1.16	8.9	3.48	9330	500	18.73	15.4	True	191.2	141	9.35
805	20	1	2.0	elu	20	40	0.002055	1.1	8.83	4.29	9972	4000	13.43	12.42	True	910.8	365.1	56.47
804	31	1	2.0	elu	20	40	0.001337	1.99	8.04	4.76	6766	500	13.03	8.531	True	170.5	131.5	8.717
807	20	1	2.0	elu	20	40	0.002598	1.1	7.44	4.56	9974	500	50.52	39.65	True	815.4	437.5	30.64
806	24	1	2.0	elu	20	40	0.001026	1.82	7.31	4.52	6290	500	10.84	11.82	True	202.6	169.1	9.765
808	21	1	2.0	elu	20	40	0.002253	1.21	7.04	3.62	9492	500	2.957e+08	2.008e+06	True	177.1	132.7	8.622
809	23	1	2.0	elu	20	40	0.002018	1.62	12.8	4.12	7310	500	16.67	12.22	True	194	142.2	8.256
811	22	1	2.0	elu	20	40	0.001066	1.71	6.39	4.78	6690	500	16.37	10.14	True	232.8	164.3	11.18
810	29	1	2.0	elu	20	40	0.001237	1.76	6.95	4.6	5716	500	338	297.9	True	445.5	236.5	9.248
812	20	1	2.0	elu	20	40	0.001933	1.05	8.69	3.73	9449	500	10.05	14.67	True	218.8	182.8	10.69
813	19	1	2.0	elu	20	40	0.002073	1.46	8.56	4.02	9520	500	8.397e+05	717.8	True	1612	523.7	9.039
814	24	1	2.0	elu	20	40	0.001904	1.73	10.8	3.65	6858	500	28.68	15.73	True	536	326	18.41
815	23	1	2.0	elu	20	40	0.001981	1.42	11.6	3.59	7507	500	129.7	56.77	True	2036	827.5	76.84
817	24	1	2.0	elu	20	40	0.001694	2.65	8.98	3.66	9677	500	1.079e+04	2414	True	254.9	190.3	8.532
816	27	1	2.0	elu	20	40	0.001764	1.91	8.21	4.22	6592	500	53.58	40.26	True	307.3	183.9	10.38
819	22	1	2.0	elu	20	40	0.001906	1.49	10.9	4.46	6915	500	16.39	13.02	True	328.5	167.3	9.132
818	22	1	2.0	elu	20	40	0.002798	1.44	9.57	4.99	9733	2000	270.1	63.73	True	414.4	162.4	8.789
820	20	1	2.0	elu	20	40	0.001841	2	8.49	3.72	8639	500	47.8	33.32	True	699.8	392.8	35.65
821	24	1	2.0	elu	20	40	0.002414	2.19	9.43	4.36	8626	500	14.6	12.53	True	214.9	170.7	9.544
822	24	1	2.0	elu	20	40	0.001735	1.5	10.4	3.59	7569	500	69.51	30.66	True	2165	1099	19.32
823	22	1	2.0	elu	20	40	0.002379	1.02	7.29	3.74	9925	500	33.18	22.62	True	724	367.7	8.561
824	21	1	2.0	elu	20	40	0.002981	1.07	7.72	4.44	9578	500	2572	142.2	True	1456	375.4	9.038
825	19	1	0.5	elu	20	40	0.002086	1.1	8.46	4.91	9670	500	14.53	13.29	True	178.4	139.7	8.896
826	23	1	2.0	elu	20	40	0.00147	1.51	6.34	4.64	6671	500	81.68	82	True	294.9	168.1	9.109
827	22	1	2.0	elu	20	40	0.002025	1.33	9.28	3.93	8084	500	12.92	9.715	True	162.9	121.7	8.479
829	20	1	2.0	elu	20	40	0.001509	1.97	6.99	4.02	7530	500	502.6	370.4	True	378.6	179.4	9.063
828	25	1	2.0	elu	20	40	0.001691	1.56	8.3	3.51	7346	500	4.771e+04	4449	True	207.7	140.7	8.26
830	24	1	2.0	elu	20	40	0.001921	3.06	6.5	4.22	9156	500	31.29	21.15	True	526.7	231.6	9.148
831	23	1	2.0	elu	20	40	0.001235	1.8	7.23	3.78	6207	500	12.61	12.26	True	206	169.5	8.817
832	23	1	2.0	elu	20	40	0.001429	2.14	7.27	4.06	9747	500	1201	1099	True	486.1	314.9	10.62
833	25	1	2.0	elu	20	40	0.001752	1.94	10.7	3.86	7445	500	13.94	9.159	True	189.4	137.2	8.552
834	19	1	2.0	elu	20	40	0.002772	1.04	7.39	4.97	9318	500	16.76	10.01	True	171.4	130.9	8.186
835	24	1	2.0	elu	20	40	0.001764	2.19	6.74	4.08	9987	500	175.4	126.8	True	213.4	148	7.925
836	20	1	2.0	elu	20	40	0.001807	1.21	7.73	4.2	8367	500	27.2	16.23	True	405.7	190.4	8.999
837	22	1	2.0	elu	20	40	0.002179	2.09	10.2	3.91	9298	500	13.4	10.15	True	165.1	140.7	8.899
838	24	1	2.0	elu	20	40	0.001573	1.51	8.92	4.99	6435	500	26.5	17.13	True	606.3	349.7	8.774
839	22	1	2.0	elu	20	40	0.002339	2.37	8.76	4.12	8191	500	12.89	12.41	True	153.2	121.9	7.993
840	20	1	2.0	elu	20	40	0.001249	1.87	8.19	4.44	8375	500	13.35	13.26	True	220.6	189.6	10.97
841	23	1	2.0	elu	20	80	0.001641	2.45	6.19	3.76	9686	500	17.68	12.61	True	525.3	276	43.71
842	21	1	2.0	elu	20	40	0.001784	1.49	7.29	4.12	8203	500	725.4	342.1	True	436.4	264.5	9.608
843	21	1	2.0	elu	20	40	0.002264	1.42	9.21	4.08	9425	500	16.31	10.68	True	509.3	268.5	14
844	25	1	2.0	elu	20	40	0.001737	1.83	8.4	4.9	6745	500	11.82	12.13	True	140.1	112.3	7.923
845	25	1	2.0	elu	20	40	0.001651	1.21	8.84	4.22	8694	500	172.9	130.9	True	314	166.2	7.731
846	19	1	2.0	elu	20	40	0.002322	1.34	8.23	4.53	9901	500	10.42	13.02	True	136.9	114.2	8.914
848	21	1	2.0	elu	20	40	0.001953	1.16	7.26	4.15	9813	500	20.41	20.57	True	153.3	125.4	8.374
847	31	1	2.0	elu	20	40	0.001655	10.8	8.86	4.5	7372	500	15.34	11.4	True	781	373.8	11.58
849	20	1	2.0	elu	20	40	0.002158	1.19	7.1	4.82	9936	500	16.78	13.46	True	278.8	164.8	8.289
850	25	1	2.0	elu	20	40	0.001665	1.66	7.4	4.74	7420	2000	16.55	15.72	True	194.5	133.3	8.001
851	23	1	2.0	elu	20	40	0.002632	1.02	7.33	4.44	9026	500	3.394e+04	471.3	True	503.9	196.4	9.48
852	23	1	2.0	elu	20	40	0.002402	1.49	8.9	4.82	9970	500	18.8	10.83	True	1100	448.1	11.51
853	24	1	2.0	elu	20	40	0.001463	2.82	7.2	4.02	9157	500	12.84	9.909	True	139.7	111.8	9.457
854	19	1	2.0	elu	20	40	0.002472	1.64	8.9	4.78	9892	500	13.45	14.75	True	203.9	160.7	8.907
855	23	1	2.0	elu	20	40	0.001491	3.11	6.7	4.02	9410	500	33.76	22.47	True	1048	356.3	30.32
856	17	1	2.0	elu	20	40	0.002259	1.27	9.04	4.17	9851	500	175.4	40.36	True	1084	530.3	10.17
857	20	1	2.0	elu	20	40	0.001847	2.22	6.91	3.5	9398	500	2.807e+08	5.465e+07	True	975.9	671.6	10.14
858	24	1	2.0	elu	20	40	0.001694	2.2	5.81	4.46	9409	500	142.1	78.23	True	1167	537.6	10.53
859	19	1	2.0	elu	20	40	0.002357	1.37	6.86	4.31	9743	500	2.699e+07	9.688e+05	True	676.2	536	10.88
860	23	1	2.0	elu	20	40	0.00138	2.55	7.83	3.83	9347	500	14.36	10.55	True	150.5	118.8	8.655
861	16	1	2.0	elu	20	40	0.001067	1.75	7.8	4.53	7084	500	16.22	15.54	True	292.8	223.4	10.24
862	22	1	2.0	elu	20	40	0.002816	1.24	10.9	4.68	9418	500	16.21	13.83	True	284	181.2	8.747
863	26	1	2.0	elu	20	40	0.001498	2.95	6.29	4.46	9513	500	281.3	74.15	True	577.6	256.4	8.577
864	24	1	2.0	elu	20	40	0.001124	1.42	17.4	4.36	9817	500	17.93	10.92	True	746.2	390	26.31
865	22	1	2.0	elu	20	40	0.002625	1.25	7.19	4.86	9390	500	1.318e+06	6.462e+04	True	221.4	139.6	8.765
866	25	1	2.0	elu	20	40	0.001736	1.83	10.6	4.32	6588	500	26.69	14.43	True	200.6	127.8	9.042
867	28	1	2.0	elu	20	40	0.001684	2.79	8.28	4.78	7113	500	32.23	29.52	True	1174	590.4	8.946
868	20	1	2.0	elu	20	40	0.001647	1.18	11.8	4.88	8359	500	11.94	12.03	True	507.8	233	40.47
869	21	1	2.0	elu	20	40	0.001733	1.83	7.68	3.87	7260	500	4475	362	True	701.4	314.2	9.398
870	23	1	2.0	elu	20	40	0.001684	2.8	6.71	4.61	9498	500	1.344e+05	1.828e+04	True	916.2	473.1	11.93
871	26	1	2.0	elu	20	40	0.001592	1.77	10	4.85	7110	500	9.249	11.33	True	125.8	104.6	8.535
872	19	1	2.0	elu	20	40	0.002369	1.3	8.87	4.88	9524	500	51.75	25.58	True	629.4	230.6	8.984
873	23	1	2.0	elu	20	40	0.001521	2.06	8.46	4.72	6944	500	12	9.229	True	145.6	113.6	10.09
874	25	1	2.0	elu	20	40	0.001242	2.82	7.81	4.15	8813	500	17.44	13.97	True	194.2	133.6	9.322
875	19	1	2.0	elu	20	40	0.002096	1.14	8.14	4.22	9260	500	54.78	48.4	True	269.3	154.3	8.835
876	22	1	2.0	elu	20	40	0.001498	2.36	8.96	4.87	6977	500	40.66	37.37	True	812	383.4	12.24
877	29	1	2.0	elu	20	40	0.001608	1.74	11.3	4.69	6855	500	13.19	12.11	True	171.9	146.8	9.012
878	23	1	2.0	elu	120	40	0.001071	1.46	19	3.81	9365	500	11.87	10.05	True	4153	3859	216.3
879	25	1	2.0	elu	20	40	0.001403	1.86	8.1	4.87	5969	500	11.79	10.48	True	142.7	120.9	9.736
880	24	1	2.0	elu	20	40	0.001691	2.68	9.21	4.59	7609	500	27.76	17.92	True	381.3	180.4	9.862
881	25	1	2.0	elu	20	40	0.001418	1.83	11.1	4.69	6516	500	26.27	16.42	True	888.4	471.9	17.43
882	24	1	2.0	elu	20	40	0.001116	1.57	6.64	4.37	5802	500	11.54	13.41	True	126.1	104.5	8.943
883	20	1	2.0	elu	20	40	0.001287	1.7	16.4	3.77	9407	500	12.46	12.94	True	154.7	123.9	8.275
884	24	1	2.0	relu	20	40	0.001596	1.92	8.73	4.95	6783	500	2.729e+05	2.67e+04	True	880.3	345.5	19.64
885	21	1	2.0	elu	20	40	0.001347	2.36	6.66	4.58	8686	500	103.8	36.76	True	859.7	375.1	11.35
886	24	1	2.0	elu	20	40	0.001312	3.01	7.74	3.48	9616	500	11.06	10.46	True	297.5	257.7	12.24
887	22	1	2.0	elu	20	40	0.00131	1.68	9.73	4.65	7114	500	14.77	13.88	True	145.1	118.8	10.5
888	24	1	2.0	elu	20	40	0.001522	2.13	8.08	4.88	6265	500	322.7	255.5	True	343.7	199.4	8.413
889	22	1	2.0	elu	20	40	0.001034	1.36	12.8	4.41	8871	500	9.712	9.629	True	194.6	171	9.893
890	24	1	2.0	elu	20	40	0.001155	1.62	7.36	4.48	5723	500	14.8	9.328	True	194.7	169.4	10.02
891	23	1	2.0	elu	20	40	0.001049	1.5	6.15	4.56	5968	500	12.95	12.11	True	185.7	146.9	9.369
892	22	1	2.0	elu	20	40	0.002349	1.34	9.43	4.71	8913	500	22.05	16.18	True	608.9	379.8	15.51
893	18	1	2.0	elu	20	40	0.001546	2.22	9.17	4.41	7320	500	15.11	12.48	True	209.1	166.4	9.838
895	26	1	2.0	elu	20	40	0.001642	1.68	9.63	4.75	7026	500	452.4	722.8	True	639.6	369.6	11.19
894	25	1	2.0	elu	20	40	0.001521	1.78	7.71	4.5	5429	500	15.87	12.68	True	788.2	327.2	85.55
896	21	1	2.0	elu	20	40	0.001438	1.96	8.39	3.91	7204	500	1.421e+04	3285	True	287.2	196	8.79
897	23	1	2.0	elu	20	40	0.001257	1.81	9.74	4.77	7572	500	11.18	10.16	True	196.7	168.4	9.993
898	24	1	2.0	elu	20	40	0.001706	2.83	8.23	4.41	9416	500	18.41	14.71	True	159.1	114	8.73
899	25	1	2.0	elu	20	40	0.0009868	1.59	6.45	4.14	5984	500	19.55	19.29	True	190	135.6	9.122
900	20	1	2.0	elu	20	40	0.001384	1.63	6.73	3.42	8873	500	30.75	16.51	True	375.7	176.2	10.35
901	23	1	2.0	elu	20	40	0.002156	1.12	8.5	3.83	9146	500	5983	1581	True	331.4	216.2	11.24
902	26	1	2.0	elu	20	40	0.001323	1.83	8.68	4.81	5585	500	36.57	19.99	True	274.1	173.5	8.379
903	23	1	2.0	elu	20	40	0.001604	2.42	9.58	4.04	7391	500	23.74	17.35	True	757.6	295.7	104.2
905	19	1	2.0	elu	20	40	0.002341	1.33	8.34	3.54	9095	500	12.75	12.51	True	141.5	114	8.122
904	24	1	2.0	elu	20	40	0.001876	2.12	10.8	4.72	7291	500	19.58	12.21	True	585.8	274.1	64.9
906	21	1	2.0	elu	20	40	0.001234	1.44	10	4.16	7006	500	283.8	272.9	True	412.8	253	11.31
907	25	1	2.0	gelu	20	40	0.001093	1.82	8.14	4.75	5796	500	20.54	19.06	True	336.8	201.7	9.786
908	20	1	2.0	elu	20	40	0.002578	1.42	7.98	3.44	8755	500	1.057e+07	6.178e+04	True	960.6	276.2	9.667
909	26	1	2.0	elu	20	40	0.001527	3.03	9.87	4.45	7275	500	3.161e+06	1.669e+05	True	227.4	158.5	9.001
910	28	1	2.0	elu	20	40	0.001396	3.46	9.28	4.12	8238	500	4.119e+04	3537	True	752.3	158.1	11.8
911	25	1	2.0	elu	20	40	0.001267	1.47	5.82	4.58	6024	500	26.89	17.03	True	394.9	197.8	9.459
912	21	1	2.0	elu	20	40	0.001798	1.12	7.69	3.52	9892	500	18.67	19.6	True	228.8	149	8.36
913	24	1	2.0	elu	20	40	0.001092	1.9	5.91	4.42	5450	500	701.3	293.8	True	414.6	270.4	11.26
914	19	1	2.0	elu	20	40	0.002419	1.27	7.36	3.86	8880	500	14.96	9.646	True	131	112	8.189
915	22	1	2.0	elu	20	40	0.001246	1.62	9.99	4.25	6456	500	15.31	10.84	True	1816	391	356.7
916	20	1	2.0	elu	20	40	0.002484	1.54	9.45	3.57	9418	500	26.09	14.01	True	904.1	387.5	14.37
917	19	1	2.0	elu	20	40	0.00232	1.14	7.08	3.55	8755	500	19.97	10.87	True	164.8	136.8	9.221
918	24	1	2.0	elu	20	40	0.001029	1.21	10.7	4.37	8851	500	11.89	11.79	True	181.4	149.2	8.784
919	19	1	2.0	elu	20	40	0.002823	1.22	9.28	4.87	9982	500	5.426e+07	1.851e+06	True	650.9	330.2	9.033
921	19	1	2.0	elu	40	40	0.002285	1.47	7.95	3.81	9054	500	11.67	9.188	True	465.9	377.5	37.8
920	25	1	2.0	elu	20	40	0.001379	2.36	6.88	4.26	9426	500	1.819e+04	7069	True	401.2	234.4	10.58
922	22	1	2.0	elu	20	40	0.002018	1.7	9.18	4.18	6886	500	12.58	11.89	True	218.6	183.7	8.859
923	21	1	2.0	elu	20	40	0.001586	2.72	9.27	2.76	9464	500	11.15	13.71	True	1114	494.5	9.016
924	22	1	2.0	elu	20	40	0.002188	1.24	6.95	4.56	9121	500	13.63	12.97	True	157.8	131	8.299
925	24	1	2.0	elu	20	40	0.00143	2.82	6.38	4.53	8535	500	24.09	14.59	True	739.4	322.9	11.89
926	18	1	2.0	elu	20	40	0.002576	1.09	8.06	3.23	8817	500	14.95	11.41	True	153.5	127.9	8.408
927	20	1	2.0	elu	20	40	0.002661	1.09	7.86	3.57	9249	500	24.36	20.69	True	210.2	150.9	9.156
928	24	1	2.0	elu	20	40	0.002034	1.09	15.1	4.57	9550	500	44.16	33.54	True	375.2	217.3	8.768
929	30	1	2.0	elu	20	40	0.001802	1.83	10.7	4.97	7350	500	14.62	12	True	271.3	179.4	9.966
930	19	1	2.0	elu	20	40	0.001771	1.65	9.01	4.99	7167	500	39.4	26.51	True	648.1	245	12.07
931	23	1	2.0	elu	20	40	0.001222	1.7	11.6	4.32	6919	500	13.93	9.369	True	478.9	207.6	19.31
932	23	1	2.0	elu	20	40	0.001471	1.55	8.55	4.91	5465	500	110.5	43.12	True	1927	721.2	9.986
933	24	1	2.0	elu	20	40	0.001033	1.59	11.8	4.33	8898	500	18.36	11.05	True	501.4	343.9	38.66
934	21	1	2.0	elu	20	40	0.002285	1.52	7.3	3.91	9295	500	17.65	12.79	True	696.8	330.6	71.84
935	26	1	2.0	elu	20	40	0.001044	1.71	7.11	3.7	5750	500	16.31	14.3	True	451.7	293.4	18.38
936	23	1	2.0	elu	20	40	0.001879	1.79	6.42	4.23	9756	500	108.4	31.2	True	1172	431.1	9.689
937	19	1	2.0	elu	20	40	0.002137	1.2	7.94	4.15	8540	500	761.9	196.5	True	1173	443.4	10.8
938	23	1	2.0	elu	20	40	0.001873	1.15	5.41	4.41	9393	500	19.38	11.79	True	195.7	137.8	8.288
939	18	1	2.0	elu	20	40	0.002443	1.26	8.33	3.79	9088	500	69.71	28.2	True	1255	443	10.69
940	22	1	2.0	elu	20	40	0.001406	1.89	10.3	4.97	6609	500	13.09	12.85	True	158.4	124.1	7.823
941	25	1	2.0	elu	20	40	0.001132	1.64	5.73	4.22	6431	500	25.56	23.64	True	172.5	123.2	8.659
942	22	1	2.0	elu	20	40	0.001039	1.72	9.61	4.9	7089	500	22.17	16.58	True	918.9	281	10.65
943	25	1	2.0	elu	20	40	0.0009284	1.6	8.54	4.87	5881	500	12.39	11.85	True	213.9	185.6	11.88
944	20	1	2.0	elu	20	40	0.002589	1.3	6.25	4.15	8894	500	15.39	13.08	True	155.2	122.1	9.503
945	23	1	2.0	elu	20	40	0.001246	1.12	16	3.99	8906	500	17.98	10.82	True	195.8	152.1	9.869
946	24	1	2.0	elu	20	40	0.001917	2.24	6.4	3.91	9327	500	176.7	306.8	True	496.7	247	9.754
947	22	1	2.0	elu	20	40	0.002648	1.45	10.1	4.02	9082	500	21.52	15.74	True	1020	464.3	65.64
948	25	1	2.0	elu	20	40	0.001947	2.17	8.51	4.87	7178	500	34.15	20.94	True	356	232.4	12.84
949	20	1	2.0	elu	20	40	0.002	1.41	10.8	3.58	8859	500	25.09	14.32	True	975.6	462.7	11.59
950	19	1	2.0	elu	20	40	0.001486	1.93	6.42	3.82	9340	500	157.4	101.8	True	250.1	160.6	8.222
952	17	1	0.5	elu	20	40	0.002597	1.21	7.84	3.98	8517	500	16.14	17.36	True	160.7	135.4	8.622
951	25	1	2.0	elu	20	40	0.001892	1.21	9.96	4.71	10000	500	16.68	15.09	True	151.4	115.8	8.215
953	24	1	2.0	elu	20	40	0.0008311	1.72	6.3	4.79	6281	500	70.53	52.36	True	531.5	280.9	8.862
954	24	1	2.0	elu	20	40	0.002304	1.99	10.6	4.37	9194	500	22.25	23.08	True	171.3	127.2	9.56
955	19	1	2.0	elu	20	40	0.001596	1.91	8.28	4.21	7810	500	10.09	13.91	True	183.4	151.4	8.957
956	22	1	2.0	elu	20	40	0.001846	2.39	5.9	4.28	9726	500	12.72	13.31	True	169.9	136.4	8.779
957	23	1	2.0	elu	20	40	0.001081	1.3	7.46	4.7	5775	500	12.13	9.933	True	223	185.5	10.95
958	21	1	2.0	elu	20	40	0.001982	1.17	9.14	3.31	8830	500	24.34	23.7	True	231.1	155	8.462
959	25	1	2.0	elu	20	40	0.00155	1.81	8.42	4.98	5817	1000	20.97	13.9	True	949.7	554.7	10.57
960	26	1	2.0	elu	20	40	0.001002	1.78	7.63	4.55	6680	500	30.47	18.35	True	475.9	312.8	19.78
961	20	1	2.0	elu	20	40	0.001641	1.73	11.1	4.37	6622	500	36.17	48.56	True	629.9	245.3	10.82
962	24	1	2.0	elu	20	40	0.00176	1.02	19.1	4.37	9712	500	12.15	8.974	True	166.2	120.9	8.138
963	25	1	2.0	elu	20	40	0.001386	2.97	9.05	4.25	8011	500	15.65	12.69	True	208.4	151.9	9.656
964	23	1	2.0	elu	20	40	0.001963	1.09	6.39	4.97	9921	500	1782	2928	True	427.6	162.2	8.925
966	20	1	2.0	elu	20	40	0.001568	2.02	8.87	3.29	8512	500	11.58	12.17	True	169.3	150.1	8.839
965	30	1	2.0	elu	20	40	0.001496	1.64	9.4	4.95	7590	500	1122	386.3	True	911.6	253.7	13.55
967	25	1	2.0	elu	20	40	0.001546	3.04	5.98	3.99	9083	500	14.48	14.48	True	170.8	126.9	9.23
968	26	1	2.0	elu	20	40	0.001234	2.24	9.45	4.62	5855	500	6.07e+04	5224	True	1320	568.9	24.31
969	18	1	2.0	elu	20	40	0.002227	1.09	8.56	3.55	9673	500	1.132e+04	2372	True	285.8	172.6	8.85
970	25	1	2.0	elu	20	40	0.001797	3.14	9.76	4.17	8004	500	2.214e+06	3.222e+04	True	970.2	410.4	9.627
971	25	1	2.0	elu	20	40	0.001382	1.75	8.2	4.29	6380	500	365.2	193.5	True	771.5	413.1	11.46
972	25	1	0.5	elu	20	40	0.00115	1.46	6.24	4.74	5593	500	14.9	12.22	True	180.2	136.9	8.556
973	24	1	2.0	elu	20	40	0.0009264	1.53	5.87	4.18	5399	500	100.6	96.5	True	295.3	198.9	9.514
974	23	1	2.0	elu	20	40	0.001069	1.57	7.87	4.56	6875	500	15.15	12.01	True	1037	531.6	71.37
975	18	1	2.0	elu	20	40	0.002579	1.57	8.41	3.42	9236	500	14.42	13.15	True	172.7	129.8	8.378
976	21	1	2.0	elu	20	40	0.0015	1.93	8.38	4.64	9053	500	9.627	11.02	True	570.5	294.9	51.01
977	23	1	2.0	elu	20	40	0.001834	1	5.63	4.05	9840	500	25.89	15.54	True	182.8	121.1	8.957
978	23	1	2.0	elu	20	40	0.00186	1.34	19.2	4.33	9492	500	3.648e+04	972.9	True	760.3	292.7	9.925
979	23	1	2.0	elu	20	40	0.001035	1.41	7.06	4.45	8620	500	34.92	13.99	True	297.4	194.1	9.294
980	18	1	2.0	elu	20	40	0.002154	1.21	9.47	3.39	9199	500	12.34	10.76	True	145.1	120.2	8.412
981	23	1	2.0	gelu	20	40	0.002079	1.86	10.6	4.79	8974	500	27.95	13.58	True	347	165.5	8.956
982	24	1	2.0	elu	20	40	0.001907	1.73	8.62	3.84	6083	500	48.65	27.38	True	1617	792.1	13.09
983	18	1	1.0	elu	20	40	0.002164	1.19	9.89	3.5	8944	500	25.37	22.85	True	1253	737.8	11.77
984	21	1	2.0	elu	20	40	0.00178	1.19	8.45	3.61	8122	500	12.68	14.68	True	189.5	148.2	8.721
985	21	1	2.0	elu	20	40	0.001396	1.48	8.7	4.71	6659	500	27.85	17.4	True	559.2	276	20.06
986	17	1	2.0	elu	20	40	0.002204	1.29	9.78	3.38	9707	500	19.88	18.91	True	234.3	170	8.774
987	22	1	2.0	elu	20	160	0.001145	1.63	10.7	4.56	7394	500	13.03	11.14	True	394	308.3	13.86
988	27	1	2.0	elu	20	40	0.001463	1.83	7.17	4.78	5745	500	25.17	19.91	True	759	370.1	9.785
989	24	1	2.0	elu	20	40	0.001311	1.63	8.88	4.66	5927	500	11.68	11.69	True	222.7	184.9	9.222
990	24	1	2.0	elu	20	40	0.001526	3.04	8.64	3.89	8680	500	1.48e+08	4.151e+05	True	181.8	116.2	8.864
991	17	1	2.0	elu	40	40	0.002211	1.25	7.52	4.05	9227	500	13	13.4	True	355.4	271.6	12.19
993	17	1	2.0	elu	20	40	0.002687	1.4	9.35	4.49	9628	500	12.23	8.601	True	182.6	155.8	10.48
992	25	1	2.0	elu	20	40	0.001451	2.78	6.67	3.53	9225	500	42.55	29.59	True	496.2	264.4	15.44
994	25	1	2.0	elu	20	40	0.001796	1.63	9.21	4.65	5973	500	4709	2434	True	329.6	190.7	8.501
995	24	1	2.0	elu	20	40	0.001732	1.77	6.05	3.68	9511	500	243.5	111.5	True	664.8	236.6	11.28
996	18	1	2.0	elu	20	40	0.002518	1.25	8.25	3.3	9747	500	14.94	13.8	True	156.7	112.5	9.268
997	27	1	2.0	elu	20	40	0.001432	1.94	10	4.81	6901	500	18.6	11.75	True	165.2	120.9	8.155
998	25	1	2.0	elu	20	40	0.001564	1.93	9.92	4.36	5839	500	33.74	26.66	True	750.2	377.4	8.987
999	23	1	2.0	elu	20	40	0.002053	2.58	5.84	3.67	9445	500	16.68	16.57	True	173.5	126.7	10.43
1000	20	1	2.0	elu	20	40	0.002061	1.31	6.94	3.5	8999	500	30.83	19.96	True	540	222.3	9.705
1001	23	1	2.0	elu	20	40	0.001302	1.28	9.94	4.75	8845	500	17.04	17.45	True	204.4	159	8.131
1002	18	1	2.0	elu	20	40	0.002051	1.54	8.19	3.39	9122	500	15.52	12.69	True	178.6	124.6	8.833
1004	19	1	2.0	elu	20	40	0.002664	1.44	7.44	4.68	9630	500	16.23	12.35	True	830.6	343.8	11
1003	26	1	2.0	elu	20	40	0.001565	1.81	9.19	4.94	6387	500	26.71	24.66	True	203.1	138	8.284
1005	23	1	2.0	elu	20	40	0.001218	1.56	5.15	4.5	5746	500	16.28	17.25	True	163	118.4	9.153
1006	32	1	2.0	elu	20	40	0.001376	1.82	11.5	4.74	7225	500	43.27	66.71	True	1328	386.3	10.29
1007	27	1	2.0	elu	20	40	0.001583	2.62	9.93	4.46	8026	500	11.07	10.54	True	141.6	113.2	9.236
1008	24	1	2.0	elu	20	40	0.001768	2.87	7.27	4.69	7531	500	2900	753.2	True	270.5	179.9	8.381
1009	26	1	2.0	elu	20	40	0.001673	2.2	10.1	4.76	7184	500	13.9	12.06	True	419.8	176.6	53.12
1010	23	1	1.0	elu	20	40	0.001504	2.84	7.55	4.68	9176	500	50.82	30.21	True	302.8	163.3	9.974
1011	19	1	2.0	elu	20	40	0.002415	1.29	7.87	3.69	7972	500	1.091e+10	1.232e+08	True	1101	433.4	10.07
1012	18	1	2.0	elu	20	40	0.001879	1.08	9.69	3.32	9193	500	12.33	12.08	True	165.9	124.4	8.254
1013	23	1	2.0	elu	20	40	0.001459	3.55	6.39	4.25	8882	500	16.6	13.57	True	229.3	193.8	10.42
1014	23	1	2.0	elu	20	40	0.001626	1.75	11.6	3.8	7071	500	10.54	11.37	True	156.4	116.7	10.13
1015	20	1	2.0	elu	20	40	0.001573	2.26	6.7	4.71	8953	500	13.13	13.2	True	182.1	145.5	8.982
1016	28	1	2.0	elu	20	40	0.001475	2.79	10.3	4.05	8666	500	9.297e+06	7.318e+04	True	372.2	219.1	9.335
1017	23	1	2.0	elu	20	40	0.0008876	2.01	8.6	4.59	6670	500	19.09	18.42	True	239.8	199.9	9.435
1018	25	1	2.0	elu	20	40	0.001495	2.63	12.1	4.19	7850	500	31.94	21.46	True	467	198.6	8.875
1019	23	1	2.0	elu	20	80	0.00104	1.53	7.36	3.81	5821	500	24.02	24.05	True	724.6	365.9	29.44
1020	25	1	2.0	elu	20	40	0.001395	1.78	9.97	4.96	7383	500	12.83	13.05	True	167.5	129	8.535
1021	19	1	2.0	elu	20	40	0.002017	1.62	7.27	4.61	9544	500	14.94	13.66	True	194	149.5	8.206
1022	18	1	2.0	elu	20	40	0.002382	1.18	9.8	2.9	9535	500	14.07	9.522	True	188.9	151.2	8.772
1023	17	1	2.0	elu	20	40	0.001753	1.27	9.29	3.64	9342	500	24.2	25.01	True	291.3	220.4	11.08
1024	25	1	2.0	elu	40	40	0.001483	2.04	6.71	4.87	5602	500	10.13	11.2	True	218.9	197	11.16
1025	17	1	2.0	elu	20	40	0.00227	1.43	10.2	3.53	8940	500	5724	2105	True	298.7	159.7	8.571
1026	22	1	2.0	elu	20	40	0.00118	1.52	10.4	4.94	6733	500	10.88	9.834	True	502.8	286.8	24.8
1027	22	1	2.0	elu	20	40	0.001728	3.07	9.49	4.38	8543	500	36.54	23.92	True	306	188.6	9.732
1029	21	1	2.0	elu	20	40	0.001257	1.72	9.48	4.73	7145	500	85.04	38.38	True	648.2	309	9.285
1028	29	1	2.0	elu	20	40	0.001779	2.84	8.34	4.6	8451	500	27.21	20.15	True	850.8	513.5	11.94
1030	17	1	2.0	elu	20	40	0.002419	1.49	7.16	3.12	8372	500	18.05	14.23	True	163.7	119	8.492
1031	19	1	2.0	elu	20	40	0.002775	1.22	7.12	3.76	8732	500	906.5	443.9	True	858.6	286	9.923
1032	21	1	2.0	elu	20	40	0.001902	2.48	6.51	3.98	8619	500	18.78	15.17	True	172	121.8	9.554
1033	26	1	2.0	elu	20	40	0.001628	2.7	11.1	4.93	8718	500	146.6	56.53	True	893.2	436.2	13.37
1034	19	1	2.0	elu	20	40	0.002889	1.54	9.53	4.06	9303	500	16.42	14.85	True	240.7	153.4	7.968
1035	23	1	2.0	elu	20	40	0.002082	1.15	8.2	3.3	9668	500	30.04	18.53	True	241.8	155.1	8.579
1036	31	1	2.0	elu	20	40	0.001474	2.73	9.47	4.64	7978	500	21.11	12.99	True	161.1	125.4	9.118
1037	26	1	2.0	elu	40	40	0.001616	1.81	11.9	4.9	6976	500	16.41	15.06	True	293.1	237.3	12.06
1038	25	1	2.0	elu	20	40	0.001995	1.84	7.29	4.92	7439	500	12.93	11.42	True	702.4	327.4	9.707
1039	19	1	2.0	elu	20	40	0.002298	1.12	6.17	4.1	8460	500	58.45	47.42	True	270.4	161.8	8.105
1041	19	1	2.0	elu	20	80	0.002166	1.25	6.86	4.18	9139	500	13.98	13.94	True	254.4	223.9	10.04
1040	29	1	2.0	elu	20	40	0.001625	2.52	10.9	4.98	7861	500	27.39	18.5	True	877.2	389.4	9.76
1042	21	1	2.0	elu	20	40	0.002021	1.04	7.34	3.42	9399	500	15.1	9.704	True	324.2	205.2	10.64
1043	27	1	2.0	elu	20	40	0.001417	2.02	8.75	4.54	6330	500	12.49	11.1	True	731.4	307.5	91.56
1044	22	1	2.0	elu	20	40	0.001009	1.44	10.5	4.52	9219	500	9.636	12.37	True	153.3	131	8.752
1045	24	1	2.0	elu	20	40	0.001944	1.59	11.2	4.45	6463	500	27.25	15.76	True	178.9	137.4	9.468
1046	18	1	2.0	elu	20	40	0.00245	1.16	9.79	3.35	8637	500	34.19	27.5	True	271.4	168.5	8.165
1048	25	1	2.0	elu	20	40	0.001194	1.61	6.86	4.46	7069	500	14.23	11.52	True	753.8	342.2	8.645
1047	27	1	2.0	elu	20	40	0.001508	2.74	8.91	4.89	8219	500	22.35	11.77	True	142.6	113	8.334
1049	18	1	2.0	elu	20	40	0.001952	1.23	8.27	3.17	9131	500	24.45	24.93	True	350.8	189.8	9.895
1050	18	1	2.0	elu	20	40	0.002064	1.35	7.44	4.92	9782	500	26.78	29.7	True	324.6	187.6	8.461
1052	27	1	2.0	elu	20	40	0.001636	2.9	7.31	4.95	7818	500	7.407e+09	2.561e+07	True	163.7	122.6	8.478
1051	31	1	2.0	elu	20	40	0.001508	2.84	10.9	4.2	8600	500	18.1	14.81	True	186.2	145.4	8.639
1053	26	1	2.0	elu	20	40	0.001025	1.45	6.93	4	5238	500	23.92	14.97	True	401.7	190.3	10.75
1054	24	1	2.0	elu	20	40	0.001872	1.34	10.4	3.75	7131	4000	30.2	29.32	True	459.8	178.9	10.92
1055	24	1	2.0	elu	20	40	0.001396	2.48	6.9	3.97	8805	500	43.65	17.4	True	577.6	266.5	10.94
1056	24	1	2.0	elu	20	40	0.001886	1.13	16.9	4.85	9089	500	3.656e+04	4002	True	310.4	186.6	8.611
1057	28	1	2.0	elu	20	40	0.00155	2.51	10.4	4.75	7142	500	27.1	22.49	True	158.5	120.5	8.706
1058	30	1	2.0	elu	20	40	0.001328	2.54	10	4.38	8365	500	10.79	10.26	True	128.5	107.8	8.321
1059	26	1	2.0	elu	20	40	0.001026	1.59	6.54	4.89	5700	500	18.69	17.95	True	1262	628.9	12.88
1060	25	1	2.0	elu	20	40	0.001397	2.68	9.41	4.63	8621	4000	16.1	12.01	True	182.9	135.3	10.21
1061	27	1	2.0	elu	20	40	0.0018	2.63	10.6	4.12	8017	500	396.6	120.4	True	865.9	346.8	9.462
1062	22	1	2.0	elu	20	40	0.002813	1.45	8.15	3.97	9578	500	16.59	9.903	True	562.5	367.8	23.4
1063	24	1	2.0	elu	20	40	0.001655	1.68	7.61	4.75	6093	500	27.27	25.7	True	237.5	144.1	8.668
1064	23	1	2.0	elu	20	40	0.001062	1.48	12.7	4.15	8232	500	54.78	45.87	True	545.1	391.2	9.973
1065	26	1	2.0	elu	20	40	0.001287	2.3	9.4	4.83	8231	500	34.53	22.3	True	575.3	285.9	16.12
1066	20	1	2.0	elu	20	40	0.002242	1.17	6.22	3.93	9930	500	28.16	23.19	True	645.6	349	30.72
1067	31	1	2.0	elu	20	40	0.001208	2.59	9.49	4.83	8953	500	44.42	34.43	True	265	176.6	9.841
1068	27	1	2.0	elu	20	40	0.001704	1.92	12.2	4.74	7487	500	14.28	8.804	True	136.4	112.5	8.575
1069	18	1	2.0	elu	20	40	0.00254	1.49	6.77	3.45	9049	500	13.77	11.86	True	174.9	145.2	8.727
1070	27	1	1.0	elu	20	40	0.001626	2.62	8.5	4.76	8497	500	424	235.7	True	574.9	245.1	9.247
1072	18	1	2.0	elu	20	160	0.002716	1.31	8.12	3.74	9645	500	14.47	15.73	True	321.1	259.9	11.17
1071	25	1	2.0	elu	20	40	0.001644	2.01	16	4.67	7267	500	31.74	17.09	True	153.5	114.9	8.999
1074	19	1	2.0	elu	20	40	0.002436	1.17	9.53	4.29	9992	1500	14.59	11.2	True	374.4	206.3	9.686
1073	26	1	2.0	elu	20	40	0.001539	1.48	8.37	4.83	6004	500	25.04	145.2	True	349.9	230.6	9.711
1075	21	1	2.0	elu	20	40	0.002121	1.94	12.1	4.02	8896	500	22.94	20.04	True	1203	322	17.5
1076	20	1	2.0	elu	20	40	0.001573	2.77	9.44	4.35	8111	500	9775	2379	True	353	221	9.84
1077	23	1	2.0	elu	20	40	0.001976	1.64	9.57	3.74	7341	3000	80.62	137.1	True	279.8	139.5	8.713
1078	26	1	2.0	elu	20	40	0.001556	3.16	7.44	4.94	8633	500	11.69	8.38	True	159.8	134.5	9.858
1079	19	1	2.0	elu	20	40	0.002397	1.42	9.48	3.22	8984	500	19.44	26.35	True	598.7	232.2	8.465
1080	21	1	2.0	gelu	20	40	0.002519	1.28	7.75	4.08	8861	500	15.99	12.45	True	240.5	145.7	8.45
1081	28	1	2.0	elu	20	40	0.001133	2.71	10.1	4.51	8374	500	14.44	16.27	True	154.7	132.2	8.512
1082	26	1	2.0	elu	20	40	0.001882	2.09	14.8	4.25	7557	500	13.13	11.89	True	933.9	353	9.025
1084	20	1	2.0	elu	20	40	0.002219	1.49	7.77	3.38	9592	500	91	137	True	441.1	197.1	8.872
1083	28	1	2.0	elu	20	40	0.001746	2.21	15.5	4.8	7359	500	11.81	9.128	True	143.8	111.4	8.652
1085	28	1	2.0	elu	20	40	0.001594	3.25	9.45	4.73	7940	500	13.91	12.41	True	160.3	118.1	9.068
1086	28	1	2.0	elu	20	160	0.001436	2.91	9.3	4.68	8438	500	11.95	12.31	True	249.7	204.7	12.22
1087	24	1	2.0	elu	20	40	0.00122	2.17	8.12	4.69	5756	500	68.08	65.22	True	231.7	140.3	7.898
1088	29	1	2.0	elu	20	40	0.001755	3.2	10.3	4.28	7084	500	18.18	13.08	True	189.4	135.3	8.602
1089	24	1	2.0	elu	20	40	0.001068	1.52	14.3	4.06	9292	4000	11.01	13.35	True	326.3	185.4	9.097
1090	23	1	2.0	elu	20	40	0.001637	2.1	6.94	4.07	9230	500	11.83	9.997	True	134.7	114.9	8.425
1091	26	1	0.5	elu	20	80	0.001444	3.18	9.12	4.82	7939	500	14.34	9.594	True	287	228.3	13.33
1092	31	1	2.0	elu	20	40	0.001315	2.35	10.7	4.61	8166	500	1.837e+05	4234	True	1145	528.1	14.47
1093	28	1	2.0	elu	20	40	0.001279	2.28	7.72	4.65	8143	500	18.11	12.44	True	628.3	358.1	14.6
1095	18	1	2.0	elu	20	40	0.001373	2.16	7.87	4.57	8562	500	14.08	11.25	True	201.9	168.9	9.097
1094	32	1	2.0	elu	20	40	0.001651	2.96	10.5	4.83	8652	500	18.79	18.48	True	176.7	134.2	8.945
1096	26	1	2.0	elu	20	40	0.00167	2.24	8.46	4.24	8572	500	102.8	85.95	True	251.2	154.4	8.641
1097	23	1	2.0	elu	20	40	0.00156	1.16	11	4.16	9341	500	33.72	27.73	True	166.4	127.1	8.164
1099	18	1	2.0	elu	20	40	0.002487	1.23	5.56	3.82	8769	500	13.48	14.03	True	153.4	124.7	8.783
1098	26	1	2.0	relu	20	40	0.001577	2.28	9.11	4.44	7787	500	65.6	41.57	True	401	225.9	11.5
1100	24	1	2.0	elu	20	40	0.001491	2.1	6.19	3.66	9713	500	154.1	43.11	True	679.7	398.8	8.949
1101	23	1	2.0	elu	20	40	0.001583	2.88	8.37	3.08	9605	500	44.92	30.18	True	698.6	352.9	9.493
1102	25	1	2.0	elu	20	40	0.001547	2.31	5.87	4.02	9001	500	14.09	14.42	True	225.1	177.5	8.655
1103	26	1	2.0	elu	20	40	0.0008788	1.69	7.35	4.88	6596	1500	67.83	79.32	True	343.8	217.4	9.554
1104	22	1	2.0	elu	20	40	0.001577	1.02	7.39	3.74	9375	500	5.505e+04	2802	True	465.8	234.5	8.831
1105	18	1	2.0	elu	20	40	0.002316	1.38	7.16	2.72	9255	500	13.55	15.12	True	652.8	360.2	8.73
1106	30	1	2.0	elu	20	40	0.001433	2.72	9.33	4.82	8879	500	9.607	11.65	True	159.8	119.6	10.47
1107	26	1	2.0	elu	20	40	0.001874	1.69	10.5	4.88	7352	500	12.7	16.68	True	180	142.6	8.657
1108	28	1	2.0	elu	20	40	0.001119	2.17	10.1	4.27	8266	500	11.14	12.51	True	145.2	120.2	9.552
1109	26	1	2.0	elu	20	40	0.001628	3.18	8.04	4.29	9001	500	32.43	27.16	True	329.4	183.3	9.48
1110	23	1	2.0	elu	20	40	0.001638	2.16	7.69	4.55	9487	500	32.69	26.55	True	183.4	125.5	9.479
1111	28	1	2.0	elu	20	40	0.001251	2.75	10.4	4.14	7507	500	14.21	11.66	True	189.2	136.1	9.475
1112	19	1	2.0	elu	20	40	0.002479	1.25	10.1	4.25	9314	500	13.54	14.31	True	149.9	124.5	7.903
1113	26	1	2.0	elu	20	80	0.001407	1.8	7.71	4.88	6255	500	10.2	11.31	True	182.9	155.5	11.23
1114	27	1	2.0	elu	20	40	0.001715	1.64	16.6	4.97	7219	500	239	112	True	708.9	370	8.668
1115	20	1	2.0	elu	20	40	0.001595	2.31	8.81	3.51	9711	500	13.99	14.74	True	137	111.6	8.724
1117	18	1	2.0	elu	20	40	0.001699	2.64	7.98	3.26	9400	500	18.96	15.7	True	217.9	164.3	10.97
1116	26	1	2.0	elu	20	40	0.001537	1.78	12.1	4.66	7684	500	1029	571.8	True	342.2	169.2	8.82
1119	22	1	2.0	elu	20	80	0.001407	3.48	7.6	4.17	9235	500	10.14	8.785	True	685.7	454.5	64.02
1118	24	1	2.0	elu	20	40	0.0009758	2.01	8.47	4.47	5813	500	16.83	19.79	True	143.7	114.4	9.499
1121	20	1	2.0	elu	20	40	0.001786	2.53	11	3.61	9647	500	21.84	12.3	True	164.3	138.2	10.73
1120	28	1	2.0	elu	20	40	0.001815	1.95	11.2	4.72	8041	500	1.189e+07	7.364e+04	True	885.4	240.3	10.65
1122	25	1	2.0	elu	20	40	0.001499	2.62	7.57	4.8	9383	500	2128	1242	True	538.3	310.5	18.37
1123	26	1	2.0	elu	20	40	0.001881	1.9	19.4	4.94	7427	500	16.24	13.95	True	983.2	491.9	7.85
1124	24	1	2.0	elu	20	160	0.001623	2.15	6.71	4.02	9312	500	15.87	14.49	True	396.7	269.4	13.83
1125	24	1	2.0	elu	20	40	0.001709	1.84	6.86	3.98	8864	1500	22.42	17.67	True	178.7	132.4	8.503
1126	32	1	1.0	elu	20	40	0.001474	2.58	11.4	4.85	8072	500	16.37	11.42	True	169.3	128.5	8.962
1127	28	1	2.0	elu	20	40	0.001696	1.61	15	4.35	7501	500	14.22	9.367	True	167.2	125.5	11.04
1128	26	1	2.0	elu	20	40	0.001351	3.29	8.57	4.59	8923	500	23.81	41.3	True	521	276.3	9.884
1129	24	1	2.0	elu	20	40	0.001199	1.37	18.4	3.53	8915	500	20.59	10.77	True	176.1	128	8.121
1130	22	1	2.0	elu	20	40	0.00163	1.99	8.33	3	9840	500	18.06	17.23	True	163.5	116.7	9.033
1131	18	1	2.0	elu	20	40	0.001593	2.32	9.39	3.31	9665	500	12.42	8.564	True	207.8	172.5	9.918
1132	23	1	2.0	elu	20	40	0.001162	1.42	7.11	4.1	5162	500	1.046e+06	1.871e+04	True	291.7	135.7	9.447
1133	23	1	2.0	elu	20	40	0.001582	1.99	6.72	4.67	8753	500	30.85	18.62	True	494.2	286.3	9.738
1135	20	1	2.0	elu	20	40	0.001483	2.1	9.15	3.5	9608	1000	11.56	10.12	True	140.7	114	8.99
1134	29	1	2.0	elu	20	40	0.001204	2.57	10.6	3.78	8608	500	14.63	12.18	True	175.8	141.9	9.288
1136	19	1	2.0	elu	20	40	0.001447	2.08	8.49	3.57	9868	1000	30.78	22.19	True	741.9	266	14.89
1137	18	1	2.0	elu	20	40	0.001417	1.71	9.69	3.63	9623	1000	25.07	22.43	True	399.2	213.4	8.802
1138	27	1	2.0	elu	20	40	0.001532	2.26	11.9	4.16	7374	500	213	112.3	True	226.3	124.6	9.491
1139	28	1	2.0	elu	20	40	0.001715	1.95	18.8	4.76	7561	500	351.5	24.34	True	323	200.4	8.622
1141	17	1	2.0	elu	20	40	0.002422	1.18	7.02	3.85	9586	500	14.43	8.905	True	133.6	108.5	8.708
1140	24	1	2.0	elu	20	40	0.001903	2.11	8.76	4.86	6460	1000	33.16	20.21	True	1038	380.8	9.967
1142	28	1	2.0	elu	20	40	0.00147	2.56	9.21	4.31	7765	500	13.64	13.97	True	230.8	186.8	9.499
1143	21	1	2.0	elu	20	40	0.00151	1.98	7.33	4.71	7950	500	12.11	9.629	True	166.9	146.9	9.588
1144	20	1	2.0	elu	20	40	0.00134	1.95	9.75	3.11	9879	1000	1397	342	True	628.2	301.5	9.394
1145	23	1	2.0	elu	20	40	0.001752	2	13.5	4.39	7502	500	20.81	11.23	True	224.1	161.7	9.51
1147	17	1	2.0	elu	20	40	0.002782	1.1	5.83	3.47	9751	500	18.81	14.29	True	593.8	393.9	29.16
1146	29	1	2.0	elu	20	40	0.001483	3.01	12.8	3.96	8233	500	14.95	11.05	True	169.6	129.5	10.33
1149	19	1	2.0	elu	20	160	0.002095	1	7.58	3.84	9700	500	14.95	14.88	True	493.9	428.4	26.17
1148	30	1	2.0	elu	20	40	0.001665	2.38	13.6	4.8	7447	500	429.5	276.9	True	515.5	241.2	8.45
1150	29	1	2.0	elu	20	40	0.001903	1.94	12.5	4.27	7563	500	76.44	65.68	True	984.9	562	10.98
1151	25	1	2.0	elu	20	40	0.001135	1.99	9.56	4.88	6436	500	19.16	11.43	True	724.1	484.1	12.41
1152	24	1	2.0	elu	80	40	0.001208	1.45	6.36	4.05	6109	500	11.45	11.02	True	286	255	17.73
1153	19	1	2.0	elu	20	40	0.001468	2.33	10.6	3.46	9944	1000	11.96	16.65	True	142.1	111.7	9.404
1154	21	1	2.0	elu	20	40	0.00136	2.68	9.67	3.77	9801	1000	12.17	9.716	True	205.7	162	10.34
1155	25	1	1.0	elu	20	40	0.001148	1.78	6.43	4.02	5981	500	39.56	29.69	True	234.9	138.1	11.19
1156	27	1	2.0	elu	20	40	0.001931	2.18	9.27	4.91	7736	500	24.38	10.87	True	177	128.6	8.737
1157	19	1	2.0	elu	20	40	0.001541	2.22	12.3	3.6	9812	1000	10.43	9.565	True	195.7	121.7	9.432
1159	16	1	2.0	elu	20	40	0.002499	1.28	7.17	3.52	9776	500	12.23	13.37	True	141.9	112.7	8.387
1158	27	1	2.0	elu	20	40	0.001347	1.42	11.5	4.78	6967	500	6.647e+04	7197	True	293.5	202.3	7.938
1160	14	1	2.0	elu	20	40	0.002494	1.45	7.17	3.02	9770	500	79.59	36.42	True	1124	417	80.68
1161	17	1	2.0	elu	20	40	0.002466	1.17	6.53	4.46	9813	500	16.41	10.59	True	197.6	147.8	8.26
1162	18	1	2.0	elu	20	40	0.002236	1.01	9.14	4.66	9673	3000	12.1	12.17	True	165	133.8	10.08
1163	16	1	0.5	elu	20	40	0.002444	1.23	6.69	3.78	9519	500	14.28	11.68	True	152.6	125.2	9.1
1165	15	1	2.0	elu	20	40	0.002342	1.2	6.34	4.25	9156	500	13.14	10.95	True	1005	509.9	14.51
1164	21	1	2.0	elu	20	40	0.001303	2.16	9.14	3.73	9490	1000	21.11	21.62	True	387.5	173.5	9.625
1166	17	1	2.0	elu	20	40	0.002181	1.09	6.13	3.21	9852	500	12.69	12.71	True	234.9	159.7	8.694
1167	20	1	2.0	elu	20	40	0.001602	1.96	8.71	4.2	9579	1000	11.27	10.33	True	134.6	110	9.527
1168	21	1	2.0	elu	20	40	0.001931	1.89	10.4	3.62	9766	500	106.9	55.91	True	1173	524.7	10.27
1169	19	1	2.0	elu	20	40	0.001643	1.91	9.61	4.16	9478	1000	19.32	21.74	True	224.8	143.5	9.005
1170	20	1	2.0	elu	20	40	0.002272	1.22	9.31	3.59	8647	500	50.69	39.59	True	651.2	262.1	11.33
1171	20	1	2.0	elu	20	40	0.001487	2.52	9.26	4.18	9029	1000	50.86	107.2	True	382.9	181.4	8.434
1172	19	1	2.0	elu	20	40	0.00157	2.26	7.08	3.59	9713	500	28.07	32.58	True	382.5	258	10.92
1174	21	1	2.0	relu	20	40	0.00216	1.15	7.44	3.99	9111	500	44.44	37.62	True	547.4	232.1	9.39
1173	27	1	2.0	elu	20	40	0.001324	2.37	10.4	4.96	8839	500	402	83.88	True	760.7	355.2	11.43
1175	20	1	2.0	elu	20	40	0.001588	2.18	9.34	3.58	9761	500	14.19	14.9	True	171.8	135.5	8.06
1176	30	1	2.0	elu	20	40	0.001125	2.54	8.42	4.19	8496	4000	17.31	18.84	True	172.9	131.6	9.573
1177	19	1	2.0	elu	20	40	0.001449	2.38	10.2	3.34	9140	500	13.86	9.422	True	426.1	316.2	21.31
1178	28	1	2.0	elu	20	40	0.001777	2.47	8.59	4.01	8114	500	20.06	13.01	True	204.5	174.9	13.74
1179	28	1	2.0	elu	20	40	0.001573	2.02	16.5	4.13	7827	500	20.31	18.77	True	194.9	142.8	8.293
1180	19	1	2.0	elu	20	40	0.001475	2.38	9.39	2.85	9496	500	16.89	11.02	True	1032	477.8	21.17
1181	19	1	2.0	elu	20	40	0.001591	1.88	9.51	2.99	9553	1000	46.88	47.62	True	415.2	203.7	9.231
1182	24	1	2.0	elu	20	40	0.001041	2.27	7.82	4.93	6358	500	335.7	186.1	True	410.1	225.4	9.515
1183	32	1	2.0	gelu	20	40	0.001828	2.91	9.35	4.22	8238	500	11.02	11.4	True	148.4	117	9.111
1184	25	1	2.0	elu	20	40	0.001547	2.55	7.37	3.86	9874	500	293	114	True	1727	765.6	9.09
1185	21	1	2.0	elu	20	40	0.001872	1.47	8.57	4.37	9843	500	6370	834.9	True	1041	335.9	8.621
1187	20	1	2.0	elu	20	160	0.001483	1.7	9.24	4.03	9489	1000	10.26	9.838	True	213	186.7	11.01
1186	30	1	2.0	elu	20	40	0.001516	1.77	14.5	4.38	7375	500	14.07	11.39	True	180.5	153.2	9.008
1189	23	1	2.0	elu	20	40	0.001597	1.8	7.09	3.74	9698	2000	16.19	73.48	True	321.9	166.2	8.971
1188	31	1	2.0	elu	20	40	0.001747	1.77	14.1	4.81	7501	500	29.9	19.43	True	955.9	560.1	14.16
1190	20	1	2.0	elu	80	40	0.001843	2.17	10.2	3.6	9524	1000	11.27	11.72	True	2550	2337	89.6
1191	20	1	2.0	elu	20	40	0.002895	1.15	6.86	3.58	9867	500	6.9e+07	2.226e+04	True	506.6	200.2	9.187
1193	24	1	2.0	elu	20	40	0.0009817	1.31	6.33	4.75	5307	500	14.55	10.27	True	210.3	167.1	9.554
1192	32	1	2.0	elu	20	160	0.001533	2.91	10	4.36	7303	500	15.47	9.851	True	222.8	185.8	10.96
1194	24	1	2.0	elu	20	40	0.001117	1.4	5.43	4.72	5204	500	18.2	17.73	True	163.7	132.3	8.689
1195	25	1	2.0	elu	120	40	0.001248	2.82	8.14	4.36	9525	500	11.84	10.3	True	3560	3371	141.2
1196	17	1	2.0	elu	20	40	0.00214	1.02	7.49	4.28	9619	500	57.31	34.96	True	491	248.2	8.452
1197	19	1	2.0	elu	20	40	0.001483	2.17	7.92	4.68	9983	1000	31.09	34.81	True	231	140.6	9.112
1198	24	1	2.0	elu	20	40	0.0009979	1.71	6.02	4.99	5416	500	1.148e+04	1071	True	1003	439.5	31.22
1199	23	1	2.0	elu	20	40	0.001368	2.06	5.72	4.36	9379	500	27.51	47.13	True	381.9	178.5	9.374
1200	23	1	2.0	elu	20	40	0.001188	1.23	7.85	4.37	8900	500	3458	202	True	469.2	252.1	8.837
1201	28	1	2.0	elu	20	40	0.001834	2.35	9.91	4.35	8692	500	17.69	16.89	True	279.5	151.4	16.34
1202	27	1	2.0	elu	20	40	0.001589	3.39	9.91	4.46	8626	500	16.7	16.39	True	162.9	126.1	9.24
1203	23	1	2.0	elu	20	40	0.0012	1.42	17.7	4.48	9259	1500	4226	810.4	True	1156	318.9	9.774
1204	30	1	2.0	elu	20	40	0.001682	3.05	8.18	3.73	8425	500	17.77	16.62	True	150.8	119.3	9.698
1205	31	1	2.0	elu	120	40	0.001676	1.85	16.8	4.55	7636	500	11.88	12.06	True	576.3	524.1	26.9
1206	31	1	2.0	elu	20	40	0.001333	2.53	9	4.62	8412	3000	11.28	10.3	True	350.3	294.9	14.38
1207	13	1	2.0	elu	20	40	0.002434	1.24	8.26	4.02	9851	500	27.85	28.21	True	455.6	179.7	9.58
1208	26	1	2.0	elu	20	40	0.0009239	1.4	7.6	4.68	6369	500	18.31	12.04	True	279.2	176.6	9.121
1209	20	1	2.0	elu	20	40	0.002171	1.23	7.85	3.23	8433	500	17.62	10.35	True	219	154.5	12.23
1210	16	1	2.0	elu	20	40	0.002353	1.55	8.2	4.73	9560	500	12.96	11.94	True	171.7	133.6	7.699
1211	16	1	2.0	elu	20	40	0.002655	1.11	9.06	3.77	9181	500	883	276.5	True	821.9	370.6	9.311
1212	17	1	2.0	elu	20	40	0.00229	1.33	9.03	4.18	8470	500	21.8	13.09	True	185.7	135.9	8.498
1213	24	1	1.0	elu	20	40	0.001116	1.39	13	4.45	9108	500	36.56	22.44	True	434.2	265	15.55
1214	21	1	2.0	elu	20	40	0.002283	1.05	8.18	4.18	8804	3000	15.92	14.05	True	174.6	143.8	8.791
1215	26	1	2.0	elu	20	40	0.001407	2.62	10.2	4.83	7512	500	32.72	14.25	True	469.8	239.1	22.03
1216	27	1	2.0	elu	20	40	0.001364	2.5	8.2	3.91	8957	500	20.05	13.08	True	154.9	123.2	11
1217	16	1	2.0	elu	20	40	0.002193	1.2	6.99	3.27	9249	500	11.94	9.807	True	818	431.2	32.93
1218	20	1	2.0	elu	20	40	0.001233	1.82	10.8	3.36	9398	1000	85.58	50.77	True	869.7	333.8	12.78
1219	27	1	2.0	elu	120	40	0.001513	3.02	11.4	4.41	7630	500	12.01	11.7	True	1750	1564	105.7
1220	19	1	2.0	elu	20	40	0.001781	1.93	8.24	4.21	9259	500	4804	161.2	True	497	290.3	9.736
1221	22	1	2.0	elu	20	40	0.002127	2.01	10.4	4.95	9431	500	12.29	10.82	True	614	308.1	28.02
1222	20	1	2.0	elu	20	40	0.001763	1.82	8.42	4.07	9859	1000	6234	1019	True	330.1	150.6	7.655
1223	15	1	2.0	elu	20	40	0.002046	1.29	7.56	4.5	9923	500	11.72	11.69	True	146	114.8	9.313
1224	27	1	2.0	elu	20	40	0.001538	1.75	11.6	4.15	6925	500	17.67	9.897	True	179.3	121	7.933
1225	32	1	2.0	elu	20	40	0.001412	3	10.4	4.22	7806	1000	20.63	13.13	True	204.7	137.3	9.269
1226	25	1	2.0	elu	20	40	0.001477	2.13	11.8	4.72	6982	500	16.4	10.88	True	147.8	121.2	8.085
1227	24	1	2.0	elu	20	40	0.001331	2.75	9.38	4.11	9610	500	2.148e+04	2013	True	1126	419.2	22.79
1228	23	1	2.0	elu	20	40	0.00103	1.31	19.4	4.86	8527	500	13.72	11.34	True	258.3	218.4	10.39
1229	19	1	2.0	elu	20	40	0.00228	2.28	10.8	4.86	9192	500	39.06	38.47	True	816.1	531.6	14.59
1230	19	1	2.0	elu	20	40	0.001498	2.16	8.91	3.59	9119	1000	37.07	25.45	True	623.2	382.2	16.42
1231	20	1	2.0	elu	20	40	0.001465	2.29	8.28	4.94	9206	1000	17.65	11.8	True	512.1	254	9.452
1232	22	1	2.0	elu	20	40	0.001502	2.48	7.83	4.66	8724	500	14.24	10.42	True	169.1	146.1	10.42
1234	24	1	2.0	elu	20	40	0.001503	1.59	13.3	4.67	7429	500	17.51	14.61	True	265.2	173.3	8.116
1233	31	1	2.0	elu	20	40	0.001619	2.02	14.9	4.55	6600	500	109.4	63.3	True	677.4	292.8	10.25
1236	20	1	2.0	elu	20	40	0.001595	2.12	7.33	4.17	9277	500	13.73	14.35	True	215.2	175.3	9.187
1235	25	1	2.0	elu	20	40	0.001433	2.9	7.54	4.19	9409	500	8998	2320	True	210.5	154.7	8.764
1238	22	1	2.0	elu	20	40	0.001645	2.66	5.98	3.46	9230	500	13.3	10.08	True	376.8	191.5	45.58
1237	22	1	2.0	elu	20	40	0.001333	2.84	7.87	4.13	8786	500	12.44	12.2	True	220	184.2	11.49
1239	21	1	2.0	elu	20	40	0.001273	2.04	8.26	3.18	8922	1000	10.91	13.58	True	177	132	9.55
1240	27	1	2.0	elu	20	40	0.0014	2.27	10.2	3.88	8268	500	15.12	17.1	True	134.7	105.4	9.26
1241	26	1	2.0	elu	20	40	0.001711	2.65	11	4.58	7351	2000	2.451e+04	3499	True	1121	668.9	10.64
1242	27	1	2.0	elu	20	40	0.001436	1.92	19.1	4.57	7227	500	17.18	10.33	True	165.6	142.3	7.735
1243	28	1	2.0	elu	20	40	0.001342	2.33	9.54	3.65	8030	500	10.24	9.35	True	140.8	112.6	9.005
1244	28	1	2.0	elu	20	40	0.001638	2.21	12.1	4.62	8458	500	3.107e+06	1.363e+05	True	353.7	185.3	8.598
1245	14	1	2.0	elu	20	40	0.002404	1.05	7.3	3.82	9719	500	14.19	14.1	True	153.5	122.2	10.07
1246	26	1	2.0	elu	20	40	0.001278	2.18	10.2	3.85	8905	500	11.11	10.58	True	168.8	146.4	8.119
1247	20	1	2.0	elu	20	40	0.0014	2.61	7.89	3.82	9721	500	22.97	13.27	True	683.7	275.8	63.38
1248	27	1	2.0	elu	20	40	0.001658	2.5	9.43	3.52	7692	500	10.35	12.22	True	147.7	119.2	8.891
1249	27	1	2.0	elu	20	40	0.001487	2.49	10.3	3.15	8412	500	29.1	13.57	True	285.1	214.4	10.43
1250	27	1	2.0	elu	20	40	0.001237	2.01	7.25	4.56	7031	500	3443	743.9	True	535	306.9	13.48
1251	19	1	2.0	gelu	20	40	0.001736	2.65	8.75	3.75	9664	500	19.26	12.09	True	452.2	285.3	19.6
1253	17	1	2.0	elu	20	40	0.002249	1.25	5.78	3.67	9658	500	28.36	14.86	True	1455	582.4	9.576
1252	25	1	2.0	elu	20	40	0.002079	1.96	11.4	4.72	6775	500	13.26	12.24	True	192.6	158.8	9.143
1254	26	1	2.0	elu	20	40	0.001338	2.04	9.21	3.03	8408	500	15.56	10.38	True	579.1	328.3	8.873
1255	27	1	2.0	elu	20	40	0.00137	2.45	11.2	4.26	8609	500	1.574e+08	3.831e+05	True	389	138.6	8.72
1256	22	1	2.0	elu	20	40	0.001163	1.42	8.72	3.75	8703	500	16.73	10.34	True	183.7	122.4	8.971
1257	26	1	2.0	elu	20	40	0.001303	1.83	9.17	4.04	8386	500	17.11	18.43	True	307.8	217.1	9.786
1258	31	1	2.0	elu	20	40	0.001316	2.33	9.98	3.24	7513	500	7112	292.9	True	564.3	307.8	17.23
1259	28	1	0.5	elu	20	40	0.001243	2.43	8.64	3.92	7904	500	15.91	16.52	True	195.3	162.2	12.35
1260	29	1	2.0	gelu	20	40	0.001536	2.16	10.6	3.62	8056	500	31.14	26.37	True	612.4	296.4	11.66
1261	26	1	2.0	elu	20	40	0.001769	1.99	12.9	4.54	6491	500	30.04	31.28	True	1695	956	28.88
1262	25	1	2.0	elu	20	40	0.001341	1.97	11.4	3.5	7825	500	15.39	14.45	True	432.3	233.7	13.1
1263	22	1	2.0	elu	20	40	0.001401	2.32	10.5	3.03	9069	1000	359.4	228	True	253.9	151.6	9.477
1265	19	1	2.0	elu	20	40	0.00142	2.02	9.24	4.32	9099	1000	35.96	23.21	True	228.4	130.8	10.01
1264	29	1	2.0	elu	20	40	0.001336	2.33	9.13	3.38	8256	500	2.832e+05	1.52e+04	True	1020	424.7	15.69
1267	25	1	2.0	elu	20	40	0.001073	1.68	8.75	3.98	6097	500	20.32	13.01	True	652.4	405.6	44.12
1266	30	1	2.0	elu	20	40	0.001395	3.04	9.63	3.7	8230	500	49.9	43.04	True	357.5	189.5	33.45
1269	22	1	2.0	elu	20	40	0.001625	3.28	7.85	3.95	8873	500	20.29	30.97	True	411.5	250	9.622
1268	28	1	2.0	elu	20	40	0.001231	2.24	9.46	4.31	7402	500	17.86	11.88	True	267.2	198.9	16.34
1270	19	1	2.0	elu	20	40	0.001487	1.83	7.77	3.96	9231	1000	17.4	15.6	True	1203	524.7	10.83
1271	25	1	2.0	elu	20	40	0.001489	2.11	10.7	3.84	9095	1500	15.75	17.48	True	182.4	132.1	9.813
1272	27	1	2.0	elu	20	40	0.001906	1.8	17.1	3.99	7581	500	16.45	15.23	True	479.2	226.2	10.4
1273	26	1	2.0	elu	20	40	0.001177	2.08	11.9	4.02	8512	500	20.9	12	True	520.5	336.3	17.45
1274	21	1	2.0	elu	20	40	0.001534	2.16	10.6	3.75	9303	1000	39.22	39.67	True	259.5	144.4	9.285
1275	25	1	2.0	elu	20	40	0.0008365	1.88	7.47	4.67	7790	500	11.09	9.213	True	175.8	155.9	9.272
1276	24	1	2.0	elu	40	40	0.001066	1.68	6.06	3.89	5128	500	11.36	11.29	True	375	330.2	13.81
1277	30	1	2.0	elu	20	40	0.001342	2.26	10.1	4.12	8631	500	15.67	13.08	True	824.6	426.6	66.47
1278	28	1	2.0	elu	120	40	0.001483	2.02	9.93	3.81	8884	500	11.31	10.82	True	741.9	679.1	39.35
1279	24	1	2.0	elu	20	40	0.001059	1.38	6.51	3.94	5520	3000	37.05	13.66	True	507.9	249.1	10.57
1280	26	1	2.0	elu	20	40	0.001471	2.27	8.73	3.75	8366	500	13.55	9.901	True	144.1	121.4	8.578
1281	20	1	2.0	elu	20	40	0.001428	2.02	8.07	2.89	9531	1000	29.13	31.86	True	1013	621.9	18.17
1282	28	1	2.0	elu	20	40	0.001401	2.46	9.32	3.9	7196	500	1727	455.1	True	477.2	242	8.661
1283	26	1	2.0	elu	20	40	0.001433	3.03	6.79	3.89	8462	500	32.69	87.86	True	565.7	250.1	10.03
1285	19	1	2.0	elu	20	40	0.001787	1.99	7.61	3.19	9720	500	22.8	13.05	True	159.7	127.5	8.544
1284	26	1	2.0	elu	20	40	0.001159	1.52	7.04	4.9	5065	500	18.66	11.26	True	216.3	151.3	10.07
1286	19	1	2.0	elu	20	40	0.001935	2.35	8.58	3.93	9902	1000	169.8	112	True	516.2	295.8	8.836
1287	25	1	2.0	elu	20	40	0.001027	1.6	8.07	4.51	7446	500	38	15.57	True	445.8	209.6	9.977
1288	28	1	2.0	elu	20	40	0.001627	2.13	7.77	3.81	8327	500	11.32	11.7	True	168.9	134	9.085
1289	19	1	0.5	elu	20	40	0.002165	1.18	7.15	4.97	9335	500	24.73	14.73	True	201.2	134	9.256
1291	29	1	2.0	elu	20	40	0.001761	1.85	19.9	4.64	6854	500	19.69	20.28	True	151.8	113.2	8.142
1290	31	1	2.0	elu	20	40	0.001302	2.74	10.3	4.25	8545	500	14.04	12.95	True	181	124.8	8.635
1292	27	1	2.0	elu	20	40	0.001237	2.19	11.2	3.42	7786	500	30.29	24.73	True	158.2	117.4	10.57
1293	27	1	2.0	elu	20	40	0.001352	2.37	10.3	3.61	8333	500	20.81	20.16	True	197.5	153.2	9.622
1295	24	1	2.0	elu	20	40	0.001037	1.62	16.5	3.59	8854	500	29.17	17.17	True	302.7	212	12.75
1294	32	1	2.0	elu	20	40	0.001234	1.99	8.39	3.7	7950	500	5.925e+06	1.589e+05	True	313.7	207.8	10.01
1296	21	1	2.0	elu	20	40	0.001421	1.96	8.09	4.23	9940	1000	19.78	13.79	True	231.5	149.9	10.1
1297	25	1	2.0	elu	20	40	0.001171	1.26	6.66	4.72	6017	500	1.96e+06	1.562e+05	True	314.9	193.5	8.986
1298	28	1	2.0	elu	80	40	0.00151	2.51	8.43	3.96	8271	500	11.36	11.8	True	959.2	875.5	44.62
1299	22	1	2.0	elu	20	40	0.001576	1.73	6.33	3.8	9235	500	12.27	10.31	True	1145	672	110.7
1301	19	1	2.0	elu	20	40	0.001556	1.81	6.88	4.62	9552	1000	15.56	11.95	True	201.9	131.8	8.781
1300	27	1	2.0	elu	20	40	0.001862	1.66	10.5	4.69	6489	500	18.32	19.99	True	183.2	136.7	8.149
1302	22	1	2.0	elu	20	40	0.001681	1.83	11	3.79	9916	1000	22.26	23.37	True	246.5	185.4	8.659
1303	28	1	2.0	elu	20	40	0.001435	1.69	8.71	4.98	7312	1000	11.81	11.93	True	166.4	119.5	9.326
1304	21	1	2.0	elu	20	40	0.002167	1.48	6.81	4.93	9772	500	220.8	187.9	True	493.9	199.6	8.457
1305	16	1	2.0	elu	20	40	0.002846	1.07	7.34	4.1	9425	500	12.37	14.5	True	163.2	139.1	7.631
1306	20	1	2.0	relu	20	40	0.001607	1.85	8.9	3.4	9663	1000	215.7	66.01	True	1477	464.7	8.273
1307	27	1	2.0	elu	20	40	0.0017	1.73	16.7	4.68	8215	500	31.77	27.9	True	673.7	386	9.022
1308	20	1	2.0	elu	20	40	0.002374	1.4	6.88	4.59	8171	500	18.84	16.51	True	268.8	151.1	9.944
1309	26	1	2.0	elu	20	40	0.0007897	1.69	9.2	4.84	6336	500	13.31	8.239	True	187.1	147	10.66
1310	20	1	2.0	elu	20	40	0.001549	2.63	11.8	3.3	9355	1000	38.59	34.98	True	200.7	134.7	9.455
1311	27	1	2.0	elu	20	40	0.001641	2.42	16.6	4.66	8158	500	86.96	92.64	True	253.8	149.6	8.817
1312	24	1	2.0	elu	20	40	0.001284	2.34	10.8	3.8	7727	500	14.64	12	True	1183	641.5	99.24
1313	26	1	2.0	gelu	20	40	0.00123	2.18	8.94	3.45	7817	500	54.61	37.56	True	272.7	143.8	8.977
1314	21	1	2.0	elu	80	40	0.001735	1.91	7.71	4.54	9491	1000	11.22	11.75	True	278.6	248.1	13.38
1315	27	1	2.0	elu	20	40	0.001714	1.92	13.2	4.79	7166	1000	32.58	35.47	True	281.6	175.1	9.01
1316	23	1	2.0	elu	20	40	0.001896	3.04	7.12	3.55	9110	500	103.1	64.3	True	217	124.7	9.488
1317	26	1	2.0	elu	20	160	0.001428	2.03	9.78	4.14	8077	500	12.12	12.83	True	383.1	314.8	14.88
1318	28	1	2.0	elu	20	40	0.001446	2.61	8.41	3.35	7834	500	16.22	12.34	True	843.2	362.9	31.52
1319	22	1	2.0	gelu	20	40	0.00151	2.17	8.37	3.61	9743	1000	21.28	17.02	True	478.3	232	11.51
1320	22	1	2.0	elu	20	40	0.00103	1.48	18.3	4.93	9687	500	16.01	10.03	True	245.2	170.3	8.889
1322	17	1	2.0	elu	20	40	0.002534	1.3	7.7	3.42	8642	500	16.07	15.86	True	193.2	135.2	8.639
1321	25	1	2.0	elu	20	40	0.001366	2.33	9.91	4.55	6834	500	14.3	12.74	True	150.8	124.1	9.853
1324	24	1	2.0	elu	20	40	0.00201	1.56	8.07	4.92	6581	500	2.199e+04	137.5	True	579.6	242.9	9.715
1323	27	1	2.0	elu	20	40	0.001414	1.99	9.48	3.36	7653	500	18.03	18.66	True	148.9	115.6	8.33
1326	26	1	2.0	elu	20	40	0.001302	2.67	8.37	3.82	7511	500	14.97	14.12	True	205.3	138.8	8.072
1325	30	1	2.0	elu	20	40	0.001268	2.11	11.8	3.81	7176	500	885.8	285.6	True	1101	318.7	9.737
1327	30	1	2.0	elu	20	40	0.001188	2.12	7.99	3.4	7456	500	2.945e+05	1.414e+04	True	258	139.8	9.685
1328	30	1	2.0	elu	20	40	0.001156	3.37	10.6	4.28	7872	500	20.24	15.07	True	1057	400.8	9.956
1329	21	1	2.0	elu	20	40	0.002227	2.19	8.65	4.47	9335	500	27.25	17.77	True	195.9	144.7	8.664
1330	22	1	2.0	elu	20	40	0.001031	1.66	7.45	4.48	5207	500	85.11	51.14	True	377.2	203.2	9.231
1332	19	1	2.0	elu	20	40	0.001301	2.22	9.6	3.43	9737	1500	74.98	51.14	True	325.8	167.5	10.23
1331	26	1	2.0	elu	20	40	0.001591	2.22	11	3.6	7888	500	14.82	11	True	649.4	296.9	25.43
1334	17	1	2.0	gelu	20	40	0.002073	1.38	7.72	3.89	8791	500	46.83	30.42	True	887.6	501.4	40.77
1333	23	1	2.0	elu	20	40	0.00174	2.15	5.58	3.88	9026	2000	31.69	32.91	True	208.8	138.4	9.025
1336	19	1	2.0	elu	20	40	0.001359	1.88	9.12	3.81	7747	500	52.53	30.99	True	646	294.9	10.59
1335	32	1	2.0	elu	20	40	0.001212	2.79	9.2	4.46	8002	500	16.49	16.72	True	142.1	111.4	8.681
1337	17	1	2.0	elu	20	40	0.002479	1.39	6.72	4.34	9283	500	3.422e+05	2.96e+04	True	251	121.8	9.061
1338	21	1	2.0	elu	20	160	0.002198	1.35	7.97	4.21	9883	500	12.18	9.127	True	174.8	155.4	10.56
1339	28	1	2.0	elu	20	40	0.001357	1.92	12.5	3.87	8134	500	10.65	11	True	227.7	180.3	9.259
1340	19	1	2.0	elu	20	40	0.002534	1.01	7.72	3.84	8581	500	17.17	11.66	True	154.4	119.9	8.076
1341	20	1	2.0	elu	20	40	0.001391	1.53	8.03	3.91	7950	500	19.42	12.23	True	759.7	428.8	34.79
1342	29	1	2.0	gelu	20	40	0.001322	2.14	9.95	4.16	8013	500	22.05	23.42	True	217.1	138.8	9.894
1343	21	1	2.0	elu	20	40	0.001957	1.32	7.05	3.35	9667	500	1.061e+08	3.512e+06	True	1127	418.1	8.962
1344	30	1	2.0	elu	20	40	0.001572	2.28	9.43	3.44	7456	500	15.64	14.7	True	142.5	116.1	9.21
1345	23	1	2.0	elu	20	40	0.002208	1.35	8.09	3.7	9474	500	1116	563.8	True	532.3	204.9	9.333
1347	16	1	2.0	elu	20	40	0.002811	1.34	7.41	3.74	9353	500	13.26	8.944	True	236.7	156.4	9.516
1346	24	1	2.0	elu	20	40	0.0009979	1.17	6.14	4.05	6237	500	65.59	41.48	True	320.8	194.7	11.24
1348	18	1	2.0	elu	20	40	0.002354	1.08	5.87	4.34	9339	500	91.98	30.54	True	746.5	353.9	13.46
1349	24	1	2.0	elu	20	40	0.001214	2.1	6.78	4.38	6358	4000	51.17	41.05	True	317.2	164.3	8.645
1350	17	1	2.0	elu	20	40	0.002279	1.75	7.57	4.14	9199	500	9.067e+06	1.052e+05	True	182.9	144.1	9.77
1351	19	1	2.0	elu	20	40	0.001699	2.35	11.3	4.14	9924	500	15.06	15.46	True	279.9	219.1	11.77
1352	19	1	2.0	elu	20	40	0.002149	1.33	10.1	4.18	8774	500	116.5	28.37	True	1564	461.6	67.02
1353	23	1	2.0	gelu	20	40	0.001058	1.4	8.17	4.36	9111	500	14.41	9.831	True	215.7	154.5	9.857
1354	25	1	2.0	elu	20	40	0.001036	1.64	10.2	4.66	9368	500	431.5	201.7	True	1157	493.7	11.44
1356	22	1	2.0	elu	20	40	0.001822	2.37	6.9	4.94	9240	500	17.49	10.66	True	181.3	132.5	9.221
1355	29	1	2.0	elu	20	40	0.001467	2.46	9.33	3.66	8857	500	21.67	13.59	True	734.6	360	10.13
1357	26	1	2.0	elu	20	40	0.001797	2.86	7	3.6	9222	500	11.65	11.9	True	154.8	123.9	8.534
1358	25	1	2.0	elu	20	40	0.001386	2.69	9.91	3.88	8594	500	389.3	214.5	True	317.2	214.7	10.41
1360	25	1	2.0	elu	20	40	0.001465	2.44	11.7	3.6	8820	500	24.17	15.33	True	420.3	257	11.55
1359	23	1	2.0	elu	20	40	0.001476	2.4	6.62	4.45	9141	4000	16.09	12.72	True	700.4	338.1	9.169
1362	22	1	2.0	elu	20	40	0.0009396	1.13	15.1	4.39	8459	500	17.72	16.65	True	240.4	164.6	7.971
1361	21	1	2.0	elu	20	40	0.002422	1.11	7.8	3.62	8137	3000	1375	2194	True	346.2	184.2	8.272
1364	20	1	0.5	elu	20	40	0.001569	2.18	8.1	3.99	9867	500	28.29	26.24	True	251.2	197.4	9.056
1363	27	1	2.0	elu	20	160	0.001382	2.67	12.5	3.76	8170	500	12.56	12.58	True	245.1	212.7	11.57
1365	20	1	2.0	elu	20	40	0.001705	2.59	7.62	2.77	9737	500	22.86	15.6	True	542.8	349.2	37.81
1366	31	1	2.0	elu	20	40	0.001029	2.26	9.83	3.67	8597	500	13.9	9.85	True	190.1	153.8	8.918
1367	29	1	2.0	elu	80	40	0.001319	2.51	10.6	4.6	8705	500	11.35	10.34	True	239.4	214.5	14.66
1368	21	1	1.0	elu	20	40	0.001512	2.01	9.93	3.21	9489	1000	21.88	11.55	True	526.4	310.9	17.25
1369	20	1	2.0	elu	20	40	0.002171	1.41	10.4	3.25	9683	500	13.15	12.43	True	260	184.1	9.799
1370	26	1	2.0	elu	20	40	0.0009148	1.85	7.61	4.51	6001	1500	1.361e+08	7.223e+05	True	747.6	328.7	9.384
1371	24	1	2.0	elu	20	40	0.0009235	1.35	11.3	4.32	9493	500	11.22	11.54	True	162.5	111.8	8.944
